label,latitude,longitude,altitude,heading_deg,x,y,z,q1,q2,q3,q4,right_is_open,left_is_open,line_is_stop,signal_is_stop,isnot_skipnum,node
0,36.082955,140.0763925,0,124.054633,27949.090863,44601.043346,-221.483817,0.000000000,0.000000000,-0.292827602,0.956165255,0,0,0,0,1,-1
1,36.0829296,140.076439,0,112.615682,27953.288009,44598.238263,-221.482510,0.000000000,0.000000000,-0.196080341,0.980587834,0,0,0,0,1,-1
2,36.0829094,140.07649899999998,0,13.141451,27958.699233,44596.014002,-221.490598,0.000000000,0.000000000,0.621548117,0.783375988,0,0,0,0,1,-1
3,36.0829139,140.0765003,0,250.287623,27958.814728,44596.513680,-221.494609,0.000000000,0.000000000,-0.985240505,0.171175781,0,0,0,0,1,-1
4,36.0829053,140.0764706,0,151.632310,27956.142757,44595.550995,-221.476157,0.000000000,0.000000000,-0.512285035,0.858815488,0,0,0,0,1,-1
5,36.0828601,140.0765008,0,106.360743,27958.878810,44590.544322,-221.453016,0.000000000,0.000000000,-0.142289846,0.989825035,0,0,0,0,1,-1
6,36.082848,140.0765518,0,97.378282,27963.476561,44589.216256,-221.463834,0.000000000,0.000000000,-0.064343177,0.997927831,0,0,0,0,1,-1
7,36.082843499999996,140.07659479999998,0,78.180766,27967.351077,44588.729190,-221.477387,0.000000000,0.000000000,0.102959495,0.994685550,0,0,0,0,1,-1
8,36.0828527,140.0766492,0,82.800809,27972.247516,44589.765487,-221.506104,0.000000000,0.000000000,0.062783474,0.998027172,0,0,0,0,1,-1
9,36.0828576,140.07669719999998,0,94.385782,27976.569042,44590.322847,-221.528946,0.000000000,0.000000000,-0.038263825,0.999267672,0,0,0,0,1,-1
10,36.0828546,140.07674559999998,0,88.759501,27980.929394,44590.003761,-221.545814,0.000000000,0.000000000,0.010825185,0.999941406,0,0,0,0,1,-1
11,36.0828553,140.0767856,0,100.657995,27984.531864,44590.092825,-221.562226,0.000000000,0.000000000,-0.092874514,0.995677822,0,0,0,0,1,-1
12,36.0828473,140.0768382,0,79.174028,27989.272274,44589.220154,-221.576882,0.000000000,0.000000000,0.094333953,0.995540610,0,0,0,0,1,-1
13,36.0828541,140.0768822,0,92.019505,27993.232853,44589.987201,-221.599624,0.000000000,0.000000000,-0.017622593,0.999844710,0,0,0,0,1,-1
14,36.082853,140.07692079999998,0,52.492269,27996.709866,44589.876149,-221.614089,0.000000000,0.000000000,0.321503350,0.946908441,0,0,0,0,1,-1
15,36.0828695,140.0769474,0,18.336456,27999.099824,44591.714525,-221.637463,0.000000000,0.000000000,0.585407341,0.810739320,0,0,0,0,1,-1
16,36.082901199999995,140.0769604,0,351.811524,28000.259467,44595.235575,-221.667247,0.000000000,0.000000000,-0.755787621,-0.654816823,0,0,0,0,1,-1
17,36.0829495,140.0769518,0,1.562032,27999.467757,44600.592359,-221.701355,0.000000000,0.000000000,0.697402601,0.716679574,0,0,0,0,1,-1
18,36.082982099999995,140.07695289999998,0,355.270946,27999.555273,44604.209879,-221.727120,0.000000000,0.000000000,-0.735677878,-0.677331573,0,0,0,0,1,-1
19,36.0830202,140.07694899999998,0,348.815427,27999.190499,44608.436239,-221.755175,0.000000000,0.000000000,-0.772648115,-0.634834537,0,0,0,0,1,-1
20,36.0830717,140.0769364,0,1.658201,27998.037386,44614.146946,-221.790194,0.000000000,0.000000000,0.696800894,0.717264605,0,0,0,0,1,-1
21,36.0831052,140.07693759999998,0,359.380982,27998.133590,44617.864356,-221.816705,0.000000000,0.000000000,-0.710916202,-0.703276726,0,0,0,0,1,-1
22,36.083142599999995,140.07693709999998,0,342.242024,27998.075295,44622.014015,-221.845576,0.000000000,0.000000000,-0.807773754,-0.589492631,0,0,0,0,1,-1
23,36.0831802,140.07692219999998,0,7.511578,27996.719957,44626.181761,-221.868888,0.000000000,0.000000000,0.659269848,0.751906422,0,0,0,0,1,-1
24,36.0832182,140.07692839999999,0,10.843701,27997.264903,44630.399904,-221.900890,0.000000000,0.000000000,0.637130098,0.770756277,0,0,0,0,1,-1
25,36.0832625,140.0769389,0,10.821659,27998.194906,44635.318303,-221.939499,0.000000000,0.000000000,0.637278343,0.770633709,0,0,0,0,1,-1
26,36.083295899999996,140.0769468,0,22.848975,27998.894596,44639.026527,-221.968605,0.000000000,0.000000000,0.553035519,0.833157677,0,0,0,0,1,-1
27,36.0833333,140.07696629999998,0,70.337302,28000.637650,44643.181886,-222.005427,0.000000000,0.000000000,0.170748633,0.985314622,0,0,0,0,1,-1
28,36.0833387,140.076985,0,86.340089,28002.319995,44643.786386,-222.017050,0.000000000,0.000000000,0.031933319,0.999490002,0,0,0,0,1,-1
29,36.0833416,140.0770411,0,97.534841,28007.371748,44644.124156,-222.041578,0.000000000,0.000000000,-0.065706520,0.997838992,0,0,0,0,1,-1
30,36.083338499999996,140.0770701,0,123.951532,28009.984802,44643.788457,-222.050683,0.000000000,0.000000000,-0.291967197,0.956428333,0,0,0,0,1,-1
31,36.0833274,140.0770905,0,180.680913,28011.826115,44642.562649,-222.050152,0.000000000,0.000000000,-0.711295963,0.702892633,0,0,0,0,1,-1
32,36.0833138,140.07709029999998,0,125.921327,28011.812926,44641.053573,-222.039497,0.000000000,0.000000000,-0.308363972,0.951268448,0,0,0,0,1,-1
33,36.083300099999995,140.07711369999998,0,60.041501,28013.925364,44639.540132,-222.038137,0.000000000,0.000000000,0.258469204,0.966019498,0,0,0,0,1,-1
34,36.083311,140.0771371,0,96.677567,28016.029075,44640.756239,-222.055906,0.000000000,0.000000000,-0.058239791,0.998302623,0,0,0,0,1,-1
35,36.0833052,140.0771984,0,69.842079,28021.552266,44640.130172,-222.075745,0.000000000,0.000000000,0.175005196,0.984567510,0,0,0,0,1,-1
36,36.083325699999996,140.0772675,0,71.352177,28027.768650,44642.424510,-222.119140,0.000000000,0.000000000,0.162015656,0.986788188,0,0,0,0,1,-1
37,36.0833368,140.0773082,0,309.165711,28031.430454,44643.667749,-222.143945,0.000000000,0.000000000,-0.942157787,-0.335169665,0,0,0,0,1,-1
38,36.0835443,140.076993,0,343.946655,28002.967624,44666.601478,-222.180152,0.000000000,0.000000000,-0.798915582,-0.601443175,0,0,0,0,1,-1
39,36.0836367,140.07696009999998,0,326.821116,27999.971651,44676.844550,-222.238992,0.000000000,0.000000000,-0.879560914,-0.475786295,0,0,0,0,1,-1
40,36.0836786,140.0769262,0,309.055818,27996.903522,44681.483997,-222.258146,0.000000000,0.000000000,-0.942478781,-0.334265984,0,0,0,0,1,-1
41,36.0836866,140.076914,0,304.085961,27995.801868,44682.368178,-222.259530,0.000000000,0.000000000,-0.956085164,-0.293088996,0,0,0,0,1,-1
42,36.0836936,140.07690119999998,0,287.189237,27994.646529,44683.141231,-222.259898,0.000000000,0.000000000,-0.988770422,-0.149442474,0,0,0,0,1,-1
43,36.0837034,140.076862,0,277.053826,27991.112429,44684.217441,-222.251970,0.000000000,0.000000000,-0.998106013,-0.061517377,0,0,0,0,1,-1
44,36.0837036,140.07685999999998,0,296.117962,27990.932224,44684.239063,-222.251332,0.000000000,0.000000000,-0.974137981,-0.225953964,0,0,0,0,1,-1
45,36.083705699999996,140.07685469999998,0,256.783206,27990.454125,44684.470563,-222.250863,0.000000000,0.000000000,-0.993355910,0.115082733,0,0,0,0,1,-1
46,36.083698999999996,140.0768194,0,294.111570,27987.277135,44683.717091,-222.231641,0.000000000,0.000000000,-0.977944708,-0.208863948,0,0,0,0,1,-1
47,36.0837024,140.07681,0,290.410819,27986.429300,44684.091667,-222.230558,0.000000000,0.000000000,-0.984178884,-0.177177661,0,0,0,0,1,-1
48,36.0837107,140.07678239999998,0,278.187625,27983.940510,44685.004750,-222.226068,0.000000000,0.000000000,-0.997448498,-0.071389728,0,0,0,0,1,-1
49,36.083711199999996,140.07677809999998,0,278.301889,27983.553044,44685.059003,-222.224752,0.000000000,0.000000000,-0.997376817,-0.072384290,0,0,0,0,1,-1
50,36.0837137,140.0767569,0,320.326854,27981.642739,44685.330357,-222.218287,0.000000000,0.000000000,-0.905098651,-0.425201636,0,0,0,0,1,-1
51,36.0837175,140.076753,0,302.307365,27981.290131,44685.750884,-222.219698,0.000000000,0.000000000,-0.960518906,-0.278214720,0,0,0,0,1,-1
52,36.083733699999996,140.0767213,0,232.282909,27978.429268,44687.539362,-222.219734,0.000000000,0.000000000,-0.946319471,0.323232824,0,0,0,0,1,-1
53,36.0837322,140.0767189,0,281.142017,27978.213639,44687.372243,-222.217614,0.000000000,0.000000000,-0.995276649,-0.097079305,0,0,0,0,1,-1
54,36.0837368,140.07668999999999,0,314.193290,27975.609074,44687.874415,-222.209733,0.000000000,0.000000000,-0.926550659,-0.376170009,0,0,0,0,1,-1
55,36.083737899999996,140.07668859999998,0,314.122849,27975.482591,44687.996069,-222.210034,0.000000000,0.000000000,-0.926781721,-0.375600374,0,0,0,0,1,-1
56,36.0837437,140.0766812,0,240.269315,27974.814041,44688.637514,-222.211614,0.000000000,0.000000000,-0.966531439,0.256548197,0,0,0,0,1,-1
57,36.0837419,140.0766773,0,256.099923,27974.463417,44688.436680,-222.208666,0.000000000,0.000000000,-0.992652043,0.121003804,0,0,0,0,1,-1
58,36.0837332,140.0766338,0,303.386524,27970.548587,44687.458965,-222.184643,0.000000000,0.000000000,-0.957856282,-0.287247878,0,0,0,0,1,-1
59,36.0837381,140.0766246,0,281.483505,27969.718235,44688.000036,-222.184809,0.000000000,0.000000000,-0.994982930,-0.100044839,0,0,0,0,1,-1
60,36.0837392,140.0766179,0,267.048579,27969.114397,44688.120181,-222.183009,0.000000000,0.000000000,-0.999668332,0.025753159,0,0,0,0,1,-1
61,36.083739099999995,140.0766155,0,280.085938,27968.898272,44688.108402,-222.181980,0.000000000,0.000000000,-0.996129055,-0.087902815,0,0,0,0,1,-1
62,36.0837414,140.0765995,0,263.198709,27967.456386,44688.359048,-222.177426,0.000000000,0.000000000,-0.998239160,0.059317620,0,0,0,0,1,-1
63,36.0837374,140.076558,0,296.711660,27963.720024,44687.903405,-222.157859,0.000000000,0.000000000,-0.972954246,-0.230997910,0,0,0,0,1,-1
64,36.0837435,140.076543,0,246.319369,27962.366860,44688.575974,-222.156661,0.000000000,0.000000000,-0.978723255,0.205184770,0,0,0,0,1,-1
65,36.0837407,140.0765351,0,234.009467,27961.656322,44688.263045,-222.151350,0.000000000,0.000000000,-0.951082043,0.308938422,0,0,0,0,1,-1
66,36.083738,140.0765305,0,272.330860,27961.242971,44687.962151,-222.147424,0.000000000,0.000000000,-0.999793137,-0.020339188,0,0,0,0,1,-1
67,36.0837395,140.0764849,0,280.839015,27957.135387,44688.115608,-222.130518,0.000000000,0.000000000,-0.995529866,-0.094447267,0,0,0,0,1,-1
68,36.0837462,140.07644159999998,0,264.224272,27953.233116,44688.846699,-222.118573,0.000000000,0.000000000,-0.998730051,0.050381397,0,0,0,0,1,-1
69,36.0837432,140.0764049,0,251.402874,27949.928721,44688.503384,-222.101694,0.000000000,0.000000000,-0.986859769,0.161579070,0,0,0,0,1,-1
70,36.0837401,140.0763935,0,302.432410,27948.903055,44688.156173,-222.094764,0.000000000,0.000000000,-0.960214740,-0.279262695,0,0,0,0,1,-1
71,36.083742,140.0763898,0,331.685487,27948.569135,44688.365939,-222.094777,0.000000000,0.000000000,-0.858577666,-0.512683519,0,0,0,0,1,-1
72,36.0837498,140.07638459999998,0,324.859105,27948.098026,44689.229926,-222.098789,0.000000000,0.000000000,-0.887577901,-0.460657648,0,0,0,0,1,-1
73,36.0837529,140.0763819,0,319.041354,27947.853748,44689.573125,-222.100132,0.000000000,0.000000000,-0.909811556,-0.415021604,0,0,0,0,1,-1
74,36.083755599999996,140.076379,0,322.537668,27947.591599,44689.871885,-222.101085,0.000000000,0.000000000,-0.896727306,-0.442583482,0,0,0,0,1,-1
75,36.0837942,140.0763424,0,289.470459,27944.281489,44694.144423,-222.116635,0.000000000,0.000000000,-0.985599684,-0.169095428,0,0,0,0,1,-1
76,36.0838,140.0763221,0,346.779297,27942.451079,44694.782200,-222.113108,0.000000000,0.000000000,-0.783805666,-0.621006182,0,0,0,0,1,-1
77,36.0838258,140.0763146,0,340.183223,27941.766448,44697.642764,-222.130225,0.000000000,0.000000000,-0.818233893,-0.574885463,0,0,0,0,1,-1
78,36.0838794,140.0762907,0,298.503955,27939.594885,44703.583275,-222.162493,0.000000000,0.000000000,-0.969222413,-0.246186745,0,0,0,0,1,-1
79,36.0838995,140.0762449,0,265.577742,27935.462715,44705.800490,-222.160006,0.000000000,0.000000000,-0.999255441,0.038581903,0,0,0,0,1,-1
80,36.0838993,140.0762417,0,265.577742,27935.174572,44705.777389,-222.158583,0.000000000,0.000000000,-0.999255441,0.038581903,0,0,0,0,1,-1
81,36.0838993,140.0762417,0,258.863337,27935.174572,44705.777389,-222.158583,0.000000000,0.000000000,-0.995281184,0.097032803,0,0,0,0,1,-1
82,36.0838986,140.0762373,0,265.204657,27934.778526,44705.698467,-222.156295,0.000000000,0.000000000,-0.999124531,0.041835049,0,0,0,0,1,-1
83,36.083897799999995,140.0762255,0,306.847989,27933.716021,44705.606346,-222.150999,0.000000000,0.000000000,-0.948743740,-0.316046382,0,0,0,0,1,-1
84,36.083902099999996,140.0762184,0,298.675696,27933.075026,44706.081443,-222.151536,0.000000000,0.000000000,-0.968852359,-0.247639064,0,0,0,0,1,-1
85,36.0839303,140.0761546,0,322.617501,27927.318793,44709.192297,-222.148235,0.000000000,0.000000000,-0.896418752,-0.443208102,0,0,0,0,1,-1
86,36.0839358,140.0761494,0,334.131584,27926.848501,44709.801084,-222.150460,0.000000000,0.000000000,-0.847439038,-0.530892717,0,0,0,0,1,-1
87,36.0839573,140.0761365,0,104.242208,27925.679037,44712.182998,-222.162097,0.000000000,0.000000000,-0.123966978,0.992286344,0,0,0,0,1,-1
88,36.0839565,140.07614039999999,0,250.312881,27926.030580,44712.095341,-222.163018,0.000000000,0.000000000,-0.985278211,0.170958613,0,0,0,0,1,-1
89,36.0839421,140.0760906,0,263.291571,27921.550350,44710.483399,-222.132089,0.000000000,0.000000000,-0.998286901,0.058508654,0,0,0,0,1,-1
90,36.0839396,140.07606429999998,0,164.923272,27919.182479,44710.198531,-222.119731,0.000000000,0.000000000,-0.608230081,0.793760776,0,0,0,0,1,-1
91,36.0839363,140.0760654,0,140.034067,27919.282719,44709.832685,-222.117597,0.000000000,0.000000000,-0.422887680,0.906182107,0,0,0,0,1,-1
92,36.083922799999996,140.0760794,0,260.803571,27920.548427,44708.338741,-222.112624,0.000000000,0.000000000,-0.996781377,0.080167862,0,0,0,0,1,-1
93,36.0839158,140.0760259,0,248.997493,27915.732330,44707.546835,-222.085998,0.000000000,0.000000000,-0.983250920,0.182257037,0,0,0,0,1,-1
94,36.0839028,140.075984,0,258.565349,27911.963129,44706.092484,-222.059293,0.000000000,0.000000000,-0.995025491,0.099620637,0,0,0,0,1,-1
95,36.0838977,140.07595279999998,0,273.187085,27909.154848,44705.517737,-222.042976,0.000000000,0.000000000,-0.999613256,-0.027808978,0,0,0,0,1,-1
96,36.0838995,140.0759128,0,259.612081,27905.551541,44705.706096,-222.028552,0.000000000,0.000000000,-0.995893948,0.090527587,0,0,0,0,1,-1
97,36.0838991,140.0759101,0,245.755307,27905.308502,44705.660946,-222.027173,0.000000000,0.000000000,-0.977701407,0.209999902,0,0,0,0,1,-1
98,36.0838888,140.0758818,0,260.985765,27902.763252,44704.510047,-222.007957,0.000000000,0.000000000,-0.996907580,0.078582936,0,0,0,0,1,-1
99,36.0838878,140.075874,0,231.096803,27902.061085,44704.396874,-222.004092,0.000000000,0.000000000,-0.942923143,0.333010429,0,0,0,0,1,-1
100,36.0838788,140.0758602,0,192.037380,27900.821343,44703.394339,-221.991625,0.000000000,0.000000000,-0.777351206,0.629066851,0,0,0,0,1,-1
101,36.0838337,140.0758483,0,183.521242,27899.765483,44698.386787,-221.951801,0.000000000,0.000000000,-0.728497971,0.685047959,0,0,0,0,1,-1
102,36.0837943,140.0758453,0,175.766137,27899.509203,44694.014219,-221.919938,0.000000000,0.000000000,-0.680504365,0.732744027,0,0,0,0,1,-1
103,36.083755,140.07584889999998,0,181.714451,27899.847329,44689.654621,-221.890767,0.000000000,0.000000000,-0.717606560,0.696448724,0,0,0,0,1,-1
104,36.0837145,140.0758474,0,182.091907,27899.726538,44685.160426,-221.858648,0.000000000,0.000000000,-0.719896713,0.694081208,0,0,0,0,1,-1
105,36.0836791,140.0758458,0,174.482236,27899.594938,44681.232084,-221.830461,0.000000000,0.000000000,-0.672252051,0.740322349,0,0,0,0,1,-1
106,36.0836448,140.07584989999998,0,183.680824,27899.976332,44677.427415,-221.805388,0.000000000,0.000000000,-0.729451273,0.684032778,0,0,0,0,1,-1
107,36.0836046,140.0758467,0,185.752210,27899.702321,44672.966024,-221.772838,0.000000000,0.000000000,-0.741696177,0.670735999,0,0,0,0,1,-1
108,36.0835693,140.0758423,0,183.303770,27899.318497,44669.047983,-221.743629,0.000000000,0.000000000,-0.727196575,0.686429269,0,0,0,0,1,-1
109,36.0835315,140.0758396,0,185.365551,27899.088671,44664.853032,-221.713150,0.000000000,0.000000000,-0.739428738,0.673234834,0,0,0,0,1,-1
110,36.0834945,140.0758353,0,187.781655,27898.714454,44660.746392,-221.682664,0.000000000,0.000000000,-0.753458143,0.657495876,0,0,0,0,1,-1
111,36.0834602,140.0758295,0,187.955956,27898.204182,44656.938911,-221.653687,0.000000000,0.000000000,-0.754457364,0.656349058,0,0,0,0,1,-1
112,36.0834336,140.0758249,0,181.282450,27897.799270,44653.986141,-221.631176,0.000000000,0.000000000,-0.714975911,0.699149088,0,0,0,0,1,-1
113,36.0833975,140.0758239,0,174.055057,27897.721957,44649.980300,-221.602702,0.000000000,0.000000000,-0.669487583,0.742823247,0,0,0,0,1,-1
114,36.0833618,140.0758285,0,180.136189,27898.148879,44646.020432,-221.576756,0.000000000,0.000000000,-0.707946659,0.706265905,0,0,0,0,1,-1
115,36.0833278,140.0758284,0,192.240963,27898.151884,44642.247857,-221.550276,0.000000000,0.000000000,-0.778467577,0.627684819,0,0,0,0,1,-1
116,36.083298,140.0758204,0,187.811530,27897.441873,44638.939059,-221.523939,0.000000000,0.000000000,-0.753629532,0.657299420,0,0,0,0,1,-1
117,36.0832656,140.07581489999998,0,148.181031,27896.957948,44635.342482,-221.496571,0.000000000,0.000000000,-0.486190733,0.873852717,0,0,0,0,1,-1
118,36.0832445,140.0758311,0,118.565854,27898.424496,44633.005884,-221.486573,0.000000000,0.000000000,-0.246710254,0.969089289,0,0,0,0,1,-1
119,36.083224699999995,140.0758761,0,79.167569,27902.484530,44630.821712,-221.488979,0.000000000,0.000000000,0.094390067,0.995535291,0,0,0,0,1,-1
120,36.0832307,140.0759149,0,96.155240,27905.977031,44631.498477,-221.508993,0.000000000,0.000000000,-0.053688776,0.998557718,0,0,0,0,1,-1
121,36.0832269,140.07595849999998,0,102.282298,27909.905318,44631.089227,-221.523288,0.000000000,0.000000000,-0.106978163,0.994261370,0,0,0,0,1,-1
122,36.083219,140.0760034,0,94.471919,27913.952143,44630.225423,-221.534914,0.000000000,0.000000000,-0.039014951,0.999238627,0,0,0,0,1,-1
123,36.083216199999995,140.0760477,0,127.044121,27917.943125,44629.927332,-221.550269,0.000000000,0.000000000,-0.317669764,0.948201414,0,0,0,0,1,-1
124,36.0831954,140.0760818,0,123.032426,27921.021783,44627.629113,-221.547596,0.000000000,0.000000000,-0.284286651,0.958739329,0,0,0,0,1,-1
125,36.0831789,140.07611319999998,0,82.084848,27923.855740,44625.807244,-221.547200,0.000000000,0.000000000,0.069017820,0.997615427,0,0,0,0,1,-1
126,36.0831829,140.0761488,0,69.339630,27927.060731,44626.261193,-221.564403,0.000000000,0.000000000,0.179320528,0.983790703,0,0,0,0,1,-1
127,36.0831964,140.07619309999998,0,83.786794,27931.045950,44627.771712,-221.592438,0.000000000,0.000000000,0.054193888,0.998530431,0,0,0,0,1,-1
128,36.0832005,140.0762397,0,141.433268,27935.241649,44628.239888,-221.614079,0.000000000,0.000000000,-0.433920665,0.900951084,0,0,0,0,1,-1
129,36.0831781,140.0762618,0,123.720412,27937.240067,44625.760730,-221.605418,0.000000000,0.000000000,-0.290037582,0.957015256,0,0,0,0,1,-1
130,36.083160299999996,140.0762948,0,159.544566,27940.218595,44623.795077,-221.604653,0.000000000,0.000000000,-0.570316268,0.821425197,0,0,0,0,1,-1
131,36.0831473,140.07630079999998,0,156.750326,27940.763601,44622.354339,-221.596924,0.000000000,0.000000000,-0.550118792,0.835086411,0,0,0,0,1,-1
132,36.0831125,140.0763193,0,123.529918,27942.442166,44618.498289,-221.577204,0.000000000,0.000000000,-0.288446265,0.957496085,0,0,0,0,1,-1
133,36.0830929,140.07635589999998,0,94.394840,27945.745578,44616.333938,-221.576471,0.000000000,0.000000000,-0.038342813,0.999264644,0,0,0,0,1,-1
134,36.0830899,140.07640419999998,0,117.874507,27950.096910,44616.014809,-221.593276,0.000000000,0.000000000,-0.240859148,0.970560081,0,0,0,0,1,-1
135,36.0830737,140.07644209999998,0,95.516245,27953.516210,44614.228086,-221.595705,0.000000000,0.000000000,-0.048119729,0.998841575,0,0,0,0,1,-1
136,36.0830705,140.0764831,0,66.596879,27957.210119,44613.884691,-221.609467,0.000000000,0.000000000,0.202813965,0.979217287,0,0,0,0,1,-1
137,36.083086099999996,140.07652769999999,0,112.582160,27961.221615,44615.628318,-221.639269,0.000000000,0.000000000,-0.195793476,0.980645152,0,0,0,0,1,-1
138,36.083073999999996,140.07656369999998,0,86.481620,27964.468337,44614.295983,-221.644137,0.000000000,0.000000000,0.030698834,0.999528680,0,0,0,0,1,-1
139,36.083076399999996,140.07661199999998,0,40.603885,27968.817757,44614.576032,-221.665152,0.000000000,0.000000000,0.417836272,0.908522344,0,0,0,0,1,-1
140,36.0831077,140.0766452,0,80.763053,27971.796917,44618.058447,-221.702642,0.000000000,0.000000000,0.080520305,0.996752969,0,0,0,0,1,-1
141,36.0831146,140.07669769999998,0,115.525210,27976.523025,44618.839003,-221.728826,0.000000000,0.000000000,-0.220912004,0.975293744,0,0,0,0,1,-1
142,36.0830894,140.076763,0,112.338666,27982.413373,44616.061480,-221.735142,0.000000000,0.000000000,-0.193709277,0.981058977,0,0,0,0,1,-1
143,36.0830805,140.0767898,0,85.546974,27984.830341,44615.081595,-221.738858,0.000000000,0.000000000,0.038850203,0.999245046,0,0,0,0,1,-1
144,36.0830832,140.07683269999998,0,91.461450,27988.693289,44615.393403,-221.757977,0.000000000,0.000000000,-0.012753211,0.999918674,0,0,0,0,1,-1
145,36.083082399999995,140.07687149999998,0,105.923034,27992.188199,44615.315693,-221.772752,0.000000000,0.000000000,-0.138507951,0.990361322,0,0,0,0,1,-1
146,36.0830738,140.07690879999998,0,75.762256,27995.550773,44614.372090,-221.780871,0.000000000,0.000000000,0.123928323,0.992291172,0,0,0,0,1,-1
147,36.083081899999996,140.0769483,0,28.518450,27999.105575,44615.282102,-221.802844,0.000000000,0.000000000,0.511154709,0.859488722,0,0,0,0,1,-1
148,36.0831112,140.076968,0,39.291186,28000.869519,44618.538765,-221.833436,0.000000000,0.000000000,0.428216170,0.903676331,0,0,0,0,1,-1
149,36.083143299999996,140.0770005,0,94.249232,28003.785335,44622.109757,-221.871287,0.000000000,0.000000000,-0.037073047,0.999312558,0,0,0,0,1,-1
150,36.0831407,140.07704379999998,0,89.145879,28007.686185,44621.833613,-221.886458,0.000000000,0.000000000,0.007453543,0.999972222,0,0,0,0,1,-1
151,36.0831412,140.0770853,0,89.356964,28011.423814,44621.900925,-221.903326,0.000000000,0.000000000,0.005611518,0.999984255,0,0,0,0,1,-1
152,36.0831416,140.0771294,0,85.229662,28015.395654,44621.957885,-221.921151,0.000000000,0.000000000,0.041617030,0.999133636,0,0,0,0,1,-1
153,36.083144499999996,140.0771724,0,96.573311,28019.267533,44622.291925,-221.940484,0.000000000,0.000000000,-0.057331506,0.998355197,0,0,0,0,1,-1
154,36.0831403,140.0772175,0,92.846155,28023.331073,44621.838770,-221.955136,0.000000000,0.000000000,-0.024834834,0.999691568,0,0,0,0,1,-1
155,36.0831385,140.0772623,0,87.984075,28027.366742,44621.651828,-221.971536,0.000000000,0.000000000,0.017591357,0.999845260,0,0,0,0,1,-1
156,36.0831398,140.077308,0,82.285663,28031.482371,44621.809113,-221.990706,0.000000000,0.000000000,0.067269452,0.997734845,0,0,0,0,1,-1
157,36.083145,140.07735549999998,0,75.033795,28035.758737,44622.399646,-222.013626,0.000000000,0.000000000,0.130233793,0.991483313,0,0,0,0,1,-1
158,36.0831547,140.0774004,0,68.245361,28039.799329,44623.488747,-222.039013,0.000000000,0.000000000,0.188706720,0.982033489,0,0,0,0,1,-1
159,36.083167599999996,140.0774404,0,77.350136,28043.397452,44624.931515,-222.064942,0.000000000,0.000000000,0.110166818,0.993913111,0,0,0,0,1,-1
160,36.0831752,140.07748229999999,0,64.454836,28047.168585,44625.786752,-222.087509,0.000000000,0.000000000,0.221081830,0.975255261,0,0,0,0,1,-1
161,36.0831915,140.07752449999998,0,83.088753,28050.963647,44627.607405,-222.116960,0.000000000,0.000000000,0.060275450,0.998181782,0,0,0,0,1,-1
162,36.0831963,140.0775735,0,91.306606,28055.375252,44628.153994,-222.140179,0.000000000,0.000000000,-0.011402041,0.999934995,0,0,0,0,1,-1
163,36.083195499999995,140.07761689999998,0,87.066884,28059.284468,44628.077624,-222.156820,0.000000000,0.000000000,0.025593471,0.999672433,0,0,0,0,1,-1
164,36.0831975,140.07766519999998,0,95.832055,28063.634020,44628.313337,-222.177590,0.000000000,0.000000000,-0.050872313,0.998705166,0,0,0,0,1,-1
165,36.083194,140.0777076,0,91.224791,28067.454129,44627.937100,-222.191739,0.000000000,0.000000000,-0.010688114,0.999942880,0,0,0,0,1,-1
166,36.0831932,140.0777539,0,91.159349,28071.624541,44627.861565,-222.209542,0.000000000,0.000000000,-0.010117056,0.999948821,0,0,0,0,1,-1
167,36.083192499999996,140.0777967,0,94.726549,28075.479682,44627.796127,-222.226032,0.000000000,0.000000000,-0.041235227,0.999149466,0,0,0,0,1,-1
168,36.0831896,140.0778401,0,90.982288,28079.389645,44627.486756,-222.241053,0.000000000,0.000000000,-0.008571975,0.999963260,0,0,0,0,1,-1
169,36.083189,140.0778834,0,96.587793,28083.289784,44627.432560,-222.257824,0.000000000,0.000000000,-0.057457677,0.998347943,0,0,0,0,1,-1
170,36.0831848,140.0779284,0,111.113109,28087.344318,44626.979405,-222.272476,0.000000000,0.000000000,-0.183205970,0.983074551,0,0,0,0,1,-1
171,36.0831716,140.07797069999998,0,89.696365,28091.158872,44625.526865,-222.279060,0.000000000,0.000000000,0.002649712,0.999996490,0,0,0,0,1,-1
172,36.083171799999995,140.0780174,0,97.454717,28095.364957,44625.562412,-222.297815,0.000000000,0.000000000,-0.065008801,0.997884691,0,0,0,0,1,-1
173,36.0831672,140.0780609,0,97.965371,28099.284534,44625.064452,-222.311567,0.000000000,0.000000000,-0.069455012,0.997585085,0,0,0,0,1,-1
174,36.083162099999996,140.078106,0,88.864497,28103.348397,44624.511472,-222.325570,0.000000000,0.000000000,0.009908971,0.999950905,0,0,0,0,1,-1
175,36.0831628,140.07814969999998,0,83.649999,28107.284102,44624.601645,-222.343526,0.000000000,0.000000000,0.055385856,0.998465025,0,0,0,0,1,-1
176,36.083166999999996,140.0781964,0,106.114797,28111.488763,44625.081029,-222.365401,0.000000000,0.000000000,-0.140165074,0.990128149,0,0,0,0,1,-1
177,36.0831571,140.07823879999998,0,101.896724,28115.311154,44623.994687,-222.374604,0.000000000,0.000000000,-0.103632105,0.994615698,0,0,0,0,1,-1
178,36.0831492,140.07828519999998,0,95.352898,28119.493103,44623.131406,-222.386960,0.000000000,0.000000000,-0.046695861,0.998909153,0,0,0,0,1,-1
179,36.0831458,140.0783301,0,95.259722,28123.538350,44622.767005,-222.402217,0.000000000,0.000000000,-0.045883618,0.998946792,0,0,0,0,1,-1
180,36.0831424,140.0783758,0,90.884277,28127.655650,44622.402836,-222.417797,0.000000000,0.000000000,-0.007716696,0.999970226,0,0,0,0,1,-1
181,36.0831418,140.0784239,0,87.790508,28131.988116,44622.350035,-222.436512,0.000000000,0.000000000,0.019280260,0.999814119,0,0,0,0,1,-1
182,36.083143199999995,140.0784688,0,86.177573,28136.031653,44622.518235,-222.455509,0.000000000,0.000000000,0.033350783,0.999443708,0,0,0,0,1,-1
183,36.083145699999996,140.0785151,0,90.335985,28140.200893,44622.808891,-222.475921,0.000000000,0.000000000,-0.002932018,0.999995702,0,0,0,0,1,-1
184,36.0831455,140.0785573,0,89.999987,28144.001817,44622.798789,-222.492602,0.000000000,0.000000000,0.000000113,1.000000000,0,0,0,0,1,-1
185,36.0831455,140.0786008,0,94.487382,28147.919758,44622.811253,-222.509960,0.000000000,0.000000000,-0.039149788,0.999233353,0,0,0,0,1,-1
186,36.0831425,140.07864809999998,0,88.722788,28152.181026,44622.491936,-222.526504,0.000000000,0.000000000,0.011145547,0.999937886,0,0,0,0,1,-1
187,36.083143299999996,140.0786925,0,88.777822,28156.179742,44622.593428,-222.544848,0.000000000,0.000000000,0.010665313,0.999943124,0,0,0,0,1,-1
188,36.0831441,140.0787389,0,91.420779,28160.358594,44622.695494,-222.563992,0.000000000,0.000000000,-0.012398318,0.999923138,0,0,0,0,1,-1
189,36.083143199999995,140.0787838,0,101.437644,28164.402951,44622.608505,-222.581219,0.000000000,0.000000000,-0.099646626,0.995022889,0,0,0,0,1,-1
190,36.0831363,140.078826,0,99.591956,28168.206265,44621.855001,-222.592707,0.000000000,0.000000000,-0.083607892,0.996498731,0,0,0,0,1,-1
191,36.0831304,140.07886919999999,0,83.704571,28172.099291,44621.212742,-222.605374,0.000000000,0.000000000,0.054910351,0.998491289,0,0,0,0,1,-1
192,36.083134099999995,140.0789107,0,100.719789,28175.835777,44621.635186,-222.624825,0.000000000,0.000000000,-0.093411424,0.995627594,0,0,0,0,1,-1
193,36.0831272,140.0789558,0,92.623939,28179.900289,44620.882518,-222.637479,0.000000000,0.000000000,-0.022896186,0.999737848,0,0,0,0,1,-1
194,36.0831255,140.0790017,0,102.101507,28184.035000,44620.707060,-222.654496,0.000000000,0.000000000,-0.105409385,0.994428912,0,0,0,0,1,-1
195,36.0831172,140.0790496,0,104.144305,28188.352202,44619.799859,-222.667185,0.000000000,0.000000000,-0.123119159,0.992391895,0,0,0,0,1,-1
196,36.0831083,140.07909329999998,0,86.474338,28192.291335,44618.824880,-222.677733,0.000000000,0.000000000,0.030762351,0.999526727,0,0,0,0,1,-1
197,36.0831107,140.0791415,0,93.634866,28196.631739,44619.105012,-222.698864,0.000000000,0.000000000,-0.031714871,0.999496957,0,0,0,0,1,-1
198,36.0831084,140.0791863,0,91.178967,28200.667590,44618.862671,-222.714986,0.000000000,0.000000000,-0.010288246,0.999947075,0,0,0,0,1,-1
199,36.0831076,140.0792344,0,100.185392,28205.000130,44618.787715,-222.733596,0.000000000,0.000000000,-0.088767322,0.996052389,0,0,0,0,1,-1
200,36.0831014,140.07927709999998,0,101.601138,28208.848233,44618.112042,-222.745853,0.000000000,0.000000000,-0.101066177,0.994879705,0,0,0,0,1,-1
201,36.0830941,140.0793211,0,101.476637,28212.813818,44617.314690,-222.757777,0.000000000,0.000000000,-0.099985205,0.994988924,0,0,0,0,1,-1
202,36.083086699999996,140.07936619999998,0,95.698562,28216.878514,44616.506560,-222.770066,0.000000000,0.000000000,-0.049708840,0.998763751,0,0,0,0,1,-1
203,36.0830832,140.0794096,0,94.736003,28220.788701,44616.130678,-222.784708,0.000000000,0.000000000,-0.041317658,0.999146061,0,0,0,0,1,-1
204,36.0830801,140.0794559,0,97.932718,28224.959942,44615.800013,-222.800824,0.000000000,0.000000000,-0.069170746,0.997604836,0,0,0,0,1,-1
205,36.083075099999995,140.0795003,0,95.724768,28228.960735,44615.257985,-222.814706,0.000000000,0.000000000,-0.049937247,0.998752357,0,0,0,0,1,-1
206,36.0830716,140.0795435,0,112.414056,28232.852910,44614.882050,-222.829276,0.000000000,0.000000000,-0.194354675,0.980931323,0,0,0,0,1,-1
207,36.0830579,140.0795846,0,181.467542,28236.559590,44613.373749,-222.835081,0.000000000,0.000000000,-0.716104266,0.697993324,0,0,0,0,1,-1
208,36.0830232,140.07958349999998,0,189.061105,28236.472924,44609.523217,-222.807676,0.000000000,0.000000000,-0.760752170,0.649042476,0,0,0,0,1,-1
209,36.0829857,140.0795761,0,188.390949,28235.819831,44605.360193,-222.775577,0.000000000,0.000000000,-0.756943443,0.653480393,0,0,0,0,1,-1
210,36.082946799999995,140.079569,0,182.721744,28235.194259,44601.041915,-222.742513,0.000000000,0.000000000,-0.723700743,0.690113929,0,0,0,0,1,-1
211,36.0829111,140.0795669,0,186.246919,28235.017881,44597.080138,-222.713939,0.000000000,0.000000000,-0.744584925,0.667527744,0,0,0,0,1,-1
212,36.082876399999996,140.0795622,0,191.584400,28234.606969,44593.228571,-222.685103,0.000000000,0.000000000,-0.774858440,0.632134794,0,0,0,0,1,-1
213,36.0828421,140.0795535,0,181.319611,28233.835642,44589.420237,-222.654980,0.000000000,0.000000000,-0.715202601,0.698917191,0,0,0,0,1,-1
214,36.0828,140.0795523,0,177.790576,28233.742612,44584.748592,-222.621803,0.000000000,0.000000000,-0.693342568,0.720608135,0,0,0,0,1,-1
215,36.082760199999996,140.0795542,0,177.857269,28233.927971,44580.333040,-222.591656,0.000000000,0.000000000,-0.693761849,0.720204483,0,0,0,0,1,-1
216,36.0827278,140.0795557,0,184.505070,28234.074658,44576.738456,-222.567099,0.000000000,0.000000000,-0.734352542,0.678768255,0,0,0,0,1,-1
217,36.0826919,140.0795522,0,186.606124,28233.772255,44572.754085,-222.537824,0.000000000,0.000000000,-0.746673732,0.665190452,0,0,0,0,1,-1
218,36.0826598,140.07954759999998,0,188.094301,28233.369418,44569.191036,-222.511062,0.000000000,0.000000000,-0.755249216,0.655437733,0,0,0,0,1,-1
219,36.082623999999996,140.0795413,0,187.175539,28232.814788,44565.216956,-222.480749,0.000000000,0.000000000,-0.749969887,0.661471971,0,0,0,0,1,-1
220,36.0825842,140.0795351,0,180.977313,28232.270594,44560.799076,-222.447374,0.000000000,0.000000000,-0.713111668,0.701050461,0,0,0,0,1,-1
221,36.0825463,140.0795343,0,182.109449,28232.212089,44556.593566,-222.417638,0.000000000,0.000000000,-0.720002956,0.693970996,0,0,0,0,1,-1
222,36.082509,140.0795326,0,190.116661,28232.072309,44552.454373,-222.388010,0.000000000,0.000000000,-0.766698442,0.642007398,0,0,0,0,1,-1
223,36.0824705,140.0795241,0,188.564605,28231.320492,44548.180076,-222.354733,0.000000000,0.000000000,-0.757932880,0.652332545,0,0,0,0,1,-1
224,36.0824324,140.07951699999998,0,183.099279,28230.694627,44543.950565,-222.322328,0.000000000,0.000000000,-0.725970470,0.687725873,0,0,0,0,1,-1
225,36.0823921,140.0795143,0,183.894667,28230.465849,44539.478212,-222.289981,0.000000000,0.000000000,-0.730726497,0.682670335,0,0,0,0,1,-1
226,36.082355299999996,140.07951119999998,0,200.758447,28230.199792,44535.394094,-222.260192,0.000000000,0.000000000,-0.822930404,0.568142192,0,0,0,0,1,-1
227,36.082318199999996,140.0794938,0,200.559622,28228.645862,44531.272580,-222.224450,0.000000000,0.000000000,-0.821943396,0.569569182,0,0,0,0,1,-1
228,36.0822611,140.0794673,0,176.315454,28226.279455,44524.929307,-222.169558,0.000000000,0.000000000,-0.684009084,0.729473490,0,0,0,0,1,-1
229,36.0821858,140.0794733,0,91.383051,28226.846782,44516.575951,-222.113566,0.000000000,0.000000000,-0.012069104,0.999927166,0,0,0,0,1,-1
230,36.0821854,140.0794938,0,226.433690,28228.693333,44516.537459,-222.121459,0.000000000,0.000000000,-0.928594969,0.371094844,0,0,0,0,1,-1
231,36.0821628,140.0794644,0,186.004908,28226.053391,44514.021377,-222.092170,0.000000000,0.000000000,-0.743173484,0.669098777,0,0,0,0,1,-1
232,36.0821313,140.0794603,0,178.733505,28225.695368,44510.525046,-222.066107,0.000000000,0.000000000,-0.699248630,0.714878559,0,0,0,0,1,-1
233,36.0820984,140.0794612,0,194.403693,28225.788189,44506.874811,-222.040961,0.000000000,0.000000000,-0.790174764,0.612881589,0,0,0,0,1,-1
234,36.0820641,140.0794503,0,189.287738,28224.818699,44503.065846,-222.010010,0.000000000,0.000000000,-0.762034323,0.647536633,0,0,0,0,1,-1
235,36.0820216,140.0794417,0,165.347007,28224.059296,44498.347692,-221.973625,0.000000000,0.000000000,-0.611161073,0.791506250,0,0,0,0,1,-1
236,36.0819944,140.0794505,0,95.270325,28224.861624,44495.332184,-221.956065,0.000000000,0.000000000,-0.045976049,0.998942542,0,0,0,0,1,-1
237,36.0819915,140.0794894,0,97.130379,28228.366342,44495.021586,-221.969384,0.000000000,0.000000000,-0.062184149,0.998064693,0,0,0,0,1,-1
238,36.0819869,140.0795349,0,101.779793,28232.466122,44494.524259,-221.984028,0.000000000,0.000000000,-0.102617130,0.994720928,0,0,0,0,1,-1
239,36.0819794,140.0795794,0,96.652018,28236.476871,44493.704870,-221.996028,0.000000000,0.000000000,-0.058017211,0.998315583,0,0,0,0,1,-1
240,36.081975299999996,140.0796229,0,107.112883,28240.396335,44493.262450,-222.010265,0.000000000,0.000000000,-0.148783609,0.988869778,0,0,0,0,1,-1
241,36.0819647,140.0796655,0,99.669233,28244.237063,44492.098552,-222.019107,0.000000000,0.000000000,-0.084279881,0.996442122,0,0,0,0,1,-1
242,36.0819586,140.0797098,0,124.505380,28248.229299,44491.434451,-222.032119,0.000000000,0.000000000,-0.296586412,0.955006021,0,0,0,0,1,-1
243,36.0819396,140.079744,0,129.986327,28251.316455,44489.336099,-222.031092,0.000000000,0.000000000,-0.341908017,0.939733424,0,0,0,0,1,-1
244,36.0819173,140.07977689999998,0,139.249210,28254.287702,44486.871215,-222.026989,0.000000000,0.000000000,-0.416671215,0.909057258,0,0,0,0,1,-1
245,36.0818886,140.0798075,0,142.145610,28257.054083,44483.695544,-222.017008,0.000000000,0.000000000,-0.439512878,0.898236288,0,0,0,0,1,-1
246,36.0818599,140.0798351,0,178.194827,28259.550259,44480.519011,-222.005828,0.000000000,0.000000000,-0.695880378,0.718157713,0,0,0,0,1,-1
247,36.081824,140.0798365,0,177.923898,28259.689202,44476.536049,-221.978576,0.000000000,0.000000000,-0.694180493,0.719800975,0,0,0,0,1,-1
248,36.081786099999995,140.07983819999998,0,184.420398,28259.855882,44472.331259,-221.949897,0.000000000,0.000000000,-0.733850798,0.679310685,0,0,0,0,1,-1
249,36.0817516,140.07983489999998,0,177.901770,28259.571000,44468.502285,-221.921851,0.000000000,0.000000000,-0.694041484,0.719935010,0,0,0,0,1,-1
250,36.0817141,140.0798366,0,174.914314,28259.737537,44464.341878,-221.893488,0.000000000,0.000000000,-0.675038719,0.737782304,0,0,0,0,1,-1
251,36.0816805,140.0798403,0,179.735401,28260.082817,44460.614779,-221.868948,0.000000000,0.000000000,-0.705472144,0.708737648,0,0,0,0,1,-1
252,36.0816455,140.0798405,0,171.399866,28260.113356,44456.731333,-221.841925,0.000000000,0.000000000,-0.652097517,0.758135099,0,0,0,0,1,-1
253,36.0816113,140.0798469,0,178.094016,28260.702038,44452.938437,-221.818007,0.000000000,0.000000000,-0.695248315,0.718769630,0,0,0,0,1,-1
254,36.0815773,140.07984829999998,0,180.241172,28260.840302,44449.166294,-221.792243,0.000000000,0.000000000,-0.708593407,0.705617023,0,0,0,0,1,-1
255,36.0815389,140.0798481,0,183.173369,28260.836030,44444.905478,-221.762434,0.000000000,0.000000000,-0.726414973,0.687256348,0,0,0,0,1,-1
256,36.081500999999996,140.0798455,0,183.425936,28260.615413,44440.699451,-221.732053,0.000000000,0.000000000,-0.727927963,0.685653615,0,0,0,0,1,-1
257,36.0814659,140.0798429,0,179.353305,28260.393793,44436.804104,-221.703843,0.000000000,0.000000000,-0.703105000,0.711086042,0,0,0,0,1,-1
258,36.0814301,140.0798434,0,184.751913,28260.451639,44432.831979,-221.676335,0.000000000,0.000000000,-0.735812979,0.677184805,0,0,0,0,1,-1
259,36.0813951,140.0798398,0,185.622483,28260.139913,44428.947440,-221.647806,0.000000000,0.000000000,-0.740936374,0.671575230,0,0,0,0,1,-1
260,36.0813598,140.0798355,0,181.639798,28259.765246,44425.029413,-221.618766,0.000000000,0.000000000,-0.717152692,0.696916076,0,0,0,0,1,-1
261,36.0813231,140.0798342,0,176.966416,28259.661288,44420.956908,-221.589848,0.000000000,0.000000000,-0.688141957,0.725576080,0,0,0,0,1,-1
262,36.0812865,140.0798366,0,187.152150,28259.890553,44416.896564,-221.562492,0.000000000,0.000000000,-0.749834860,0.661625032,0,0,0,0,1,-1
263,36.0812485,140.0798307,0,182.314015,28259.372739,44412.678492,-221.530731,0.000000000,0.000000000,-0.721240668,0.692684559,0,0,0,0,1,-1
264,36.0812125,140.0798289,0,184.191779,28259.223496,44408.683513,-221.502162,0.000000000,0.000000000,-0.732494061,0.680773421,0,0,0,0,1,-1
265,36.0811717,140.0798252,0,182.203937,28258.904837,44404.155394,-221.469121,0.000000000,0.000000000,-0.720574934,0.693377072,0,0,0,0,1,-1
266,36.0811381,140.0798236,0,183.490434,28258.772748,44400.426771,-221.442494,0.000000000,0.000000000,-0.728313769,0.685243792,0,0,0,0,1,-1
267,36.081101,140.0798208,0,184.030879,28258.533828,44396.309452,-221.412681,0.000000000,0.000000000,-0.731537453,0.681801257,0,0,0,0,1,-1
268,36.0810643,140.07981759999998,0,188.937611,28258.258736,44392.236401,-221.383020,0.000000000,0.000000000,-0.760052263,0.649861953,0,0,0,0,1,-1
269,36.081027299999995,140.07981039999999,0,183.109924,28257.623472,44388.128912,-221.351527,0.000000000,0.000000000,-0.726034354,0.687658431,0,0,0,0,1,-1
270,36.0809916,140.07980799999999,0,188.067918,28257.420078,44384.167048,-221.322965,0.000000000,0.000000000,-0.755098291,0.655611600,0,0,0,0,1,-1
271,36.0809534,140.07980129999999,0,179.744874,28256.830276,44379.926555,-221.290751,0.000000000,0.000000000,-0.705530731,0.708679326,0,0,0,0,1,-1
272,36.0809171,140.0798015,0,166.155218,28256.861279,44375.898865,-221.262771,0.000000000,0.000000000,-0.616728296,0.787176097,0,0,0,0,1,-1
273,36.0808807,140.0798126,0,172.864767,28257.874082,44371.863215,-221.239084,0.000000000,0.000000000,-0.661735721,0.749737177,0,0,0,0,1,-1
274,36.0808439,140.0798183,0,177.387779,28258.400649,44367.781628,-221.212927,0.000000000,0.000000000,-0.690805304,0.723040823,0,0,0,0,1,-1
275,36.0808067,140.0798204,0,164.477721,28258.603108,44363.654623,-221.185021,0.000000000,0.000000000,-0.605139217,0.796119669,0,0,0,0,1,-1
276,36.0807712,140.0798326,0,163.380766,28259.714668,44359.719151,-221.162478,0.000000000,0.000000000,-0.597490562,0.801875943,0,0,0,0,1,-1
277,36.080736,140.0798456,0,169.527004,28260.898179,44355.817197,-221.140490,0.000000000,0.000000000,-0.639620165,0.768691124,0,0,0,0,1,-1
278,36.080698399999996,140.0798542,0,158.715306,28261.686239,44351.647679,-221.114887,0.000000000,0.000000000,-0.564357012,0.825530837,0,0,0,0,1,-1
279,36.080664999999996,140.07987029999998,0,156.447434,28263.148326,44347.946340,-221.095537,0.000000000,0.000000000,-0.547909547,0.836537584,0,0,0,0,1,-1
280,36.0806307,140.0798888,0,155.358977,28264.826905,44344.145830,-221.076455,0.000000000,0.000000000,-0.539939031,0.841704130,0,0,0,0,1,-1
281,36.080597399999995,140.0799077,0,146.638282,28266.541155,44340.456392,-221.058309,0.000000000,0.000000000,-0.474382327,0.880318924,0,0,0,0,1,-1
282,36.0805688,140.079931,0,139.994128,28268.650035,44337.289721,-221.045559,0.000000000,0.000000000,-0.422571819,0.906329442,0,0,0,0,1,-1
283,36.0805402,140.0799607,0,104.480280,28271.335368,44334.124891,-221.035376,0.000000000,0.000000000,-0.126028254,0.992026653,0,0,0,0,1,-1
284,36.0805311,140.08000429999998,0,89.231118,28275.265703,44333.127730,-221.045825,0.000000000,0.000000000,0.006709711,0.999977490,0,0,0,0,1,-1
285,36.0805316,140.0800504,0,74.134130,28279.417778,44333.196479,-221.064692,0.000000000,0.000000000,0.138013892,0.990430293,0,0,0,0,1,-1
286,36.080541499999995,140.0800935,0,67.489305,28283.296274,44334.307364,-221.089617,0.000000000,0.000000000,0.195181859,0.980767068,0,0,0,0,1,-1
287,36.0805554,140.08013499999998,0,73.510564,28287.029224,44335.861619,-221.116992,0.000000000,0.000000000,0.143401387,0.989664611,0,0,0,0,1,-1
288,36.0805654,140.0801768,0,76.160907,28290.790591,44336.983229,-221.141479,0.000000000,0.000000000,0.120475512,0.992716299,0,0,0,0,1,-1
289,36.0805742,140.080221,0,67.092125,28294.768555,44337.972384,-221.166003,0.000000000,0.000000000,0.198580067,0.980084668,0,0,0,0,1,-1
290,36.0805881,140.0802617,0,70.221845,28298.429445,44339.526413,-221.193065,0.000000000,0.000000000,0.171741302,0.985142084,0,0,0,0,1,-1
291,36.0806008,140.0803054,0,76.532213,28302.360975,44340.948160,-221.220407,0.000000000,0.000000000,0.117258230,0.993101459,0,0,0,0,1,-1
292,36.0806092,140.0803488,0,66.199665,28306.267024,44341.892706,-221.244309,0.000000000,0.000000000,0.206207046,0.978508382,0,0,0,0,1,-1
293,36.0806241,140.0803906,0,342.479154,28310.026629,44343.558015,-221.272593,0.000000000,0.000000000,-0.806552159,-0.591162934,0,0,0,0,1,-1
294,36.0806305,140.0803881,0,288.424385,28309.799158,44344.267421,-221.276532,0.000000000,0.000000000,-0.987102220,-0.160091246,0,0,0,0,1,-1
295,36.0806312,140.0803855,0,247.637460,28309.564724,44344.344341,-221.276030,0.000000000,0.000000000,-0.981018598,0.193913666,0,0,0,0,1,-1
296,36.080618,140.0803458,0,251.174325,28305.993658,44342.868265,-221.249902,0.000000000,0.000000000,-0.986535543,0.163547006,0,0,0,0,1,-1
297,36.0806064,140.0803037,0,249.281534,28302.205848,44341.569031,-221.224050,0.000000000,0.000000000,-0.983699665,0.179819270,0,0,0,0,1,-1
298,36.0805935,140.0802615,0,249.371019,28298.409496,44340.125525,-221.197156,0.000000000,0.000000000,-0.983839786,0.179051041,0,0,0,0,1,-1
299,36.0805806,140.0802191,0,247.007851,28294.595128,44338.681963,-221.170184,0.000000000,0.000000000,-0.979938362,0.199300796,0,0,0,0,1,-1
300,36.0805663,140.0801774,0,252.047847,28290.844310,44337.083264,-221.142414,0.000000000,0.000000000,-0.987753573,0.156022048,0,0,0,0,1,-1
301,36.0805547,140.08013309999998,0,254.608219,28286.858341,44335.783402,-221.115690,0.000000000,0.000000000,-0.990992807,0.133915107,0,0,0,0,1,-1
302,36.0805454,140.0800913,0,257.180343,28283.096722,44334.739464,-221.091746,0.000000000,0.000000000,-0.993748783,0.111639401,0,0,0,0,1,-1
303,36.0805374,140.0800478,0,254.140131,28279.181517,44333.839282,-221.068128,0.000000000,0.000000000,-0.990437519,0.137962024,0,0,0,0,1,-1
304,36.0805298,140.0800147,0,292.413424,28276.202903,44332.986479,-221.048990,0.000000000,0.000000000,-0.980932395,-0.194349265,0,0,0,0,1,-1
305,36.080537,140.0799931,0,268.491968,28274.254800,44333.779153,-221.045891,0.000000000,0.000000000,-0.999913408,0.013159682,0,0,0,0,1,-1
306,36.0805369,140.0799884,0,308.950131,28273.831505,44333.766705,-221.043930,0.000000000,0.000000000,-0.942786671,-0.333396600,0,0,0,0,1,-1
307,36.080559699999995,140.0799535,0,330.248522,28270.679880,44336.286485,-221.047549,0.000000000,0.000000000,-0.864938986,-0.501877027,0,0,0,0,1,-1
308,36.080590099999995,140.07993199999999,0,332.697299,28268.732481,44339.653397,-221.062409,0.000000000,0.000000000,-0.854017402,-0.520244440,0,0,0,0,1,-1
309,36.0806211,140.0799122,0,336.111175,28266.937990,44343.087374,-221.078417,0.000000000,0.000000000,-0.838141773,-0.545452444,0,0,0,0,1,-1
310,36.080656499999996,140.07989279999998,0,348.891871,28265.177953,44347.009677,-221.097987,0.000000000,0.000000000,-0.772224445,-0.635349830,0,0,0,0,1,-1
311,36.0806919,140.07988419999998,0,340.947165,28264.390677,44350.935089,-221.121886,0.000000000,0.000000000,-0.814383178,-0.580327528,0,0,0,0,1,-1
312,36.080726299999995,140.0798695,0,346.083400,28263.054331,44354.747788,-221.142572,0.000000000,0.000000000,-0.787562465,-0.616234828,0,0,0,0,1,-1
313,36.0807612,140.07985879999998,0,336.870247,28262.078089,44358.617117,-221.165249,0.000000000,0.000000000,-0.834510250,-0.550992416,0,0,0,0,1,-1
314,36.080794499999996,140.0798412,0,346.980584,28260.480935,44362.306929,-221.183927,0.000000000,0.000000000,-0.782713622,-0.622382025,0,0,0,0,1,-1
315,36.0808312,140.0798307,0,351.618516,28259.522065,44366.376038,-221.208080,0.000000000,0.000000000,-0.756889464,-0.653542913,0,0,0,0,1,-1
316,36.0808685,140.07982389999998,0,354.744229,28258.896240,44370.512787,-221.234182,0.000000000,0.000000000,-0.738783432,-0.673942906,0,0,0,0,1,-1
317,36.0809054,140.0798197,0,355.091283,28258.504742,44374.605901,-221.261019,0.000000000,0.000000000,-0.736738932,-0.676177304,0,0,0,0,1,-1
318,36.0809421,140.0798158,0,2.592382,28258.140336,44378.676909,-221.287824,0.000000000,0.000000000,0.690930472,0.722921215,0,0,0,0,1,-1
319,36.0809778,140.0798178,0,8.530517,28258.307702,44382.638658,-221.316223,0.000000000,0.000000000,0.652557981,0.757738795,0,0,0,0,1,-1
320,36.081013899999995,140.0798245,0,357.942859,28258.898254,44386.646141,-221.346816,0.000000000,0.000000000,-0.719686102,-0.694299586,0,0,0,0,1,-1
321,36.0810499,140.07982289999998,0,6.495736,28258.741260,44390.640141,-221.374009,0.000000000,0.000000000,0.665909427,0.746032597,0,0,0,0,1,-1
322,36.0810861,140.079828,0,1.709640,28259.187663,44394.658260,-221.404044,0.000000000,0.000000000,0.696478851,0.717577320,0,0,0,0,1,-1
323,36.0811213,140.0798293,0,6.887295,28259.292158,44398.564329,-221.431785,0.000000000,0.000000000,0.663356353,0.748303648,0,0,0,0,1,-1
324,36.081158099999996,140.0798348,0,358.148425,28259.774374,44402.649137,-221.462449,0.000000000,0.000000000,-0.718439439,-0.695589514,0,0,0,0,1,-1
325,36.0811956,140.0798333,0,10.267474,28259.625850,44406.809602,-221.490852,0.000000000,0.000000000,0.640997797,0.767542718,0,0,0,0,1,-1
326,36.081230399999995,140.07984109999998,0,358.641961,28260.315942,44410.673158,-221.520896,0.000000000,0.000000000,-0.715436941,-0.698677310,0,0,0,0,1,-1
327,36.0812679,140.07984,0,357.116192,28260.203446,44414.833738,-221.549465,0.000000000,0.000000000,-0.724676030,-0.689089727,0,0,0,0,1,-1
328,36.0813048,140.07983769999998,0,8.844201,28259.983081,44418.927398,-221.577091,0.000000000,0.000000000,0.650481298,0.759522272,0,0,0,0,1,-1
329,36.0813396,140.07984439999998,0,11.856846,28260.574094,44422.790637,-221.606701,0.000000000,0.000000000,0.630290753,0.776359174,0,0,0,0,1,-1
330,36.0813754,140.0798537,0,5.144499,28261.398931,44426.765582,-221.638130,0.000000000,0.000000000,0.674659970,0.738128664,0,0,0,0,1,-1
331,36.081413999999995,140.079858,0,359.742033,28261.772416,44431.049768,-221.669724,0.000000000,0.000000000,-0.708696818,-0.705513161,0,0,0,0,1,-1
332,36.081449899999996,140.07985779999998,0,359.032879,28261.741555,44435.033075,-221.697428,0.000000000,0.000000000,-0.713049313,-0.701113884,0,0,0,0,1,-1
333,36.081488199999995,140.079857,0,6.422174,28261.655792,44439.282507,-221.726753,0.000000000,0.000000000,0.666388205,0.745604963,0,0,0,0,1,-1
334,36.081524099999996,140.079862,0,6.899861,28262.093292,44443.267310,-221.756546,0.000000000,0.000000000,0.663274291,0.748376386,0,0,0,0,1,-1
335,36.0815615,140.0798676,0,9.859628,28262.584296,44447.418722,-221.787743,0.000000000,0.000000000,0.643725514,0.765256469,0,0,0,0,1,-1
336,36.0815987,140.07987559999998,0,5.834434,28263.291538,44451.548633,-221.819750,0.000000000,0.000000000,0.670203630,0.742177266,0,0,0,0,1,-1
337,36.081633499999995,140.07988,0,2.288600,28263.675388,44455.411211,-221.848459,0.000000000,0.000000000,0.692844505,0.721087021,0,0,0,0,1,-1
338,36.0816699,140.07988179999998,0,6.827526,28263.824485,44459.450572,-221.877367,0.000000000,0.000000000,0.663746565,0.747957550,0,0,0,0,1,-1
339,36.0817104,140.0798878,0,6.110656,28264.350406,44463.946067,-221.911136,0.000000000,0.000000000,0.668412672,0.743790629,0,0,0,0,1,-1
340,36.0817489,140.0798929,0,4.078843,28264.795979,44468.219388,-221.942999,0.000000000,0.000000000,0.681495002,0.731822767,0,0,0,0,1,-1
341,36.0817863,140.0798962,0,4.770453,28265.079821,44472.370138,-221.973291,0.000000000,0.000000000,0.677065747,0.735922533,0,0,0,0,1,-1
342,36.0818231,140.07989999999998,0,14.027586,28265.408912,44476.454458,-222.003322,0.000000000,0.000000000,0.615471757,0.788158941,0,0,0,0,1,-1
343,36.081860299999995,140.07991149999998,0,30.544717,28266.431392,44480.585376,-222.036750,0.000000000,0.000000000,0.495877669,0.868392387,0,0,0,0,1,-1
344,36.0818918,140.0799345,0,68.137936,28268.491704,44484.087148,-222.070374,0.000000000,0.000000000,0.189627254,0.981856153,0,0,0,0,1,-1
345,36.0819061,140.0799786,0,84.444911,28272.458629,44485.686528,-222.099129,0.000000000,0.000000000,0.048458312,0.998825206,0,0,0,0,1,-1
346,36.0819097,140.08002439999999,0,82.612545,28276.582501,44486.099157,-222.120277,0.000000000,0.000000000,0.064423060,0.997922677,0,0,0,0,1,-1
347,36.0819143,140.0800683,0,85.789562,28280.534883,44486.622198,-222.141441,0.000000000,0.000000000,0.036734736,0.999325052,0,0,0,0,1,-1
348,36.081916899999996,140.08011199999999,0,77.941484,28284.469967,44486.923269,-222.160977,0.000000000,0.000000000,0.105036301,0.994468388,0,0,0,0,1,-1
349,36.0819246,140.08015659999998,0,98.420649,28288.484286,44487.790483,-222.184829,0.000000000,0.000000000,-0.073417909,0.997301264,0,0,0,0,1,-1
350,36.081919299999996,140.0802009,0,93.247158,28292.476240,44487.215168,-222.198489,0.000000000,0.000000000,-0.028333007,0.999598540,0,0,0,0,1,-1
351,36.0819172,140.0802467,0,88.572862,28296.602153,44486.995350,-222.215234,0.000000000,0.000000000,0.012453807,0.999922448,0,0,0,0,1,-1
352,36.081918099999996,140.0802914,0,94.833264,28300.627914,44487.108089,-222.233864,0.000000000,0.000000000,-0.042165680,0.999110632,0,0,0,0,1,-1
353,36.081915099999996,140.0803353,0,100.962313,28304.583018,44486.787866,-222.249154,0.000000000,0.000000000,-0.095518380,0.995427666,0,0,0,0,1,-1
354,36.081908399999996,140.0803781,0,91.544170,28308.440373,44486.056785,-222.261138,0.000000000,0.000000000,-0.013475018,0.999909208,0,0,0,0,1,-1
355,36.0819074,140.080424,0,94.153932,28312.574899,44485.959057,-222.278785,0.000000000,0.000000000,-0.036241957,0.999343044,0,0,0,0,1,-1
356,36.081904699999996,140.08047,0,97.266140,28316.719041,44485.672732,-222.295158,0.000000000,0.000000000,-0.063366550,0.997990321,0,0,0,0,1,-1
357,36.0819003,140.08051269999999,0,94.930364,28320.566566,44485.196830,-222.308891,0.000000000,0.000000000,-0.043012269,0.999074544,0,0,0,0,1,-1
358,36.0818971,140.0805586,0,100.960921,28324.701881,44484.855001,-222.324842,0.000000000,0.000000000,-0.095506288,0.995428827,0,0,0,0,1,-1
359,36.0818899,140.0806046,0,86.964464,28328.847639,44484.069374,-222.337736,0.000000000,0.000000000,0.026486951,0.999649159,0,0,0,0,1,-1
360,36.081891999999996,140.0806536,0,92.234287,28333.260267,44484.316516,-222.359044,0.000000000,0.000000000,-0.019496597,0.999809923,0,0,0,0,1,-1
361,36.0818906,140.08069799999998,0,100.290130,28337.259834,44484.173983,-222.375795,0.000000000,0.000000000,-0.089677688,0.995970839,0,0,0,0,1,-1
362,36.081884099999996,140.0807423,0,92.919384,28341.252225,44483.465542,-222.388556,0.000000000,0.000000000,-0.025473676,0.999675493,0,0,0,0,1,-1
363,36.081882199999995,140.0807884,0,89.522053,28345.405089,44483.268025,-222.405608,0.000000000,0.000000000,0.004170862,0.999991302,0,0,0,0,1,-1
364,36.0818825,140.0808329,0,96.787942,28349.413053,44483.314154,-222.423724,0.000000000,0.000000000,-0.059201333,0.998246063,0,0,0,0,1,-1
365,36.0818782,140.08087759999998,0,95.665691,28353.440682,44482.849939,-222.438359,0.000000000,0.000000000,-0.049422339,0.998777970,0,0,0,0,1,-1
366,36.0818746,140.08092249999999,0,77.540329,28357.486075,44482.463454,-222.453619,0.000000000,0.000000000,0.108517023,0.994094591,0,0,0,0,1,-1
367,36.0818826,140.0809673,0,59.366624,28361.518294,44483.364045,-222.477829,0.000000000,0.000000000,0.264153976,0.964480522,0,0,0,0,1,-1
368,36.0819016,140.081007,0,63.204267,28365.087210,44485.483696,-222.508514,0.000000000,0.000000000,0.231711680,0.972784507,0,0,0,0,1,-1
369,36.0819176,140.0810462,0,36.460815,28368.612168,44487.270332,-222.536676,0.000000000,0.000000000,0.450403772,0.892824978,0,0,0,0,1,-1
370,36.0819456,140.0810718,0,17.533609,28370.907874,44490.384528,-222.568670,0.000000000,0.000000000,0.591073098,0.806617997,0,0,0,0,1,-1
371,36.0819809,140.0810856,0,1.624302,28372.138144,44494.305304,-222.601577,0.000000000,0.000000000,0.697013048,0.717058443,0,0,0,0,1,-1
372,36.0820151,140.08108679999998,0,17.315321,28372.233939,44498.100388,-222.628566,0.000000000,0.000000000,0.592608569,0.805490586,0,0,0,0,1,-1
373,36.082048799999995,140.0810998,0,7.630123,28373.392726,44501.843401,-222.659916,0.000000000,0.000000000,0.658491648,0.752588034,0,0,0,0,1,-1
374,36.0820856,140.08110589999998,0,24.132832,28373.928924,44505.928390,-222.690896,0.000000000,0.000000000,0.543666501,0.839301338,0,0,0,0,1,-1
375,36.0820948,140.081111,0,81.586147,28374.384969,44506.950669,-222.700079,0.000000000,0.000000000,0.073358762,0.997305616,0,0,0,0,1,-1
376,36.0821,140.0811545,0,103.573468,28378.301092,44507.540213,-222.721610,0.000000000,0.000000000,-0.118174058,0.992992896,0,0,0,0,1,-1
377,36.0820912,140.0811996,0,95.003410,28382.366357,44506.576819,-222.732934,0.000000000,0.000000000,-0.043649117,0.999046923,0,0,0,0,1,-1
378,36.0820882,140.081242,0,96.875390,28386.186352,44506.256199,-222.747670,0.000000000,0.000000000,-0.059963105,0.998200594,0,0,0,0,1,-1
379,36.082084,140.0812851,0,96.103550,28390.069827,44505.802635,-222.761760,0.000000000,0.000000000,-0.053238341,0.998581834,0,0,0,0,1,-1
380,36.082079799999995,140.0813337,0,99.403164,28394.448681,44505.350661,-222.778066,0.000000000,0.000000000,-0.081966027,0.996635124,0,0,0,0,1,-1
381,36.0820745,140.0813733,0,91.928383,28398.017311,44504.774035,-222.789899,0.000000000,0.000000000,-0.016827522,0.999858407,0,0,0,0,1,-1
382,36.0820733,140.0814174,0,96.189100,28401.989777,44504.653637,-222.806724,0.000000000,0.000000000,-0.053983831,0.998541810,0,0,0,0,1,-1
383,36.0820694,140.0814619,0,92.906801,28405.999242,44504.233771,-222.821620,0.000000000,0.000000000,-0.025363904,0.999678284,0,0,0,0,1,-1
384,36.0820675,140.0815082,0,99.055542,28410.170111,44504.036342,-222.838794,0.000000000,0.000000000,-0.078942288,0.996879188,0,0,0,0,1,-1
385,36.082062,140.0815509,0,88.112418,28414.018028,44503.438428,-222.851730,0.000000000,0.000000000,0.016471515,0.999864335,0,0,0,0,1,-1
386,36.0820631,140.0815922,0,97.272747,28417.737475,44503.572428,-222.869221,0.000000000,0.000000000,-0.063424091,0.997986666,0,0,0,0,1,-1
387,36.082058499999995,140.08163679999998,0,90.966650,28421.756199,44503.074928,-222.883624,0.000000000,0.000000000,-0.008435513,0.999964420,0,0,0,0,1,-1
388,36.082057899999995,140.0816808,0,84.048047,28425.719443,44503.021085,-222.900889,0.000000000,0.000000000,0.051917237,0.998651391,0,0,0,0,1,-1
389,36.0820617,140.08172589999998,0,97.288915,28429.780179,44503.455775,-222.922011,0.000000000,0.000000000,-0.063564899,0.997977707,0,0,0,0,1,-1
390,36.0820571,140.08177039999998,0,96.627112,28433.789898,44502.958252,-222.936382,0.000000000,0.000000000,-0.057800230,0.998328169,0,0,0,0,1,-1
391,36.082053099999996,140.08181299999998,0,99.611901,28437.628270,44502.526754,-222.950455,0.000000000,0.000000000,-0.083781334,0.996484163,0,0,0,0,1,-1
392,36.0820469,140.0818583,0,93.181138,28441.710621,44501.851935,-222.963913,0.000000000,0.000000000,-0.027757101,0.999614697,0,0,0,0,1,-1
393,36.082045,140.08190059999998,0,91.744075,28445.521217,44501.653364,-222.979498,0.000000000,0.000000000,-0.015219338,0.999884179,0,0,0,0,1,-1
394,36.082043899999995,140.0819453,0,92.833487,28449.547690,44501.544257,-222.996672,0.000000000,0.000000000,-0.024724319,0.999694307,0,0,0,0,1,-1
395,36.082042099999995,140.0819903,0,86.393109,28453.601436,44501.357567,-223.013428,0.000000000,0.000000000,0.031470865,0.999504670,0,0,0,0,1,-1
396,36.0820448,140.08204329999998,0,85.497757,28458.374112,44501.672505,-223.036902,0.000000000,0.000000000,0.039279375,0.999228268,0,0,0,0,1,-1
397,36.082047599999996,140.08208729999998,0,100.721279,28462.336131,44501.995933,-223.056825,0.000000000,0.000000000,-0.093424370,0.995626379,0,0,0,0,1,-1
398,36.0820405,140.08213369999999,0,104.802567,28466.517884,44501.221583,-223.070046,0.000000000,0.000000000,-0.128817811,0.991668277,0,0,0,0,1,-1
399,36.082032,140.08217349999998,0,81.941948,28470.105688,44500.289981,-223.079520,0.000000000,0.000000000,0.070261830,0.997528584,0,0,0,0,1,-1
400,36.082037,140.0822172,0,95.268155,28474.039894,44500.857433,-223.101035,0.000000000,0.000000000,-0.045957132,0.998943413,0,0,0,0,1,-1
401,36.0820339,140.0822588,0,106.053545,28477.787876,44500.525525,-223.115426,0.000000000,0.000000000,-0.139635807,0.990202929,0,0,0,0,1,-1
402,36.082023899999996,140.08230179999998,0,95.038877,28481.664443,44499.428420,-223.125037,0.000000000,0.000000000,-0.043958328,0.999033366,0,0,0,0,1,-1
403,36.082020899999996,140.08234389999998,0,86.680487,28485.457424,44499.107755,-223.139712,0.000000000,0.000000000,0.028964164,0.999580451,0,0,0,0,1,-1
404,36.082023299999996,140.08239509999999,0,100.778000,28490.068083,44499.388901,-223.162250,0.000000000,0.000000000,-0.093917177,0.995580014,0,0,0,0,1,-1
405,36.0820173,140.0824341,0,91.326272,28493.582934,44498.734470,-223.173352,0.000000000,0.000000000,-0.011573648,0.999933023,0,0,0,0,1,-1
406,36.0820164,140.0824822,0,89.999986,28497.915571,44498.648562,-223.192086,0.000000000,0.000000000,0.000000122,1.000000000,0,0,0,0,1,-1
407,36.0820164,140.0825304,0,84.446107,28502.256890,44498.662546,-223.211561,0.000000000,0.000000000,0.048447887,0.998825712,0,0,0,0,1,-1
408,36.0820204,140.0825813,0,114.838181,28506.839951,44499.121145,-223.235230,0.000000000,0.000000000,-0.215060735,0.976600676,0,0,0,0,1,-1
409,36.082005099999996,140.0826222,0,90.159661,28510.529291,44497.435370,-223.239902,0.000000000,0.000000000,-0.001393305,0.999999029,0,0,0,0,1,-1
410,36.082004999999995,140.08266659999998,0,83.498211,28514.528385,44497.437161,-223.257772,0.000000000,0.000000000,0.056708374,0.998390785,0,0,0,0,1,-1
411,36.0820092,140.0827122,0,39.421197,28518.634009,44497.916420,-223.279462,0.000000000,0.000000000,0.427190620,0.904161586,0,0,0,0,1,-1
412,36.0820267,140.08273,0,5.503986,28520.230915,44499.863339,-223.300223,0.000000000,0.000000000,0.672341059,0.740241515,0,0,0,0,1,-1
413,36.0820527,140.08273309999998,0,356.172179,28520.500738,44502.749127,-223.321629,0.000000000,0.000000000,-0.730328143,-0.683096482,0,0,0,0,1,-1
414,36.0820986,140.08272929999998,0,327.335213,28520.141900,44507.840960,-223.355673,0.000000000,0.000000000,-0.877417529,-0.479727506,0,0,0,0,1,-1
415,36.0821165,140.0827151,0,31.676715,28518.856459,44509.822972,-223.363808,0.000000000,0.000000000,0.487275159,0.873248486,0,0,0,0,1,-1
416,36.082146099999996,140.0827377,0,354.294706,28520.881322,44513.113868,-223.395894,0.000000000,0.000000000,-0.741421503,-0.671039608,0,0,0,0,1,-1
417,36.0821914,140.0827321,0,99.321373,28520.360577,44518.138604,-223.428754,0.000000000,0.000000000,-0.081254647,0.996693374,0,0,0,0,1,-1
418,36.0821888,140.0827517,0,348.000528,28522.126862,44517.855806,-223.434663,0.000000000,0.000000000,-0.777143062,-0.629323972,0,0,0,0,1,-1
419,36.082221499999996,140.0827431,0,328.778712,28521.340461,44521.481610,-223.456542,0.000000000,0.000000000,-0.871304993,-0.490741897,0,0,0,0,1,-1
420,36.0822219,140.0827428,0,307.310388,28521.313296,44521.525906,-223.456731,0.000000000,0.000000000,-0.947460711,-0.319872163,0,0,0,0,1,-1
421,36.082231199999995,140.0827277,0,188.461725,28519.949901,44522.553424,-223.457837,0.000000000,0.000000000,-0.757346912,0.653012752,0,0,0,0,1,-1
422,36.082211099999995,140.08272399999998,0,167.697636,28519.623906,44520.322110,-223.440755,0.000000000,0.000000000,-0.627267607,0.778803794,0,0,0,0,1,-1
423,36.0821733,140.0827342,0,188.104961,28520.556258,44516.130888,-223.415569,0.000000000,0.000000000,-0.755310186,0.655367472,0,0,0,0,1,-1
424,36.0821506,140.0827302,0,185.787457,28520.204181,44513.610997,-223.396351,0.000000000,0.000000000,-0.741902453,0.670507830,0,0,0,0,1,-1
425,36.0821203,140.08272639999998,0,160.995693,28519.872863,44510.247890,-223.371323,0.000000000,0.000000000,-0.580672356,0.814137344,0,0,0,0,1,-1
426,36.0820966,140.08273649999998,0,169.076396,28520.791117,44507.621136,-223.357034,0.000000000,0.000000000,-0.636592506,0.771200351,0,0,0,0,1,-1
427,36.0820296,140.0827525,0,215.337559,28522.256416,44500.191648,-223.311568,0.000000000,0.000000000,-0.888367182,0.459133694,0,0,0,0,1,-1
428,36.0819864,140.0827146,0,283.101324,28518.858408,44495.387292,-223.262762,0.000000000,0.000000000,-0.993471371,-0.114081704,0,0,0,0,1,-1
429,36.0819924,140.0826827,0,294.111105,28515.983044,44496.043774,-223.254515,0.000000000,0.000000000,-0.977945555,-0.208859979,0,0,0,0,1,-1
430,36.081994099999996,140.082678,0,319.573651,28515.559106,44496.231037,-223.253933,0.000000000,0.000000000,-0.907873903,-0.419243338,0,0,0,0,1,-1
431,36.0820052,140.0826663,0,272.749543,28514.501292,44497.459266,-223.257806,0.000000000,0.000000000,-0.999712151,-0.023991987,0,0,0,0,1,-1
432,36.082006899999996,140.08262249999999,0,275.173363,28510.555662,44497.635180,-223.241419,0.000000000,0.000000000,-0.998981088,-0.045130775,0,0,0,0,1,-1
433,36.082009,140.08259379999998,0,274.911222,28507.969927,44497.859860,-223.231446,0.000000000,0.000000000,-0.999081715,-0.042845378,0,0,0,0,1,-1
434,36.0820095,140.08258659999998,0,307.184582,28507.321251,44497.913249,-223.228924,0.000000000,0.000000000,-0.947811317,-0.318831787,0,0,0,0,1,-1
435,36.0820198,140.0825698,0,301.584677,28505.804376,44499.051234,-223.230118,0.000000000,0.000000000,-0.962254394,-0.272151578,0,0,0,0,1,-1
436,36.0820278,140.0825537,0,281.466601,28504.351379,44499.934219,-223.229812,0.000000000,0.000000000,-0.994997677,-0.099898063,0,0,0,0,1,-1
437,36.082028799999996,140.0825476,0,251.893825,28503.801599,44500.043407,-223.228122,0.000000000,0.000000000,-0.987542972,0.157349542,0,0,0,0,1,-1
438,36.0820237,140.0825283,0,267.955818,28502.065110,44499.471925,-223.216371,0.000000000,0.000000000,-0.999840892,0.017837907,0,0,0,0,1,-1
439,36.0820231,140.0825075,0,264.807276,28500.191895,44499.399315,-223.207501,0.000000000,0.000000000,-0.998973448,0.045299558,0,0,0,0,1,-1
440,36.0820205,140.0824721,0,273.041727,28497.004396,44499.100556,-223.191184,0.000000000,0.000000000,-0.999647727,-0.026540959,0,0,0,0,1,-1
441,36.0820212,140.0824558,0,255.670022,28495.536021,44499.173498,-223.185141,0.000000000,0.000000000,-0.992191102,0.124726971,0,0,0,0,1,-1
442,36.082018,140.0824403,0,286.034953,28494.141108,44498.813938,-223.176399,0.000000000,0.000000000,-0.990225572,-0.139475148,0,0,0,0,1,-1
443,36.082027499999995,140.08239939999999,0,282.023628,28490.453864,44499.856169,-223.167242,0.000000000,0.000000000,-0.994500321,-0.104733525,0,0,0,0,1,-1
444,36.0820296,140.0823872,0,276.685886,28489.354267,44500.085641,-223.163942,0.000000000,0.000000000,-0.998298392,-0.058312265,0,0,0,0,1,-1
445,36.0820305,140.0823777,0,271.466483,28488.498288,44500.182747,-223.160803,0.000000000,0.000000000,-0.999918113,-0.012797129,0,0,0,0,1,-1
446,36.0820308,140.0823632,0,266.907150,28487.192181,44500.211829,-223.155179,0.000000000,0.000000000,-0.999635786,0.026986931,0,0,0,0,1,-1
447,36.0820298,140.0823403,0,294.506730,28485.129966,44500.094231,-223.145156,0.000000000,0.000000000,-0.977218644,-0.212235065,0,0,0,0,1,-1
448,36.0820305,140.0823384,0,267.785630,28484.958582,44500.171350,-223.144931,0.000000000,0.000000000,-0.999813297,0.019322821,0,0,0,0,1,-1
449,36.082029999999996,140.08232239999998,0,234.478500,28483.517661,44500.111232,-223.138083,0.000000000,0.000000000,-0.952338583,0.305042985,0,0,0,0,1,-1
450,36.0820285,140.0823198,0,234.478500,28483.284023,44499.944042,-223.135870,0.000000000,0.000000000,-0.952338583,0.305042985,0,0,0,0,1,-1
451,36.0820285,140.0823198,0,289.669863,28483.284023,44499.944042,-223.135870,0.000000000,0.000000000,-0.985303944,-0.170810241,0,0,0,0,1,-1
452,36.0820298,140.0823153,0,266.654427,28482.878244,44500.086982,-223.135061,0.000000000,0.000000000,-0.999573838,0.029191485,0,0,0,0,1,-1
453,36.0820292,140.0823026,0,272.562988,28481.734586,44500.016725,-223.129468,0.000000000,0.000000000,-0.999749885,-0.022364425,0,0,0,0,1,-1
454,36.082030599999996,140.0822639,0,268.049510,28478.248417,44500.160845,-223.114927,0.000000000,0.000000000,-0.999855142,0.017020414,0,0,0,0,1,-1
455,36.0820303,140.08225299999998,0,266.067559,28477.266775,44500.124398,-223.110294,0.000000000,0.000000000,-0.999411229,0.034310286,0,0,0,0,1,-1
456,36.0820302,140.0822512,0,274.215931,28477.104687,44500.112780,-223.109490,0.000000000,0.000000000,-0.999323290,-0.036782639,0,0,0,0,1,-1
457,36.0820316,140.0822277,0,275.579309,28474.987564,44500.261308,-223.101088,0.000000000,0.000000000,-0.998814942,-0.048669422,0,0,0,0,1,-1
458,36.0820352,140.08218209999998,0,277.735915,28470.879127,44500.647536,-223.085472,0.000000000,0.000000000,-0.997722160,-0.067457328,0,0,0,0,1,-1
459,36.0820398,140.0821402,0,293.416220,28467.103584,44501.145796,-223.072126,0.000000000,0.000000000,-0.979194097,-0.202925899,0,0,0,0,1,-1
460,36.0820405,140.0821382,0,276.103574,28466.923194,44501.222887,-223.071862,0.000000000,0.000000000,-0.998581823,-0.053238550,0,0,0,0,1,-1
461,36.082043999999996,140.0820977,0,274.162974,28463.274145,44501.599501,-223.058231,0.000000000,0.000000000,-0.999340182,-0.036320811,0,0,0,0,1,-1
462,36.082044499999995,140.08208919999998,0,291.323518,28462.508379,44501.652517,-223.055189,0.000000000,0.000000000,-0.982736497,-0.185010747,0,0,0,0,1,-1
463,36.0820498,140.0820724,0,305.383583,28460.993313,44502.235722,-223.052518,0.000000000,0.000000000,-0.952705029,-0.303896574,0,0,0,0,1,-1
464,36.0820626,140.0820501,0,292.109000,28458.980165,44503.649514,-223.053443,0.000000000,0.000000000,-0.981445241,-0.191742637,0,0,0,0,1,-1
465,36.0820735,140.08201689999999,0,292.413815,28455.985953,44504.849330,-223.048498,0.000000000,0.000000000,-0.980931732,-0.194352612,0,0,0,0,1,-1
466,36.0820742,140.0820148,0,278.731443,28455.796556,44504.926391,-223.048193,0.000000000,0.000000000,-0.997098473,-0.076122505,0,0,0,0,1,-1
467,36.0820795,140.0819721,0,283.376404,28451.948709,44505.502096,-223.035077,0.000000000,0.000000000,-0.993194653,-0.116466227,0,0,0,0,1,-1
468,36.0820854,140.0819414,0,283.376404,28449.181471,44506.147852,-223.027268,0.000000000,0.000000000,-0.993194653,-0.116466227,0,0,0,0,1,-1
469,36.0820854,140.0819414,0,271.648277,28449.181471,44506.147852,-223.027268,0.000000000,0.000000000,-0.999896553,-0.014383434,0,0,0,0,1,-1
470,36.0820856,140.0819328,0,272.443188,28448.406808,44506.167553,-223.023955,0.000000000,0.000000000,-0.999772720,-0.021319222,0,0,0,0,1,-1
471,36.082085899999996,140.08192409999998,0,276.418054,28447.623101,44506.198320,-223.020679,0.000000000,0.000000000,-0.998431957,-0.055978810,0,0,0,0,1,-1
472,36.0820863,140.0819197,0,245.217211,28447.226654,44506.241429,-223.019214,0.000000000,0.000000000,-0.976704519,0.214588634,0,0,0,0,1,-1
473,36.0820838,140.081913,0,282.521576,28446.624094,44505.962096,-223.014574,0.000000000,0.000000000,-0.994035822,-0.109054040,0,0,0,0,1,-1
474,36.0820845,140.0819091,0,279.786101,28446.272574,44506.038636,-223.013544,0.000000000,0.000000000,-0.996355649,-0.085296074,0,0,0,0,1,-1
475,36.0820868,140.0818926,0,284.557707,28444.785610,44506.289060,-223.008673,0.000000000,0.000000000,-0.991941272,-0.126698515,0,0,0,0,1,-1
476,36.0820919,140.0818683,0,249.941761,28442.595102,44506.847906,-223.002828,0.000000000,0.000000000,-0.984719372,0.174148665,0,0,0,0,1,-1
477,36.082090099999995,140.0818622,0,274.162981,28442.046330,44506.646416,-222.998973,0.000000000,0.000000000,-0.999340179,-0.036320872,0,0,0,0,1,-1
478,36.0820916,140.0818367,0,273.124637,28439.749036,44506.805469,-222.989854,0.000000000,0.000000000,-0.999628262,-0.027264223,0,0,0,0,1,-1
479,36.0820919,140.0818299,0,276.054122,28439.136460,44506.836788,-222.987345,0.000000000,0.000000000,-0.998604705,-0.052807607,0,0,0,0,1,-1
480,36.0820949,140.0817949,0,260.737606,28435.982973,44507.159527,-222.975560,0.000000000,0.000000000,-0.996735063,0.080741649,0,0,0,0,1,-1
481,36.0820886,140.0817471,0,258.347473,28431.679953,44506.446660,-222.951408,0.000000000,0.000000000,-0.994834282,0.101512324,0,0,0,0,1,-1
482,36.082085299999996,140.08172729999998,0,272.543295,28429.897779,44506.074771,-222.940869,0.000000000,0.000000000,-0.999753714,-0.022192614,0,0,0,0,1,-1
483,36.082086,140.0817078,0,260.543220,28428.141186,44506.146797,-222.933553,0.000000000,0.000000000,-0.996596664,0.082432331,0,0,0,0,1,-1
484,36.0820846,140.0816974,0,276.774214,28427.204975,44505.988447,-222.928276,0.000000000,0.000000000,-0.998253148,-0.059081743,0,0,0,0,1,-1
485,36.0820858,140.0816849,0,264.112864,28426.078683,44506.117979,-222.924169,0.000000000,0.000000000,-0.998680597,0.051352357,0,0,0,0,1,-1
486,36.0820849,140.0816741,0,273.278612,28425.106264,44506.014992,-222.919119,0.000000000,0.000000000,-0.999590725,-0.028607384,0,0,0,0,1,-1
487,36.0820854,140.0816633,0,270.000002,28424.133341,44506.067345,-222.915155,0.000000000,0.000000000,-1.000000000,-0.000000017,0,0,0,0,1,-1
488,36.0820854,140.08165549999998,0,272.044193,28423.430804,44506.065088,-222.912012,0.000000000,0.000000000,-0.999840890,-0.017838003,0,0,0,0,1,-1
489,36.0820857,140.0816451,0,264.042443,28422.493981,44506.095366,-222.908053,0.000000000,0.000000000,-0.998648851,0.051966075,0,0,0,0,1,-1
490,36.0820843,140.0816285,0,285.610541,28420.999343,44505.935223,-222.900280,0.000000000,0.000000000,-0.990735352,-0.135806708,0,0,0,0,1,-1
491,36.0820885,140.0816099,0,272.698781,28419.322552,44506.395862,-222.896041,0.000000000,0.000000000,-0.999722681,-0.023549130,0,0,0,0,1,-1
492,36.082088899999995,140.0815994,0,280.894927,28418.376686,44506.437207,-222.892121,0.000000000,0.000000000,-0.995483664,-0.094932999,0,0,0,0,1,-1
493,36.082089599999996,140.0815949,0,284.323181,28417.971124,44506.513576,-222.890851,0.000000000,0.000000000,-0.992198498,-0.124668119,0,0,0,0,1,-1
494,36.0820909,140.0815886,0,278.640351,28417.403223,44506.655997,-222.889320,0.000000000,0.000000000,-0.997158670,-0.075329860,0,0,0,0,1,-1
495,36.0820923,140.0815772,0,267.048641,28416.375935,44506.808040,-222.885813,0.000000000,0.000000000,-0.999668346,0.025752619,0,0,0,0,1,-1
496,36.0820922,140.0815748,0,277.793987,28416.159806,44506.796250,-222.884769,0.000000000,0.000000000,-0.997687846,-0.067962939,0,0,0,0,1,-1
497,36.0820972,140.08152959999998,0,272.401838,28412.086898,44507.337961,-222.870437,0.000000000,0.000000000,-0.999780347,-0.020958456,0,0,0,0,1,-1
498,36.0820988,140.0814824,0,278.282454,28407.835076,44507.501842,-222.852667,0.000000000,0.000000000,-0.997389079,-0.072215131,0,0,0,0,1,-1
499,36.0820994,140.0814773,0,260.114032,28407.375510,44507.566941,-222.851078,0.000000000,0.000000000,-0.996280935,0.086164370,0,0,0,0,1,-1
500,36.0820964,140.081456,0,273.372072,28405.458124,44507.227910,-222.840175,0.000000000,0.000000000,-0.999567061,-0.029422633,0,0,0,0,1,-1
501,36.0820967,140.0814497,0,264.530728,28404.890582,44507.259376,-222.837870,0.000000000,0.000000000,-0.998861216,0.047710283,0,0,0,0,1,-1
502,36.0820954,140.08143289999998,0,277.196143,28403.377895,44507.110273,-222.830098,0.000000000,0.000000000,-0.998028841,-0.062756927,0,0,0,0,1,-1
503,36.0820959,140.081428,0,268.364402,28402.936378,44507.164335,-222.828512,0.000000000,0.000000000,-0.999898138,0.014272801,0,0,0,0,1,-1
504,36.082095599999995,140.081415,0,275.653213,28401.765591,44507.127289,-222.823045,0.000000000,0.000000000,-0.998783345,-0.049313581,0,0,0,0,1,-1
505,36.082096,140.08141,0,264.521002,28401.315104,44507.170226,-222.821342,0.000000000,0.000000000,-0.998857163,0.047795062,0,0,0,0,1,-1
506,36.082094999999995,140.0813971,0,279.199621,28400.153576,44507.055539,-222.815373,0.000000000,0.000000000,-0.996779144,-0.080195628,0,0,0,0,1,-1
507,36.082097499999996,140.081378,0,265.611992,28398.432363,44507.327411,-222.809621,0.000000000,0.000000000,-0.999266928,0.038283236,0,0,0,0,1,-1
508,36.0820967,140.0813651,0,274.367778,28397.270764,44507.234915,-222.803807,0.000000000,0.000000000,-0.999273671,-0.038106825,0,0,0,0,1,-1
509,36.0820972,140.081357,0,270.460354,28396.541027,44507.288053,-222.800934,0.000000000,0.000000000,-0.999991930,-0.004017336,0,0,0,0,1,-1
510,36.0820973,140.0813416,0,262.946319,28395.153932,44507.294697,-222.794812,0.000000000,0.000000000,-0.998106090,0.061516114,0,0,0,0,1,-1
511,36.082096799999995,140.0813366,0,272.847723,28394.703767,44507.237773,-222.792412,0.000000000,0.000000000,-0.999691228,-0.024848513,0,0,0,0,1,-1
512,36.0820976,140.0813167,0,279.043471,28392.911111,44507.320786,-222.785021,0.000000000,0.000000000,-0.996887498,-0.078837277,0,0,0,0,1,-1
513,36.0821007,140.08129259999998,0,256.319429,28390.739339,44507.657788,-222.777724,0.000000000,0.000000000,-0.992882011,0.119102108,0,0,0,0,1,-1
514,36.0820983,140.0812804,0,275.102632,28389.641363,44507.387965,-222.770953,0.000000000,0.000000000,-0.999008754,-0.044514150,0,0,0,0,1,-1
515,36.0820997,140.08126099999998,0,261.297000,28387.893525,44507.537698,-222.764231,0.000000000,0.000000000,-0.997117336,0.075875011,0,0,0,0,1,-1
516,36.0820985,140.0812513,0,269.517743,28387.020289,44507.401746,-222.759397,0.000000000,0.000000000,-0.999991144,0.004208474,0,0,0,0,1,-1
517,36.0820982,140.0812072,0,274.332259,28383.048364,44507.355716,-222.741418,0.000000000,0.000000000,-0.999285435,-0.037797086,0,0,0,0,1,-1
518,36.0820985,140.0812023,0,267.166500,28382.606919,44507.387587,-222.739679,0.000000000,0.000000000,-0.999694304,0.024724432,0,0,0,0,1,-1
519,36.0820982,140.0811948,0,283.393681,28381.931511,44507.352133,-222.736429,0.000000000,0.000000000,-0.993177082,-0.116615970,0,0,0,0,1,-1
520,36.0821038,140.08116569999999,0,254.125297,28379.308497,44507.965086,-222.729062,0.000000000,0.000000000,-0.990419652,0.138090236,0,0,0,0,1,-1
521,36.082094399999995,140.0811248,0,188.057531,28375.628062,44506.910273,-222.705320,0.000000000,0.000000000,-0.755038861,0.655680042,0,0,0,0,1,-1
522,36.0820493,140.08111689999998,0,189.674460,28374.932724,44501.903819,-222.667182,0.000000000,0.000000000,-0.764215277,0.644961247,0,0,0,0,1,-1
523,36.0820109,140.08110879999998,0,201.531322,28374.216963,44497.640722,-222.634160,0.000000000,0.000000000,-0.826743553,0.562578970,0,0,0,0,1,-1
524,36.0819982,140.08110259999998,0,259.711245,28373.663099,44496.229774,-222.621823,0.000000000,0.000000000,-0.995971915,0.089665737,0,0,0,0,1,-1
525,36.0819933,140.0810692,0,282.678954,28370.656559,44495.676437,-222.604591,0.000000000,0.000000000,-0.993885112,-0.110419128,0,0,0,0,1,-1
526,36.0819937,140.081067,0,271.174900,28370.458263,44495.720184,-222.604016,0.000000000,0.000000000,-0.999947439,-0.010252757,0,0,0,0,1,-1
527,36.081994,140.08104889999998,0,289.340103,28368.827908,44495.748244,-222.596969,0.000000000,0.000000000,-0.985791404,-0.167974129,0,0,0,0,1,-1
528,36.0820058,140.08100729999998,0,289.109139,28365.076804,44497.045526,-222.589385,0.000000000,0.000000000,-0.986127960,-0.165986886,0,0,0,0,1,-1
529,36.0820072,140.0810023,0,270.000004,28364.625956,44497.199423,-222.588459,0.000000000,0.000000000,-1.000000000,-0.000000035,0,0,0,0,1,-1
530,36.0820072,140.0809888,0,278.250540,28363.410026,44497.195524,-222.583030,0.000000000,0.000000000,-0.997409152,-0.071937353,0,0,0,0,1,-1
531,36.082008699999996,140.080976,0,274.795235,28362.256606,44497.358264,-222.579046,0.000000000,0.000000000,-0.999124571,-0.041834108,0,0,0,0,1,-1
532,36.0820095,140.08096419999998,0,275.543057,28361.193506,44497.443623,-222.574922,0.000000000,0.000000000,-0.998830289,-0.048353436,0,0,0,0,1,-1
533,36.082009899999996,140.0809591,0,262.528403,28360.734011,44497.486534,-222.573181,0.000000000,0.000000000,-0.997875104,0.065155795,0,0,0,0,1,-1
534,36.0820076,140.08093739999998,0,281.126135,28358.780342,44497.225067,-222.562674,0.000000000,0.000000000,-0.995290095,-0.096941362,0,0,0,0,1,-1
535,36.08201,140.0809223,0,271.027360,28357.419440,44497.487005,-222.558464,0.000000000,0.000000000,-0.999959811,-0.008965287,0,0,0,0,1,-1
536,36.0820101,140.08091539999998,0,283.825962,28356.797929,44497.496109,-222.555767,0.000000000,0.000000000,-0.992730098,-0.120361756,0,0,0,0,1,-1
537,36.0820137,140.0808973,0,256.561834,28355.166389,44497.890330,-222.551281,0.000000000,0.000000000,-0.993131736,0.117001517,0,0,0,0,1,-1
538,36.0820109,140.08088279999998,0,301.744171,28353.861396,44497.575465,-222.543282,0.000000000,0.000000000,-0.961874668,-0.273490626,0,0,0,0,1,-1
539,36.082015399999996,140.0808738,0,264.970207,28353.049160,44498.072174,-222.543153,0.000000000,0.000000000,-0.999036847,0.043879131,0,0,0,0,1,-1
540,36.0820137,140.0808499,0,278.749189,28350.897125,44497.876649,-222.532229,0.000000000,0.000000000,-0.997086672,-0.076276918,0,0,0,0,1,-1
541,36.0820187,140.0808097,0,272.623916,28347.274561,44498.419834,-222.519947,0.000000000,0.000000000,-0.999737853,-0.022895986,0,0,0,0,1,-1
542,36.0820188,140.080807,0,261.120363,28347.031339,44498.430150,-222.518940,0.000000000,0.000000000,-0.996999194,0.077411925,0,0,0,0,1,-1
543,36.0820163,140.0807872,0,272.310552,28345.248873,44498.147043,-222.509045,0.000000000,0.000000000,-0.999796726,-0.020162004,0,0,0,0,1,-1
544,36.082016599999996,140.08077799999998,0,267.343340,28344.420131,44498.177676,-222.505581,0.000000000,0.000000000,-0.999731269,0.023181655,0,0,0,0,1,-1
545,36.0820157,140.08075399999998,0,278.938879,28342.258801,44498.070889,-222.495240,0.000000000,0.000000000,-0.996959041,-0.077927347,0,0,0,0,1,-1
546,36.082017199999996,140.0807422,0,267.408047,28341.195450,44498.233921,-222.491661,0.000000000,0.000000000,-0.999744200,0.022617128,0,0,0,0,1,-1
547,36.0820163,140.08071759999999,0,276.899444,28338.980079,44498.126962,-222.481080,0.000000000,0.000000000,-0.998187985,-0.060172636,0,0,0,0,1,-1
548,36.0820194,140.0806859,0,271.492198,28336.123783,44498.461785,-222.470748,0.000000000,0.000000000,-0.999915216,-0.013021516,0,0,0,0,1,-1
549,36.082019599999995,140.0806764,0,273.726072,28335.268057,44498.481236,-222.467086,0.000000000,0.000000000,-0.999471398,-0.032510383,0,0,0,0,1,-1
550,36.0820201,140.08066689999998,0,269.175698,28334.412223,44498.533974,-222.463658,0.000000000,0.000000000,-0.999974128,0.007193330,0,0,0,0,1,-1
551,36.0820199,140.08064969999998,0,278.792242,28332.863110,44498.506821,-222.456594,0.000000000,0.000000000,-0.997057944,-0.076651526,0,0,0,0,1,-1
552,36.082020199999995,140.08064729999998,0,264.353219,28332.646837,44498.539416,-222.455862,0.000000000,0.000000000,-0.998786112,0.049257520,0,0,0,0,1,-1
553,36.0820167,140.0806035,0,257.049898,28328.703076,44498.138434,-222.435558,0.000000000,0.000000000,-0.993621055,0.112770560,0,0,0,0,1,-1
554,36.0820146,140.08059219999998,0,282.819905,28327.686051,44497.902165,-222.429392,0.000000000,0.000000000,-0.993748542,-0.111641552,0,0,0,0,1,-1
555,36.0820162,140.0805835,0,257.722423,28326.901878,44498.077187,-222.427138,0.000000000,0.000000000,-0.994265777,0.106937201,0,0,0,0,1,-1
556,36.0820127,140.0805636,0,287.460031,28325.110763,44497.683099,-222.416434,0.000000000,0.000000000,-0.988414510,-0.151778641,0,0,0,0,1,-1
557,36.082023299999996,140.08052189999998,0,279.577337,28321.351089,44498.847222,-222.407906,0.000000000,0.000000000,-0.996509389,-0.083480763,0,0,0,0,1,-1
558,36.082026299999995,140.0804999,0,264.524842,28319.368498,44499.173751,-222.401399,0.000000000,0.000000000,-0.998858764,0.047761590,0,0,0,0,1,-1
559,36.0820252,140.0804857,0,277.498942,28318.089914,44499.047604,-222.394845,0.000000000,0.000000000,-0.997859527,-0.065393916,0,0,0,0,1,-1
560,36.0820267,140.08047159999998,0,271.968541,28316.819405,44499.209975,-222.390347,0.000000000,0.000000000,-0.999852449,-0.017177916,0,0,0,0,1,-1
561,36.082026899999995,140.08046439999998,0,277.258960,28316.170838,44499.230091,-222.387612,0.000000000,0.000000000,-0.997994289,-0.063304019,0,0,0,0,1,-1
562,36.0820283,140.0804508,0,264.513550,28314.945399,44499.381511,-222.383238,0.000000000,0.000000000,-0.998854053,0.047860018,0,0,0,0,1,-1
563,36.0820266,140.0804289,0,277.754196,28312.973501,44499.186572,-222.373129,0.000000000,0.000000000,-0.997711386,-0.067616496,0,0,0,0,1,-1
564,36.082031199999996,140.0803871,0,271.754292,28309.206973,44499.684928,-222.359918,0.000000000,0.000000000,-0.999882818,-0.015308488,0,0,0,0,1,-1
565,36.0820317,140.0803669,0,270.668796,28307.387403,44499.734585,-222.352199,0.000000000,0.000000000,-0.999982969,-0.005836313,0,0,0,0,1,-1
566,36.082031799999996,140.0803563,0,271.023658,28306.432637,44499.742626,-222.348022,0.000000000,0.000000000,-0.999960100,-0.008932982,0,0,0,0,1,-1
567,36.0820322,140.0803286,0,276.739647,28303.937586,44499.779027,-222.337217,0.000000000,0.000000000,-0.998270925,-0.058780613,0,0,0,0,1,-1
568,36.0820339,140.0803108,0,272.560777,28302.333751,44499.962526,-222.331392,0.000000000,0.000000000,-0.999750316,-0.022345135,0,0,0,0,1,-1
569,36.082034199999995,140.0803025,0,282.498416,28301.586072,44499.993422,-222.328295,0.000000000,0.000000000,-0.994057843,-0.108853134,0,0,0,0,1,-1
570,36.082040899999996,140.0802651,0,269.665598,28298.215096,44500.726060,-222.318483,0.000000000,0.000000000,-0.999995742,0.002918204,0,0,0,0,1,-1
571,36.0820408,140.0802439,0,279.892475,28296.305672,44500.708858,-222.309901,0.000000000,0.000000000,-0.996276041,-0.086220943,0,0,0,0,1,-1
572,36.0820429,140.080229,0,279.892475,28294.962893,44500.937576,-222.305552,0.000000000,0.000000000,-0.996276041,-0.086220943,0,0,0,0,1,-1
573,36.0820429,140.080229,0,275.290012,28294.962893,44500.937576,-222.305552,0.000000000,0.000000000,-0.998934629,-0.046147668,0,0,0,0,1,-1
574,36.082043999999996,140.0802143,0,282.678962,28293.638487,44501.055395,-222.300508,0.000000000,0.000000000,-0.993885104,-0.110419197,0,0,0,0,1,-1
575,36.0820444,140.08021209999998,0,277.127955,28293.440192,44501.099144,-222.299935,0.000000000,0.000000000,-0.998066008,-0.062163037,0,0,0,0,1,-1
576,36.0820463,140.0801933,0,274.613611,28291.746217,44501.304548,-222.293867,0.000000000,0.000000000,-0.999189621,-0.040250475,0,0,0,0,1,-1
577,36.0820466,140.08018869999998,0,276.549245,28291.331793,44501.336510,-222.292255,0.000000000,0.000000000,-0.998367215,-0.057121835,0,0,0,0,1,-1
578,36.0820475,140.080179,0,270.000001,28290.457803,44501.433578,-222.289062,0.000000000,0.000000000,-1.000000000,-0.000000009,0,0,0,0,1,-1
579,36.0820475,140.0801765,0,276.766548,28290.232631,44501.432858,-222.288059,0.000000000,0.000000000,-0.998257098,-0.059014961,0,0,0,0,1,-1
580,36.082048199999996,140.0801692,0,276.766548,28289.574877,44501.508426,-222.285674,0.000000000,0.000000000,-0.998257098,-0.059014961,0,0,0,0,1,-1
581,36.082048199999996,140.0801692,0,270.000001,28289.574877,44501.508426,-222.285674,0.000000000,0.000000000,-1.000000000,-0.000000009,0,0,0,0,1,-1
582,36.082048199999996,140.0801667,0,272.104857,28289.349705,44501.507706,-222.284672,0.000000000,0.000000000,-0.999831307,-0.018367310,0,0,0,0,1,-1
583,36.0820485,140.08015659999998,0,273.014040,28288.439902,44501.538084,-222.280854,0.000000000,0.000000000,-0.999654110,-0.026299428,0,0,0,0,1,-1
584,36.0820487,140.0801519,0,272.097458,28288.016507,44501.558922,-222.279124,0.000000000,0.000000000,-0.999832491,-0.018302752,0,0,0,0,1,-1
585,36.0820501,140.0801046,0,273.442166,28283.755749,44501.700642,-222.261241,0.000000000,0.000000000,-0.999548876,-0.030034048,0,0,0,0,1,-1
586,36.0820522,140.0800614,0,272.924335,28279.864023,44501.921214,-222.245548,0.000000000,0.000000000,-0.999674392,-0.025516867,0,0,0,0,1,-1
587,36.082053099999996,140.0800396,0,276.141185,28277.900200,44502.014800,-222.237506,0.000000000,0.000000000,-0.998564295,-0.053566299,0,0,0,0,1,-1
588,36.0820533,140.0800373,0,270.730846,28277.692970,44502.036330,-222.236739,0.000000000,0.000000000,-0.999979662,-0.006377791,0,0,0,0,1,-1
589,36.0820535,140.0800179,0,277.578645,28275.945563,44502.052936,-222.229117,0.000000000,0.000000000,-0.997813802,-0.066087951,0,0,0,0,1,-1
590,36.0820545,140.08000859999999,0,271.771821,28275.107565,44502.161217,-222.226164,0.000000000,0.000000000,-0.999880465,-0.015461439,0,0,0,0,1,-1
591,36.0820548,140.0799966,0,273.079437,28274.026631,44502.191050,-222.221587,0.000000000,0.000000000,-0.999638938,-0.026869923,0,0,0,0,1,-1
592,36.082054899999996,140.07999429999998,0,271.181425,28273.819437,44502.201484,-222.220742,0.000000000,0.000000000,-0.999946854,-0.010309695,0,0,0,0,1,-1
593,36.0820551,140.07998229999998,0,280.640190,28272.738540,44502.220221,-222.216088,0.000000000,0.000000000,-0.995692240,-0.092719806,0,0,0,0,1,-1
594,36.082057999999996,140.07996319999998,0,272.231798,28271.017187,44502.536500,-222.210680,0.000000000,0.000000000,-0.999810347,-0.019474880,0,0,0,0,1,-1
595,36.0820584,140.0799505,0,276.264028,28269.873169,44502.577228,-222.205900,0.000000000,0.000000000,-0.998506298,-0.054636737,0,0,0,0,1,-1
596,36.0820595,140.0799381,0,270.476876,28268.755922,44502.695712,-222.201783,0.000000000,0.000000000,-0.999991341,-0.004161516,0,0,0,0,1,-1
597,36.082059799999996,140.0798935,0,233.950755,28264.738744,44502.716165,-222.184143,0.000000000,0.000000000,-0.950923630,0.309425676,0,0,0,0,1,-1
598,36.0820368,140.0798544,0,238.325362,28261.225284,44500.152899,-222.150648,0.000000000,0.000000000,-0.962040443,0.272906920,0,0,0,0,1,-1
599,36.082018399999995,140.0798175,0,236.099524,28257.908327,44498.100670,-222.121603,0.000000000,0.000000000,-0.956558323,0.291541034,0,0,0,0,1,-1
600,36.0819976,140.0797792,0,284.292088,28254.466131,44495.781743,-222.090140,0.000000000,0.000000000,-0.992232289,-0.124398894,0,0,0,0,1,-1
601,36.081998299999995,140.0797758,0,269.229449,28254.159646,44495.858435,-222.089320,0.000000000,0.000000000,-0.999977392,0.006724275,0,0,0,0,1,-1
602,36.0819982,140.0797666,0,271.446536,28253.331048,44495.844693,-222.085558,0.000000000,0.000000000,-0.999920326,-0.012623073,0,0,0,0,1,-1
603,36.081998299999995,140.0797617,0,262.219270,28252.889674,44495.854379,-222.083673,0.000000000,0.000000000,-0.997695702,0.067847517,0,0,0,0,1,-1
604,36.081994699999996,140.07972909999998,0,280.024351,28249.954716,44495.445557,-222.067826,0.000000000,0.000000000,-0.996176155,-0.087367435,0,0,0,0,1,-1
605,36.0819981,140.0797053,0,264.316286,28247.809860,44495.815968,-222.060929,0.000000000,0.000000000,-0.998770184,0.049579427,0,0,0,0,1,-1
606,36.0819944,140.0796593,0,211.351431,28243.668013,44495.392199,-222.039642,0.000000000,0.000000000,-0.871861772,0.489752030,0,0,0,0,1,-1
607,36.0819879,140.07965439999998,0,291.723120,28243.229000,44494.669568,-222.032642,0.000000000,0.000000000,-0.982085357,-0.188436600,0,0,0,0,1,-1
608,36.082000199999996,140.0796162,0,268.239186,28239.783969,44496.023359,-222.026881,0.000000000,0.000000000,-0.999881945,0.015365396,0,0,0,0,1,-1
609,36.0819998,140.0796001,0,282.144413,28238.334003,44495.974348,-222.020125,0.000000000,0.000000000,-0.994389375,-0.105781717,0,0,0,0,1,-1
610,36.082000199999996,140.0795978,0,273.882822,28238.126701,44496.018070,-222.019514,0.000000000,0.000000000,-0.999425992,-0.033877531,0,0,0,0,1,-1
611,36.0820015,140.0795741,0,280.294435,28235.991603,44496.155502,-222.011035,0.000000000,0.000000000,-0.995967469,-0.089715105,0,0,0,0,1,-1
612,36.0820079,140.0795305,0,284.161482,28232.062311,44496.853096,-221.998543,0.000000000,0.000000000,-0.992373428,-0.123267914,0,0,0,0,1,-1
613,36.0820131,140.07950499999998,0,2.215623,28229.763695,44497.422745,-221.992368,0.000000000,0.000000000,0.693303584,0.720645641,0,0,0,0,1,-1
614,36.082050699999996,140.0795068,0,344.878389,28229.912378,44501.595255,-222.022232,0.000000000,0.000000000,-0.793998945,-0.607919135,0,0,0,0,1,-1
615,36.082083,140.079496,0,5.184530,28228.928088,44505.176070,-222.042948,0.000000000,0.000000000,0.674402074,0.738364302,0,0,0,0,1,-1
616,36.0821213,140.0795003,0,5.582567,28229.301693,44509.426968,-222.074361,0.000000000,0.000000000,0.671833281,0.740702398,0,0,0,0,1,-1
617,36.082155199999995,140.0795044,0,359.089587,28229.658857,44513.189596,-222.102285,0.000000000,0.000000000,-0.712702265,-0.701466665,0,0,0,0,1,-1
618,36.0821908,140.0795037,0,3.842623,28229.583083,44517.139473,-222.129608,0.000000000,0.000000000,0.683002138,0.730416374,0,0,0,0,1,-1
619,36.0822281,140.0795068,0,1.770660,28229.848962,44521.279069,-222.159773,0.000000000,0.000000000,0.696096643,0.717948093,0,0,0,0,1,-1
620,36.082264699999996,140.0795082,0,2.389942,28229.961974,44525.340506,-222.188718,0.000000000,0.000000000,0.692206522,0.721699474,0,0,0,0,1,-1
621,36.0823073,140.0795104,0,357.730108,28230.144896,44530.067917,-222.222639,0.000000000,0.000000000,-0.720973899,-0.692962219,0,0,0,0,1,-1
622,36.082344,140.0795086,0,14.142436,28229.969653,44534.139530,-222.250386,0.000000000,0.000000000,0.614681512,0.788775405,0,0,0,0,1,-1
623,36.0823873,140.0795221,0,6.531402,28231.170099,44538.947859,-222.289379,0.000000000,0.000000000,0.665677196,0.746239821,0,0,0,0,1,-1
624,36.082423299999995,140.0795272,0,358.971116,28231.616578,44542.943785,-222.319350,0.000000000,0.000000000,-0.713427098,-0.700729460,0,0,0,0,1,-1
625,36.0824593,140.0795264,0,12.101698,28231.531653,44546.938016,-222.346963,0.000000000,0.000000000,0.628630440,0.777704166,0,0,0,0,1,-1
626,36.0824887,140.07953419999998,0,5.936001,28232.223675,44550.202400,-222.372898,0.000000000,0.000000000,0.669545546,0.742771002,0,0,0,0,1,-1
627,36.0825229,140.0795386,0,5.940009,28232.607749,44553.998403,-222.401199,0.000000000,0.000000000,0.669519566,0.742794420,0,0,0,0,1,-1
628,36.0825563,140.0795429,0,8.382688,28232.983101,44557.705610,-222.428842,0.000000000,0.000000000,0.653534960,0.756896331,0,0,0,0,1,-1
629,36.0825914,140.0795493,0,9.824977,28233.546989,44561.602049,-222.458646,0.000000000,0.000000000,0.643956888,0.765061779,0,0,0,0,1,-1
630,36.082626399999995,140.0795568,0,4.260434,28234.209987,44565.487708,-222.488816,0.000000000,0.000000000,0.680334441,0.732901800,0,0,0,0,1,-1
631,36.0826622,140.07956009999998,0,0.371422,28234.494412,44569.460926,-222.517928,0.000000000,0.000000000,0.704811148,0.709394986,0,0,0,0,1,-1
632,36.0826996,140.0795604,0,6.185798,28234.508060,44573.610813,-222.547085,0.000000000,0.000000000,0.667924797,0.744228772,0,0,0,0,1,-1
633,36.0827339,140.079565,0,7.320456,28234.910110,44577.417969,-222.575558,0.000000000,0.000000000,0.660523001,0.750805811,0,0,0,0,1,-1
634,36.0827685,140.0795705,0,7.279232,28235.393113,44581.258670,-222.604626,0.000000000,0.000000000,0.660793058,0.750568141,0,0,0,0,1,-1
635,36.0828014,140.0795757,0,4.248600,28235.849703,44584.910658,-222.632257,0.000000000,0.000000000,0.680410125,0.732831537,0,0,0,0,1,-1
636,36.0828373,140.079579,0,5.590901,28236.134090,44588.894972,-222.661459,0.000000000,0.000000000,0.671779410,0.740751257,0,0,0,0,1,-1
637,36.0828728,140.0795833,0,3.749058,28236.508689,44592.835190,-222.690753,0.000000000,0.000000000,0.683598302,0.729858453,0,0,0,0,1,-1
638,36.082906099999995,140.079586,0,7.628652,28236.739965,44596.530842,-222.717700,0.000000000,0.000000000,0.658501309,0.752579581,0,0,0,0,1,-1
639,36.0829417,140.0795919,0,0.601334,28237.258636,44600.482616,-222.747717,0.000000000,0.000000000,0.703386428,0.710807662,0,0,0,0,1,-1
640,36.0829802,140.0795924,0,358.634713,28237.289903,44604.754614,-222.777829,0.000000000,0.000000000,-0.715481131,-0.698632057,0,0,0,0,1,-1
641,36.0830175,140.0795913,0,328.416813,28237.177490,44608.893003,-222.806370,0.000000000,0.000000000,-0.872850489,-0.487987730,0,0,0,0,1,-1
642,36.0830501,140.0795665,0,307.587670,28234.932154,44612.503080,-222.821774,0.000000000,0.000000000,-0.946683930,-0.322163834,0,0,0,0,1,-1
643,36.0830608,140.0795493,0,267.562046,28233.379164,44613.685379,-222.823204,0.000000000,0.000000000,-0.999773692,0.021273557,0,0,0,0,1,-1
644,36.0830592,140.0795028,0,269.229438,28229.191588,44613.494483,-222.803350,0.000000000,0.000000000,-0.999977391,0.006724371,0,0,0,0,1,-1
645,36.0830591,140.0794936,0,279.827939,28228.363001,44613.480744,-222.799591,0.000000000,0.000000000,-0.996324441,-0.085659843,0,0,0,0,1,-1
646,36.083060499999995,140.0794836,0,269.620887,28227.461823,44613.633210,-222.796677,0.000000000,0.000000000,-0.999994527,0.003308379,0,0,0,0,1,-1
647,36.0830604,140.0794649,0,283.566869,28225.777593,44613.616741,-222.789116,0.000000000,0.000000000,-0.992999700,-0.118116875,0,0,0,0,1,-1
648,36.0830651,140.0794408,0,277.660147,28223.605282,44614.131315,-222.783125,0.000000000,0.000000000,-0.997766545,-0.066797619,0,0,0,0,1,-1
649,36.083066599999995,140.07942699999998,0,270.000001,28222.361811,44614.293786,-222.778769,0.000000000,0.000000000,-1.000000000,-0.000000009,0,0,0,0,1,-1
650,36.083066599999995,140.0794244,0,283.899977,28222.127635,44614.293039,-222.777729,0.000000000,0.000000000,-0.992652149,-0.121002938,0,0,0,0,1,-1
651,36.0830671,140.0794219,0,283.899977,28221.902288,44614.347800,-222.777117,0.000000000,0.000000000,-0.992652149,-0.121002938,0,0,0,0,1,-1
652,36.0830671,140.0794219,0,268.134975,28221.902288,44614.347800,-222.777117,0.000000000,0.000000000,-0.999867558,0.016274695,0,0,0,0,1,-1
653,36.0830665,140.0793991,0,278.626486,28219.848959,44614.274675,-222.767529,0.000000000,0.000000000,-0.997167777,-0.075209208,0,0,0,0,1,-1
654,36.083069699999996,140.079373,0,271.012700,28217.497048,44614.622241,-222.759575,0.000000000,0.000000000,-0.999960950,-0.008837360,0,0,0,0,1,-1
655,36.0830698,140.079366,0,276.011571,28216.866539,44614.631326,-222.756852,0.000000000,0.000000000,-0.998624245,-0.052436794,0,0,0,0,1,-1
656,36.0830714,140.0793472,0,264.719851,28215.172695,44614.803457,-222.750575,0.000000000,0.000000000,-0.998938597,0.046061689,0,0,0,0,1,-1
657,36.0830696,140.07932309999998,0,274.044485,28213.002707,44614.596812,-222.739537,0.000000000,0.000000000,-0.999377204,-0.035287462,0,0,0,0,1,-1
658,36.0830702,140.07931259999998,0,269.634566,28212.056781,44614.660371,-222.735803,0.000000000,0.000000000,-0.999994915,0.003189008,0,0,0,0,1,-1
659,36.0830701,140.0792932,0,281.038702,28210.309504,44614.643703,-222.727967,0.000000000,0.000000000,-0.995363771,-0.096181931,0,0,0,0,1,-1
660,36.0830736,140.079271,0,270.000002,28208.308751,44615.025678,-222.721808,0.000000000,0.000000000,-1.000000000,-0.000000017,0,0,0,0,1,-1
661,36.0830736,140.0792643,0,281.232277,28207.705298,44615.023754,-222.719129,0.000000000,0.000000000,-0.995199874,-0.097863222,0,0,0,0,1,-1
662,36.0830775,140.07924,0,271.363138,28205.515260,44615.449510,-222.712443,0.000000000,0.000000000,-0.999929248,-0.011895343,0,0,0,0,1,-1
663,36.0830779,140.07921919999998,0,281.109585,28203.641709,44615.487921,-222.704437,0.000000000,0.000000000,-0.995304085,-0.096797615,0,0,0,0,1,-1
664,36.0830852,140.07917319999999,0,281.990594,28199.495989,44616.284702,-222.691719,0.000000000,0.000000000,-0.994530472,-0.104446830,0,0,0,0,1,-1
665,36.0830875,140.07915979999999,0,274.468578,28198.288261,44616.536057,-222.688149,0.000000000,0.000000000,-0.999239764,-0.038985817,0,0,0,0,1,-1
666,36.0830881,140.07915029999998,0,282.521737,28197.432404,44616.599905,-222.684818,0.000000000,0.000000000,-0.994035669,-0.109055437,0,0,0,0,1,-1
667,36.0830923,140.0791269,0,277.053774,28195.323321,44617.059208,-222.678728,0.000000000,0.000000000,-0.998106040,-0.061516924,0,0,0,0,1,-1
668,36.0830932,140.0791179,0,287.827517,28194.512391,44617.156486,-222.675830,0.000000000,0.000000000,-0.987922687,-0.154947622,0,0,0,0,1,-1
669,36.083103699999995,140.07907749999998,0,279.768085,28190.869908,44618.309943,-222.667843,0.000000000,0.000000000,-0.996369047,-0.085139427,0,0,0,0,1,-1
670,36.0831069,140.07905449999998,0,267.728879,28188.797210,44618.658405,-222.661138,0.000000000,0.000000000,-0.999803605,0.019817972,0,0,0,0,1,-1
671,36.0831064,140.0790389,0,281.295256,28187.392333,44618.598450,-222.654516,0.000000000,0.000000000,-0.995145939,-0.098410164,0,0,0,0,1,-1
672,36.0831105,140.0790135,0,266.824065,28185.103152,44619.046087,-222.647553,0.000000000,0.000000000,-0.999615957,0.027711713,0,0,0,0,1,-1
673,36.0831085,140.0789689,0,265.667689,28181.086848,44618.811376,-222.628178,0.000000000,0.000000000,-0.999285418,0.037797540,0,0,0,0,1,-1
674,36.0831082,140.07896399999998,0,281.337499,28180.645624,44618.776683,-222.625988,0.000000000,0.000000000,-0.995109593,-0.098777008,0,0,0,0,1,-1
675,36.083111699999996,140.0789424,0,266.407006,28178.698914,44619.158837,-222.620079,0.000000000,0.000000000,-0.999508479,0.031349650,0,0,0,0,1,-1
676,36.08311,140.0789089,0,281.584397,28175.682254,44618.960600,-222.605375,0.000000000,0.000000000,-0.994894460,-0.100920831,0,0,0,0,1,-1
677,36.0831155,140.0788757,0,265.984110,28172.690046,44619.561343,-222.596389,0.000000000,0.000000000,-0.999385978,0.035038078,0,0,0,0,1,-1
678,36.083114699999996,140.07886159999998,0,288.788024,28171.420378,44619.468533,-222.590136,0.000000000,0.000000000,-0.986589225,-0.163222854,0,0,0,0,1,-1
679,36.0831249,140.0788245,0,270.443098,28168.075230,44620.589658,-222.583248,0.000000000,0.000000000,-0.999992524,-0.003866750,0,0,0,0,1,-1
680,36.083124999999995,140.07880849999998,0,279.931813,28166.634112,44620.596166,-222.576936,0.000000000,0.000000000,-0.996246383,-0.086562948,0,0,0,0,1,-1
681,36.083127999999995,140.0787873,0,272.214409,28164.723609,44620.922959,-222.570803,0.000000000,0.000000000,-0.999813290,-0.019323161,0,0,0,0,1,-1
682,36.0831283,140.0787777,0,280.549764,28163.858852,44620.953494,-222.567203,0.000000000,0.000000000,-0.995765097,-0.091934061,0,0,0,0,1,-1
683,36.083134199999996,140.0787385,0,280.549764,28160.326098,44621.596903,-222.556138,0.000000000,0.000000000,-0.995765097,-0.091934061,0,0,0,0,1,-1
684,36.083134199999996,140.0787385,0,270.000001,28160.326098,44621.596903,-222.556138,0.000000000,0.000000000,-1.000000000,-0.000000009,0,0,0,0,1,-1
685,36.083134199999996,140.0787363,0,270.000006,28160.127949,44621.596272,-222.555260,0.000000000,0.000000000,-1.000000000,-0.000000052,0,0,0,0,1,-1
686,36.083134199999996,140.0787173,0,280.202961,28158.416664,44621.590826,-222.547675,0.000000000,0.000000000,-0.996038768,-0.088920034,0,0,0,0,1,-1
687,36.0831374,140.0786953,0,265.306513,28156.434035,44621.939583,-222.541380,0.000000000,0.000000000,-0.999161322,0.040946950,0,0,0,0,1,-1
688,36.083135999999996,140.0786742,0,282.874356,28154.534108,44621.778195,-222.531869,0.000000000,0.000000000,-0.993695380,-0.112113743,0,0,0,0,1,-1
689,36.0831389,140.0786585,0,262.728128,28153.119012,44622.095471,-222.527857,0.000000000,0.000000000,-0.997987150,0.063416471,0,0,0,0,1,-1
690,36.0831356,140.07862649999998,0,284.031560,28150.238025,44621.720141,-222.512521,0.000000000,0.000000000,-0.992512550,-0.122142699,0,0,0,0,1,-1
691,36.083143799999995,140.0785859,0,279.300771,28146.578357,44622.618357,-222.502693,0.000000000,0.000000000,-0.996707967,-0.081075453,0,0,0,0,1,-1
692,36.0831447,140.07857909999998,0,266.695185,28145.965576,44622.716270,-222.500679,0.000000000,0.000000000,-0.999584157,0.028835954,0,0,0,0,1,-1
693,36.083143299999996,140.0785491,0,280.448884,28143.264047,44622.552334,-222.487621,0.000000000,0.000000000,-0.995845645,-0.091057410,0,0,0,0,1,-1
694,36.0831464,140.0785283,0,265.677463,28141.389536,44622.890343,-222.481732,0.000000000,0.000000000,-0.999288638,0.037712306,0,0,0,0,1,-1
695,36.0831437,140.0784841,0,264.346722,28137.409510,44622.578096,-222.462000,0.000000000,0.000000000,-0.998783317,0.049314148,0,0,0,0,1,-1
696,36.083141499999996,140.07845659999998,0,278.828582,28134.933434,44622.326114,-222.449321,0.000000000,0.000000000,-0.997033586,-0.076967716,0,0,0,0,1,-1
697,36.083144499999996,140.0784327,0,264.582552,28132.779750,44622.652140,-222.442120,0.000000000,0.000000000,-0.998882691,0.047258544,0,0,0,0,1,-1
698,36.0831424,140.0784053,0,274.245991,28130.312645,44622.411283,-222.429561,0.000000000,0.000000000,-0.999313606,-0.037044783,0,0,0,0,1,-1
699,36.083143,140.07839529999998,0,270.000001,28129.411755,44622.474994,-222.426039,0.000000000,0.000000000,-1.000000000,-0.000000009,0,0,0,0,1,-1
700,36.083143,140.07839049999998,0,285.471079,28128.979431,44622.473619,-222.424125,0.000000000,0.000000000,-0.990899900,-0.134600848,0,0,0,0,1,-1
701,36.0831447,140.07838289999998,0,272.443219,28128.294311,44622.660070,-222.422416,0.000000000,0.000000000,-0.999772714,-0.021319493,0,0,0,0,1,-1
702,36.0831448,140.07837999999998,0,277.544393,28128.033080,44622.670336,-222.421337,0.000000000,0.000000000,-0.997833511,-0.065789697,0,0,0,0,1,-1
703,36.0831483,140.0783473,0,261.418854,28125.086622,44623.049323,-222.411018,0.000000000,0.000000000,-0.997197456,0.074814657,0,0,0,0,1,-1
704,36.0831473,140.0783391,0,284.986743,28124.348424,44622.936018,-222.406972,0.000000000,0.000000000,-0.991459955,-0.130411492,0,0,0,0,1,-1
705,36.083151799999996,140.0783183,0,259.254133,28122.473415,44623.429371,-222.402176,0.000000000,0.000000000,-0.995606310,0.093638000,0,0,0,0,1,-1
706,36.083149299999995,140.078302,0,271.320820,28121.006203,44623.147311,-222.393735,0.000000000,0.000000000,-0.999933573,-0.011526074,0,0,0,0,1,-1
707,36.0831496,140.0782859,0,258.015763,28119.556008,44623.175989,-222.387549,0.000000000,0.000000000,-0.994536265,0.104391658,0,0,0,0,1,-1
708,36.0831455,140.078262,0,275.198652,28117.404852,44622.714223,-222.374835,0.000000000,0.000000000,-0.998971103,-0.045351237,0,0,0,0,1,-1
709,36.083146,140.0782552,0,272.115348,28116.792214,44622.767755,-222.372513,0.000000000,0.000000000,-0.999829621,-0.018458845,0,0,0,0,1,-1
710,36.0831462,140.0782485,0,275.076670,28116.188690,44622.788029,-222.369998,0.000000000,0.000000000,-0.999018813,-0.044287813,0,0,0,0,1,-1
711,36.0831476,140.078229,0,266.659628,28114.431873,44622.937788,-222.363314,0.000000000,0.000000000,-0.999575162,0.029146117,0,0,0,0,1,-1
712,36.0831471,140.0782184,0,280.895073,28113.477335,44622.879276,-222.358701,0.000000000,0.000000000,-0.995483543,-0.094934267,0,0,0,0,1,-1
713,36.0831492,140.0782049,0,267.785596,28112.260674,44623.108422,-222.354952,0.000000000,0.000000000,-0.999813291,0.019323118,0,0,0,0,1,-1
714,36.083149,140.07819849999998,0,286.013248,28111.684313,44623.084399,-222.352246,0.000000000,0.000000000,-0.990251972,-0.139287586,0,0,0,0,1,-1
715,36.0831551,140.07817219999998,0,269.458827,28109.313363,44623.753712,-222.346507,0.000000000,0.000000000,-0.999988848,0.004722608,0,0,0,0,1,-1
716,36.083155,140.0781591,0,281.871325,28108.133514,44623.738868,-222.341209,0.000000000,0.000000000,-0.994638643,-0.103411648,0,0,0,0,1,-1
717,36.0831594,140.0781332,0,279.827950,28105.799197,44624.219669,-222.334308,0.000000000,0.000000000,-0.996324433,-0.085659939,0,0,0,0,1,-1
718,36.0831601,140.07812819999998,0,285.055872,28105.348609,44624.295909,-222.332860,0.000000000,0.000000000,-0.991381102,-0.131009581,0,0,0,0,1,-1
719,36.0831696,140.0780845,0,289.445379,28101.409275,44625.337500,-222.322834,0.000000000,0.000000000,-0.985636669,-0.168879711,0,0,0,0,1,-1
720,36.0831799,140.0780484,0,279.852103,28098.154170,44626.470033,-222.316459,0.000000000,0.000000000,-0.996306355,-0.085869937,0,0,0,0,1,-1
721,36.083181499999995,140.078037,0,282.111981,28097.126830,44626.644304,-222.313162,0.000000000,0.000000000,-0.994419273,-0.105500278,0,0,0,0,1,-1
722,36.0831862,140.07800989999998,0,279.071358,28094.684327,44627.158052,-222.306021,0.000000000,0.000000000,-0.996868283,-0.079079877,0,0,0,0,1,-1
723,36.083189399999995,140.0779851,0,261.987723,28092.449513,44627.506022,-222.298632,0.000000000,0.000000000,-0.997556571,0.069863349,0,0,0,0,1,-1
724,36.0831851,140.0779473,0,289.059268,28089.046489,44627.018097,-222.280236,0.000000000,0.000000000,-0.986200105,-0.165557701,0,0,0,0,1,-1
725,36.083199199999996,140.0778968,0,282.785241,28084.493062,44628.568155,-222.271088,0.000000000,0.000000000,-0.993782268,-0.111340937,0,0,0,0,1,-1
726,36.0832045,140.0778679,0,260.967986,28081.888225,44629.147966,-222.263702,0.000000000,0.000000000,-0.996895375,0.078737606,0,0,0,0,1,-1
727,36.0831994,140.0778282,0,280.936703,28078.314357,44628.570735,-222.243934,0.000000000,0.000000000,-0.995448989,-0.095295910,0,0,0,0,1,-1
728,36.0832051,140.0777917,0,284.601045,28075.024864,44629.192759,-222.233836,0.000000000,0.000000000,-0.991893284,-0.127073654,0,0,0,0,1,-1
729,36.0832055,140.0777898,0,283.309062,28074.853594,44629.236599,-222.233391,0.000000000,0.000000000,-0.993262925,-0.115882536,0,0,0,0,1,-1
730,36.0832068,140.07778299999998,0,275.437186,28074.240672,44629.378900,-222.231695,0.000000000,0.000000000,-0.998874536,-0.047430597,0,0,0,0,1,-1
731,36.083207,140.0777804,0,272.199706,28074.006426,44629.400348,-222.230816,0.000000000,0.000000000,-0.999815761,-0.019194877,0,0,0,0,1,-1
732,36.0832084,140.0777353,0,282.840485,28069.943882,44629.542800,-222.213956,0.000000000,0.000000000,-0.993728475,-0.111820022,0,0,0,0,1,-1
733,36.083212599999996,140.0777125,0,271.217976,28067.888849,44630.002305,-222.208148,0.000000000,0.000000000,-0.999943514,-0.010628646,0,0,0,0,1,-1
734,36.0832131,140.07768339999998,0,288.612398,28065.267706,44630.049469,-222.196958,0.000000000,0.000000000,-0.986838226,-0.161710591,0,0,0,0,1,-1
735,36.083222,140.0776507,0,261.500542,28062.319334,44631.027647,-222.190867,0.000000000,0.000000000,-0.997250536,0.074103773,0,0,0,0,1,-1
736,36.0832195,140.07763,0,272.951405,28060.455825,44630.744340,-222.180689,0.000000000,0.000000000,-0.999668336,-0.025753020,0,0,0,0,1,-1
737,36.083219899999996,140.0776204,0,250.840727,28059.591034,44630.785981,-222.177181,0.000000000,0.000000000,-0.986055246,0.166418303,0,0,0,0,1,-1
738,36.0832085,140.0775798,0,219.150734,28055.938343,44629.509472,-222.152169,0.000000000,0.000000000,-0.903150799,0.429323462,0,0,0,0,1,-1
739,36.083181499999995,140.0775526,0,192.828332,28053.498098,44626.505858,-222.120362,0.000000000,0.000000000,-0.781674699,0.623686352,0,0,0,0,1,-1
740,36.0831453,140.0775424,0,196.950860,28052.592268,44622.486292,-222.088166,0.000000000,0.000000000,-0.803601710,0.595167448,0,0,0,0,1,-1
741,36.0831103,140.0775292,0,187.799661,28051.415809,44618.599019,-222.055714,0.000000000,0.000000000,-0.753561448,0.657377475,0,0,0,0,1,-1
742,36.0830749,140.0775232,0,187.651844,28050.887978,44614.669419,-222.025816,0.000000000,0.000000000,-0.752712839,0.658348982,0,0,0,0,1,-1
743,36.0830358,140.0775167,0,184.371645,28050.316427,44610.329134,-221.992846,0.000000000,0.000000000,-0.733561718,0.679622841,0,0,0,0,1,-1
744,36.0829988,140.0775132,0,184.455613,28050.014332,44606.222716,-221.962704,0.000000000,0.000000000,-0.734059521,0.679085134,0,0,0,0,1,-1
745,36.0829625,140.0775097,0,184.004092,28049.711989,44602.193969,-221.933109,0.000000000,0.000000000,-0.731378055,0.681972243,0,0,0,0,1,-1
746,36.082924399999996,140.0775064,0,181.756260,28049.428299,44597.965555,-221.902197,0.000000000,0.000000000,-0.717860613,0.696186857,0,0,0,0,1,-1
747,36.0828875,140.077505,0,169.779403,28049.315310,44593.870833,-221.872976,0.000000000,0.000000000,-0.641311729,0.767280435,0,0,0,0,1,-1
748,36.0828494,140.07751349999998,0,182.370039,28050.094421,44589.645789,-221.846763,0.000000000,0.000000000,-0.721579236,0.692331861,0,0,0,0,1,-1
749,36.0828123,140.07751159999998,0,185.213497,28049.936470,44585.528732,-221.817193,0.000000000,0.000000000,-0.738534757,0.674215405,0,0,0,0,1,-1
750,36.0827751,140.0775074,0,187.612493,28049.571398,44581.399923,-221.786633,0.000000000,0.000000000,-0.752486716,0.658607426,0,0,0,0,1,-1
751,36.0827364,140.07750099999998,0,185.575307,28049.008709,44577.104050,-221.754037,0.000000000,0.000000000,-0.740659832,0.671880208,0,0,0,0,1,-1
752,36.0827008,140.07749669999998,0,191.175015,28048.634061,44573.152744,-221.724686,0.000000000,0.000000000,-0.772595162,0.634898981,0,0,0,0,1,-1
753,36.082664799999996,140.0774879,0,191.175015,28047.854248,44569.155771,-221.693237,0.000000000,0.000000000,-0.772595162,0.634898981,0,0,0,0,1,-1
