label,latitude,longitude,altitude,heading_deg,x,y,z,q1,q2,q3,q4,right_is_open,left_is_open,line_is_stop,signal_is_stop,isnot_skipnum,node,utm_x,utm_y,x_rotated,y_rotated,error_before,error_after
0,36.0830041,140.0763757,0,129.562160,27947.560346,44606.486567,-221.515310,0.000000000,0.000000000,-0.338427208,0.940992574,2,2,0,0,1,-1,0,0,-0.022003402931357,-0.010129501566913,0.024223058076009,0.024223058076009
1,36.082982,140.0764088,0,123.539487,27950.549412,44604.043830,-221.511253,0.000000000,0.000000000,-0.288526220,0.957471995,2,2,0,0,1,-1,2.97782410394131,-2.46016074601504,3.17803013767223,-2.48165861845672,0.581361285373634,0.201356932986635
2,36.082961,140.076448,0,96.838321,27954.087504,44601.724882,-221.510472,0.000000000,0.000000000,-0.059640195,0.998219939,2,2,0,0,1,-1,6.50443150268858,-4.79787005309942,6.73177208167145,-4.56160379029697,1.24413882685555,0.327880291861073
3,36.0829566,140.0764934,0,98.119471,27958.178142,44601.249591,-221.525046,0.000000000,0.000000000,-0.070796477,0.997490781,2,2,0,0,1,-1,10.5888186431527,-5.28767581277693,10.7021014922337,-5.04827074084301,1.60687112650765,0.264854285152412
4,36.0829514,140.0765385,0,91.848809,27962.242043,44600.685450,-221.538884,0.000000000,0.000000000,-0.016133202,0.999869851,2,2,0,0,1,-1,14.6462164403272,-5.86653716454783,14.6965419428989,-5.5991053916193,2.05453117383049,0.272125723482364
5,36.0829502,140.0765845,0,96.764523,27966.385589,44600.565397,-221.556188,0.000000000,0.000000000,-0.058997320,0.998258141,2,2,0,0,1,-1,18.7845822648137,-6.00012055347888,18.7383684254444,-5.78154238110128,2.42768276546286,0.223410242355155
6,36.0829458,140.0766304,0,96.626469,27970.521262,44600.090254,-221.570969,0.000000000,0.000000000,-0.057794628,0.998328494,2,2,0,0,1,-1,22.9139516423894,-6.4899263131564,22.8692338538426,-6.24673610336645,2.91949338263927,0.247267383110259
7,36.0829415,140.0766762,0,92.396764,27974.647893,44599.626180,-221.585791,0.000000000,0.000000000,-0.020914187,0.999781274,2,2,0,0,1,-1,27.0343245704972,-6.96860012362449,26.8543256967164,-6.6939955555133,3.38361804488598,0.328340164143628
8,36.0829399,140.0767235,0,96.107455,27978.908669,44599.462119,-221.603308,0.000000000,0.000000000,-0.053272370,0.998580019,2,2,0,0,1,-1,31.2896442124964,-7.14671130860224,30.9821364449148,-6.902391294148,3.80776364269312,0.392750934545028
9,36.082936,140.0767686,0,91.224787,27982.972112,44599.042233,-221.618169,0.000000000,0.000000000,-0.010688079,0.999942881,2,2,0,0,1,-1,35.3470420096709,-7.58085732302364,34.9867601657158,-7.2836718122264,4.31337372825027,0.46703558206147
10,36.0829352,140.0768149,0,99.135155,27987.142537,44598.966657,-221.635916,0.000000000,0.000000000,-0.079634855,0.996824102,2,2,0,0,1,-1,39.5123971774471,-7.66991291511703,39.0015834585008,-7.3746631329207,4.76065986688971,0.590002618088101
11,36.0829293,140.0768603,0,93.563460,27991.233709,44598.324946,-221.649347,0.000000000,0.000000000,-0.031092043,0.999516526,2,2,0,0,1,-1,43.5967843179113,-8.32669791135384,43.0520729241532,-7.92017155402408,5.33417672980835,0.679686826188157
12,36.082927,140.076906,0,93.183050,27995.350626,44598.082767,-221.665697,0.000000000,0.000000000,-0.027773779,0.999614234,2,2,0,0,1,-1,47.7081607991082,-8.58273274000653,47.1250153999345,-8.13775594897039,5.83491114503599,0.733527709863913
13,36.082925,140.0769505,0,67.975434,27999.359356,44597.873536,-221.681806,0.000000000,0.000000000,0.191019431,0.981586255,2,2,0,0,1,-1,51.7115799122602,-8.80537172182194,51.1916779886813,-8.24493890766216,6.41210455812561,0.764449441969909
14,36.0829301,140.0769661,0,18.165211,28000.762606,44598.443865,-221.691960,0.000000000,0.000000000,0.586618251,0.809863586,2,2,0,0,1,-1,53.1150257147418,-8.23764231846948,52.62339444311,-7.47555693027458,6.77042786251966,0.906904320282185
15,36.0829668,140.076981,0,358.976807,28002.091604,44602.520243,-221.726387,0.000000000,0.000000000,-0.713392297,-0.700764890,2,2,0,0,1,-1,54.4554963837331,-4.15221700607202,53.7590073727487,-3.53915669103081,6.75520935925754,0.927868467133323
16,36.083003,140.0769802,0,0.866594,28002.006713,44606.536668,-221.754196,0.000000000,0.000000000,0.701739146,0.712433977,2,2,0,0,1,-1,54.3835248033319,-0.122451439721635,53.6587804322746,0.593883012865328,6.88458802869434,1.01901396032744
17,36.0830404,140.0769809,0,350.947507,28002.056498,44610.686668,-221.783535,0.000000000,0.000000000,-0.760703390,-0.649099647,2,2,0,0,1,-1,54.4464999368222,4.04089751635077,53.6626527035646,4.71246338389714,6.9218828742622,1.03219048607264
18,36.0830754,140.076974,0,357.705144,28001.422620,44614.568205,-221.807995,0.000000000,0.000000000,-0.721124845,-0.692805137,2,2,0,0,1,-1,53.8257450641719,7.9370796937701,52.9743687225281,8.70529320132726,7.0567619939488,1.14673173336407
19,36.0831117,140.0769722,0,2.363665,28001.247626,44618.595441,-221.835492,0.000000000,0.000000000,0.692371997,0.721540725,2,2,0,0,1,-1,53.6638090095477,11.9779772093299,52.631114020695,12.7246979430195,7.19816897137671,1.27438251483745
20,36.0831489,140.0769741,0,337.997284,28001.405564,44622.723592,-221.865160,0.000000000,0.000000000,-0.829050826,-0.559173254,2,2,0,0,1,-1,53.8347415110829,16.1190622669835,52.8416600925051,16.7984797851954,7.31126147018473,1.2032534512635
21,36.0831833,140.0769569,0,349.697172,27999.844203,44626.535619,-221.885072,0.000000000,0.000000000,-0.767740444,-0.640760963,2,2,0,0,1,-1,52.2873525503559,19.9484527507283,51.3183877643515,20.5540762088774,7.25722944013731,1.14266028616429
22,36.0832202,140.0769486,0,7.569031,27999.083559,44630.627576,-221.910463,0.000000000,0.000000000,0.658892780,0.752236867,2,2,0,0,1,-1,51.5406474107251,24.0561419607536,50.8803453786927,24.5372614584684,7.15742891665537,0.816991275710746
23,36.0832573,140.0769547,0,5.874826,27999.619816,44634.745828,-221.941728,0.000000000,0.000000000,0.669941981,0.742413458,2,2,0,0,1,-1,52.089430705531,28.1860950691977,51.5190469945537,28.5386195807211,7.2897304602948,0.670530468340582
24,36.083295,140.0769595,0,2.557830,28000.038772,44638.930285,-221.972946,0.000000000,0.000000000,0.691148418,0.722712850,2,2,0,0,1,-1,52.5212601828243,32.3828398721074,51.7503454949383,32.5382754047645,7.52747237578361,0.786428420652998
25,36.0833348,140.0769617,0,5.813567,28000.222808,44643.347011,-222.004768,0.000000000,0.000000000,0.670338768,0.742055211,2,2,0,0,1,-1,52.7191820276491,36.813355605251,51.9765443218821,36.5829563301779,7.52615433126185,0.777556806915822
26,36.0833729,140.0769665,0,6.708863,28000.641622,44647.575851,-222.036303,0.000000000,0.000000000,0.664520742,0.747269820,2,2,0,0,1,-1,53.1510115049424,41.0546282049983,52.2840030369152,40.5726838431626,7.77466216668449,0.991954662036512
27,36.08341,140.0769719,0,18.405988,28001.114830,44651.693904,-222.067301,0.000000000,0.000000000,0.584915292,0.811094385,2,2,0,0,1,-1,53.6368196662581,45.1845813134425,52.5426056737975,44.5973755248149,8.23471114840806,1.24181918953372
28,36.0834423,140.0769852,0,20.597783,28002.301271,44655.281615,-222.097705,0.000000000,0.000000000,0.569295429,0.822133027,2,2,0,0,1,-1,54.8333471770039,48.7802008661624,53.173175697709,48.6046265599318,9.32671137398264,1.6694297462525
29,36.0834752,140.0770005,0,5.020171,28003.667633,44658.936470,-222.129371,0.000000000,0.000000000,0.675460418,0.737396246,2,2,0,0,1,-1,56.2098036361958,52.4426121125569,53.3920619622107,52.6272515183376,10.8600601565126,2.82378466804382
30,36.0835074,140.077004,0,30.388465,28003.971449,44662.510291,-222.155811,0.000000000,0.000000000,0.497061309,0.867715423,2,2,0,0,1,-1,56.5246792959763,56.0270997160675,53.072135655362,56.6287997778115,11.9684464147089,3.50458279323648
31,36.0835351,140.0770241,0,29.995963,28005.771976,44665.589538,-222.185341,0.000000000,0.000000000,0.500030509,0.866007789,2,2,0,0,1,-1,58.3329652324615,59.110649611482,53.2626233548683,60.6492472044417,14.2274865902757,5.29864598824426
32,36.083561,140.0770426,0,350.121091,28007.429033,44668.468605,-222.212838,0.000000000,0.000000000,-0.765364770,-0.643596744,2,2,0,0,1,-1,59.9973080107012,61.9938244227091,53.6131597267513,64.6388288360128,16.3193892369844,6.91038332206372
33,36.0835907,140.0770362,0,12.529971,28006.842069,44671.762211,-222.233407,0.000000000,0.000000000,0.625719475,0.780048164,2,2,0,0,1,-1,59.4215353726055,65.3000132991481,54.0376983547469,68.6265231865592,16.231524968977,6.32861509857481
34,36.0836187,140.0770439,0,39.904655,28007.525655,44674.871210,-222.258253,0.000000000,0.000000000,0.423372202,0.905955837,2,2,0,0,1,-1,60.1142618282139,68.4169590413999,54.3598427117558,72.6669053396365,17.4433127155863,7.15369714942936
35,36.0836417,140.0770677,0,33.089180,28009.661093,44677.430013,-222.285603,0.000000000,0.000000000,0.476474683,0.879188192,2,2,0,0,1,-1,62.2554163183014,70.9773073302997,54.6763291178749,76.6870654308175,20.1563486189344,9.48914645045047
36,36.0836639,140.0770856,0,332.990819,28011.265419,44679.898368,-222.309988,0.000000000,0.000000000,-0.852682024,-0.522430250,2,2,0,0,1,-1,63.8657804125187,73.4486000255242,55.1227714396813,80.6962422990824,22.3801550733393,11.3564309721225
37,36.083701,140.0770622,0,316.343543,28009.144691,44684.008210,-222.329572,0.000000000,0.000000000,-0.919329315,-0.393489022,2,2,0,0,1,-1,61.7606117100748,77.5785531339683,55.2841305010718,84.7361668233699,20.8726996528127,9.65278418785368
38,36.0837724,140.0769779,0,331.006333,28001.526725,44691.906524,-222.351682,0.000000000,0.000000000,-0.861601110,-0.507585981,2,2,0,0,1,-1,54.1766065141531,85.5267647769479,55.2215152658352,88.7577241048336,12.92810967654,3.39572267386397
39,36.0837794,140.0769731,0,286.793865,28001.091921,44692.681856,-222.355226,0.000000000,0.000000000,-0.989280153,-0.146030065,2,2,0,0,1,-1,53.7447770368598,86.3060012121153,54.5261821716483,89.1383851551702,12.8281647797862,2.93819549818403
40,36.0837804,140.076969,0,291.907526,28000.722292,44692.791645,-222.354377,0.000000000,0.000000000,-0.981780844,-0.190016772,2,2,0,0,1,-1,53.3759226904999,86.4173207026276,54.0700570969154,89.0772856015153,12.7413089064702,2.74904271292473
41,36.0837921,140.076933,0,297.782734,27997.475736,44694.079584,-222.349195,0.000000000,0.000000000,-0.970752667,-0.240081778,2,2,0,0,1,-1,50.1372016108005,87.7197587451008,50.0868392408895,89.675752714031,12.6727729444259,1.95664221941425
42,36.083803,140.0769074,0,274.006493,27995.166159,44695.281722,-222.347521,0.000000000,0.000000000,-0.999388848,-0.034956124,2,2,0,0,1,-1,47.8341110635318,88.9331411946897,47.2291711953387,90.5428124759565,12.8565039594102,1.71959119498344
43,36.0838039,140.0768915,0,290.948707,27993.733777,44695.377052,-222.341911,0.000000000,0.000000000,-0.983336381,-0.181795387,2,2,0,0,1,-1,46.4036759203175,89.0333287367834,45.8826331611007,90.5429882623075,12.6520918817376,1.59704647394424
44,36.0838095,140.0768734,0,275.531209,27992.101581,44695.993255,-222.339088,0.000000000,0.000000000,-0.998835283,-0.048250163,2,2,0,0,1,-1,44.7753189322784,89.656717885392,44.1277503502778,90.9355220644886,12.5909098823923,1.43341731427698
45,36.0838104,140.0768619,0,287.488329,27991.065493,44696.089839,-222.335225,0.000000000,0.000000000,-0.988376999,-0.152022722,2,2,0,0,1,-1,43.7407274761567,89.7569054266948,43.0057096836034,90.8706559812589,12.527480828419,1.33442551428017
46,36.0838159,140.0768403,0,243.515738,27989.118100,44696.693949,-222.330936,0.000000000,0.000000000,-0.973410728,0.229066705,2,2,0,0,1,-1,41.7974948283371,90.369162626094,40.8773616881637,91.2010888453063,12.5023412592214,1.24046210335436
47,36.0838068,140.0768177,0,232.657388,27987.085814,44695.677799,-222.314884,0.000000000,0.000000000,-0.947370723,0.320138583,2,2,0,0,1,-1,39.7642977062944,89.3561552599017,38.7906690090071,89.7967142998074,12.1627961973456,1.06866510555176
48,36.0837912,140.0767924,0,232.657388,27984.812651,44693.939658,-222.292701,0.000000000,0.000000000,-0.947370723,0.320138583,2,2,0,0,1,-1,37.4881965023154,87.619571203798,36.3687150691728,87.7517488746045,11.8789985082432,1.12725756409564
49,36.0837912,140.0767924,0,275.050939,27984.812651,44693.939658,-222.292701,0.000000000,0.000000000,-0.999028733,-0.044063487,2,2,0,0,1,-1,37.4881965023154,87.619571203798,36.3979527440247,87.773541121018,11.8615204047316,1.10106229973628
50,36.0837913,140.076791,0,284.823109,27984.686522,44693.950355,-222.292223,0.000000000,0.000000000,-0.991645169,-0.128995578,2,2,0,0,1,-1,37.3622462378918,87.6307031530074,36.3112501445951,87.7635984146444,11.8130083006428,1.05936487514469
51,36.083795,140.0767737,0,272.044238,27983.127053,44694.355968,-222.288241,0.000000000,0.000000000,-0.999840883,-0.017838396,2,2,0,0,1,-1,35.8058608302538,88.042585268219,34.611517461678,88.1079148658363,11.8980033739442,1.19612877165706
52,36.0837953,140.0767633,0,272.044238,27982.190251,44694.386293,-222.284349,0.000000000,0.000000000,-0.999840883,-0.017838396,2,2,0,0,1,-1,34.8702302952661,88.0759811158473,33.744462496735,88.0902276086543,11.7828172254041,1.12585793898123
53,36.0837953,140.0767633,0,283.062069,27982.190251,44694.386293,-222.284349,0.000000000,0.000000000,-0.993510393,-0.113741370,2,2,0,0,1,-1,34.8702302952661,88.0759811158473,33.7612861143106,88.1425389193567,11.7875276619874,1.11093975429952
54,36.0837956,140.0767617,0,281.098816,27982.046038,44694.419124,-222.283947,0.000000000,0.000000000,-0.995313177,-0.096704079,2,2,0,0,1,-1,34.7262871370207,88.1093769626845,33.5908702992253,88.1949292706011,11.8173896280734,1.13863540825809
55,36.0837982,140.0767453,0,272.606456,27980.568020,44694.702941,-222.279466,0.000000000,0.000000000,-0.999741330,-0.022743658,2,2,0,0,1,-1,33.2508697566949,88.3988076389655,32.0434955290604,88.2774611048871,11.7846286279003,1.21345684179072
56,36.0837993,140.0767154,0,279.790572,27977.874630,44694.816478,-222.268462,0.000000000,0.000000000,-0.996352320,-0.085334949,2,2,0,0,1,-1,30.5609319692445,88.5212590786871,29.2737720820137,88.400951781776,11.7843921016546,1.29277005727468
57,36.0838034,140.076686,0,271.889907,27975.225212,44695.263029,-222.259994,0.000000000,0.000000000,-0.999864001,-0.016491802,2,2,0,0,1,-1,27.9159764214625,88.9776689915273,26.6944926647473,88.7331352484089,11.654391360759,1.24572040179268
58,36.0838042,140.076656,0,278.549618,27972.522922,44695.343252,-222.248719,0.000000000,0.000000000,-0.997218003,-0.074540291,2,2,0,0,1,-1,25.2170421871011,89.0667245836207,23.8947698183219,88.7851373321035,11.6799899462255,1.35192292585562
59,36.0838055,140.0766453,0,276.346671,27971.558746,44695.484449,-222.245488,0.000000000,0.000000000,-0.998466634,-0.055356841,2,2,0,0,1,-1,24.2544223113807,89.2114399217612,22.7782365279813,88.9729222011535,11.8329470423007,1.49533112391682
60,36.0838063,140.0766364,0,277.325731,27970.756867,44695.570681,-222.242582,0.000000000,0.000000000,-0.997957233,-0.063885526,2,2,0,0,1,-1,23.4537384877275,89.3004955146455,22.151503620424,88.9936510622059,11.6389746601716,1.33789729337268
61,36.0838071,140.0766287,0,277.232812,27970.063069,44695.657254,-222.240151,0.000000000,0.000000000,-0.998008708,-0.063076291,2,2,0,0,1,-1,22.7610120346761,89.3895511075299,21.3729648399715,89.006518898567,11.6987014574889,1.43992662584949
62,36.0838075,140.0766248,0,277.619298,27969.711667,44695.700527,-222.238916,0.000000000,0.000000000,-0.997790293,-0.066441936,2,2,0,0,1,-1,22.4101505846949,89.4340789035766,20.9548569248704,89.0944263262009,11.7720668933928,1.49440406505182
63,36.0838083,140.0766174,0,277.974177,27969.044889,44695.787185,-222.236605,0.000000000,0.000000000,-0.997579744,-0.069531673,2,2,0,0,1,-1,21.7444134749332,89.523134496461,20.4328092248562,89.1701568995976,11.6257474497027,1.358270552102
64,36.0838089,140.0766121,0,273.932531,27968.567322,44695.852251,-222.234971,0.000000000,0.000000000,-0.999411202,-0.034311071,2,2,0,0,1,-1,21.2676017605285,89.5899261909265,19.7718348913392,89.2251298662643,11.8006654424186,1.53960867932447
65,36.083809,140.0766103,0,277.687739,27968.405166,44695.862834,-222.234335,0.000000000,0.000000000,-0.997750432,-0.067037865,2,2,0,0,1,-1,21.1056657059042,89.6010581393449,19.6536162191994,89.2266333869626,11.7541036017607,1.49954713398286
66,36.0838096,140.0766048,0,271.817261,27967.909586,44695.927842,-222.232621,0.000000000,0.000000000,-0.999874255,-0.015857929,2,2,0,0,1,-1,20.6108610951207,89.6678498338105,19.231452371867,89.2556004882412,11.673383767683,1.43969369961485
67,36.0838097,140.0766009,0,276.134547,27967.558289,44695.937828,-222.231153,0.000000000,0.000000000,-0.998567396,-0.053508455,2,2,0,0,1,-1,20.2599996451396,89.6789817830199,18.7550644847705,89.2972551462799,11.7975354955537,1.55259301238668
68,36.0838136,140.076556,0,275.751286,27963.512906,44696.357778,-222.216388,0.000000000,0.000000000,-0.998740774,-0.050168370,2,2,0,0,1,-1,16.2205947417869,90.1131277974413,14.7428684659975,89.5242886951231,11.723150482169,1.59072512854274
69,36.0838143,140.0765474,0,277.540495,27962.738083,44696.433000,-222.213524,0.000000000,0.000000000,-0.997835748,-0.065755754,2,2,0,0,1,-1,15.4469002614234,90.1910514411162,13.9252578714983,89.5843803774927,11.7643360491351,1.6381225052648
70,36.0838189,140.0765044,0,272.401879,27958.863579,44696.931164,-222.200060,0.000000000,0.000000000,-0.999780340,-0.020958814,2,2,0,0,1,-1,11.5784278621629,90.7031210984216,9.99977368213922,90.0851777739021,11.8463858650152,1.69528846289483
71,36.0838191,140.0764985,0,281.319032,27958.332114,44696.951676,-222.197877,0.000000000,0.000000000,-0.995125499,-0.098616640,2,2,0,0,1,-1,11.0476374611787,90.7253849968405,9.39485551293788,90.1136821709708,11.9203528288092,1.76234744463391
72,36.0838202,140.0764917,0,274.071282,27957.719270,44697.071794,-222.196038,0.000000000,0.000000000,-0.999368924,-0.035521164,2,2,0,0,1,-1,10.4358790354394,90.8478364365621,8.74766593997694,90.1502995254066,11.9585261107773,1.82664205527938
73,36.0838215,140.0764691,0,278.061099,27955.683299,44697.209606,-222.188093,0.000000000,0.000000000,-0.997526715,-0.070288354,2,2,0,0,1,-1,8.40268191339674,90.9925517747025,6.62785595300583,90.2532422400126,12.0531732002603,1.92265071652677
74,36.0838234,140.0764525,0,278.061099,27954.187516,44697.415701,-222.182994,0.000000000,0.000000000,-0.997526715,-0.070288354,2,2,0,0,1,-1,6.90927163669216,91.2040588073085,5.26500267691613,90.406619192709,11.9434469559351,1.82743819348714
75,36.0838234,140.0764525,0,278.061099,27954.187516,44697.415701,-222.182994,0.000000000,0.000000000,-0.997526715,-0.070288354,2,2,0,0,1,-1,6.90927163669216,91.2040588073085,5.2504471670927,90.4131829644528,11.9583015524235,1.83771140817993
76,36.0838234,140.0764525,0,264.112732,27954.187516,44697.415701,-222.182994,0.000000000,0.000000000,-0.998680538,0.051353507,2,2,0,0,1,-1,6.90927163669216,91.2040588073085,5.10402979684385,90.4163501166384,12.1047013236146,1.96961495772554
77,36.0838232,140.0764501,0,277.717892,27953.971427,44697.392826,-222.181887,0.000000000,0.000000000,-0.997732758,-0.067300405,2,2,0,0,1,-1,6.69335689804553,91.1817949088897,4.87262194386433,90.441722228617,12.1201732779603,1.96539648556297
78,36.0838278,140.0764081,0,279.071425,27950.186991,44697.891279,-222.168825,0.000000000,0.000000000,-0.996868236,-0.079080460,2,2,0,0,1,-1,2.91484897045103,91.693864566986,0.904761729156376,91.1640105102323,12.3828930442293,2.07874867145452
79,36.0838286,140.0764019,0,276.179411,27949.628293,44697.978280,-222.166991,0.000000000,0.000000000,-0.998546371,-0.053899402,2,2,0,0,1,-1,2.3570692312911,91.7829201590794,0.33725614177224,91.2644457976946,12.4047772090425,2.08529628110853
80,36.0838293,140.0763939,0,281.198691,27948.907510,44698.053674,-222.164366,0.000000000,0.000000000,-0.995228515,-0.097571531,2,2,0,0,1,-1,1.63735343495002,91.8608438027544,-0.455649398075723,91.2335467587471,12.4876803519402,2.18498568427209
81,36.0838305,140.0763864,0,296.032796,27948.231584,44698.184689,-222.162329,0.000000000,0.000000000,-0.974305644,-0.225229909,2,2,0,0,1,-1,0.962619875720449,91.9944271916854,-1.26015111182144,91.2528956461676,12.6360931479806,2.34319864630722
82,36.083832,140.0763826,0,273.031674,27947.888799,44698.350044,-222.161991,0.000000000,0.000000000,-0.999650051,-0.026453260,2,2,0,0,1,-1,0.620754872650207,92.1614064282447,-1.50873418418082,91.2865247605854,12.5656390090387,2.30220363468773
83,36.0838331,140.0763569,0,274.715785,27945.573692,44698.464785,-222.152666,0.000000000,0.000000000,-0.999153335,-0.041141373,2,2,0,0,1,-1,-1.69133211897244,92.2838578679664,-3.91313290520487,91.5200740826501,12.6900675883654,2.34941788628908
84,36.0838334,140.0763524,0,268.389132,27945.168285,44698.496792,-222.151116,0.000000000,0.000000000,-0.999901195,0.014057012,2,2,0,0,1,-1,-2.09617225553296,92.3172537148036,-4.38991419745004,91.5624524334079,12.7694551078326,2.41474161568193
85,36.0838333,140.076348,0,276.194781,27944.772027,44698.484444,-222.149295,0.000000000,0.000000000,-0.998539132,-0.054033335,2,2,0,0,1,-1,-2.49201594262563,92.3061217655942,-4.7195222514304,91.5950723370729,12.7045737879132,2.33824199893115
86,36.0838348,140.0763309,0,273.826569,27943.231353,44698.646016,-222.143689,0.000000000,0.000000000,-0.999442502,-0.033386908,2,2,0,0,1,-1,-4.03040845644172,92.4731010021535,-6.41351236623399,91.6493335816317,12.9009155044586,2.52146326722807
87,36.0838352,140.0763235,0,266.067469,27942.564717,44698.688294,-222.141069,0.000000000,0.000000000,-0.999411202,0.034311071,2,2,0,0,1,-1,-4.69614556620344,92.5176287982002,-7.08378915890962,91.7021760990943,12.9184792966288,2.52305470219533
88,36.0838351,140.0763217,0,279.556235,27942.402632,44698.676686,-222.140278,0.000000000,0.000000000,-0.996524745,-0.083297255,2,2,0,0,1,-1,-4.85808162082764,92.5064968497818,-7.32688718438261,91.7250395305866,12.9983939177372,2.58953209139483
89,36.0838371,140.076307,0,274.461949,27941.077941,44698.894419,-222.136012,0.000000000,0.000000000,-0.999242018,-0.038928012,2,2,0,0,1,-1,-6.18055939599711,92.7291358308062,-8.6570391410702,91.8461421783027,13.0562249197744,2.62918803399808
90,36.0838399,140.0762626,0,279.168361,27937.077983,44699.192471,-222.120606,0.000000000,0.000000000,-0.996800984,-0.079923708,2,2,0,0,1,-1,-10.1749820596813,93.040830405506,-12.6610589771959,92.0171054669406,13.1842297887434,2.68860394808153
91,36.0838402,140.0762603,0,275.224976,27936.870723,44699.225104,-222.119929,0.000000000,0.000000000,-0.998960659,-0.045580719,2,2,0,0,1,-1,-10.381900351417,93.0742262523432,-12.9092885346261,92.0540231157069,13.2326858836736,2.7255284751086
92,36.0838434,140.076217,0,271.968586,27932.969697,44699.567854,-222.105272,0.000000000,0.000000000,-0.999852442,-0.017178309,2,2,0,0,1,-1,-14.2773620965242,93.4304486230897,-16.8543171581789,92.717818942887,13.3631856262447,2.67367508326904
93,36.0838436,140.0762098,0,277.960709,27932.321145,44699.587998,-222.102577,0.000000000,0.000000000,-0.997587910,-0.069414426,2,2,0,0,1,-1,-14.9251063124641,93.4527125215086,-17.5364234812039,92.7988847361023,13.4057607776056,2.69192647164154
94,36.0838469,140.0761806,0,272.422386,27929.690027,44699.945854,-222.093584,0.000000000,0.000000000,-0.999776573,-0.021137731,2,2,0,0,1,-1,-17.5520689664242,93.8200668406734,-20.5664172116172,92.8573353703583,13.9523358310245,3.16435573651783
95,36.0838473,140.0761689,0,278.987570,27928.636103,44699.986910,-222.089263,0.000000000,0.000000000,-0.996925838,-0.078350957,2,2,0,0,1,-1,-18.6046533163677,93.8645946367202,-21.7250381786698,93.0584192352108,14.0622956315207,3.22284353744997
96,36.083849,140.0761556,0,283.680881,27927.437613,44700.171756,-222.085321,0.000000000,0.000000000,-0.992881689,-0.119104794,2,2,0,0,1,-1,-19.8011808271136,94.0538377716983,-23.0233192128168,93.0665527701621,14.2461485256346,3.37000110547171
97,36.0838574,140.0761129,0,286.730328,27923.588789,44701.091658,-222.074957,0.000000000,0.000000000,-0.989360969,-0.145481521,2,2,0,0,1,-1,-23.6426638856414,94.9889214942156,-26.9857249012534,93.7244401563092,14.6378631288353,3.57420900452379
98,36.0838677,140.0760705,0,296.005281,27919.766314,44702.222466,-222.066193,0.000000000,0.000000000,-0.974359697,-0.224995958,2,2,0,0,1,-1,-27.4571576034365,96.135512249339,-30.457644920049,95.7171638716663,14.3634287743498,3.02951142962916
99,36.0838828,140.0760322,0,273.553001,27916.311417,44703.887036,-222.062793,0.000000000,0.000000000,-0.999519359,-0.031000815,2,2,0,0,1,-1,-30.9027969748716,97.8164365601866,-33.8954719352933,97.5753403331316,14.6057243997433,3.00237086473925
100,36.0838842,140.0760043,0,279.273652,27913.798059,44704.034447,-222.052842,0.000000000,0.000000000,-0.996727126,-0.080839572,2,2,0,0,1,-1,-33.4128058113191,97.9722838475364,-36.2959938865806,97.6507174576996,14.6140001399767,2.90106504932294
101,36.0838906,140.0759558,0,278.764077,27909.427558,44704.730793,-222.038634,0.000000000,0.000000000,-0.997076754,-0.076406461,2,2,0,0,1,-1,-37.7760828213632,98.6847285882384,-40.2690981330387,98.213434239869,14.5090360126262,2.53717238418151
102,36.0838944,140.0759253,0,267.513962,27906.679178,44705.143765,-222.029526,0.000000000,0.000000000,-0.999764678,0.021693072,2,2,0,0,1,-1,-40.5199992928361,99.1077426534504,-43.0441343892004,98.614269850033,14.6982578471803,2.57192017613509
103,36.0838928,140.0758797,0,235.534352,27902.572699,44704.953280,-222.010241,0.000000000,0.000000000,-0.955108798,0.296255268,2,2,0,0,1,-1,-44.622379327122,98.9296314684726,-46.9779636188086,97.3964287421486,15.0720838711556,2.81060277436141
104,36.0838781,140.0758532,0,187.265436,27900.191123,44703.314681,-221.988311,0.000000000,0.000000000,-0.750488581,0.660883416,2,2,0,0,1,-1,-47.0064379017028,97.2932349536718,-49.2223846162919,95.3461719541844,15.0809365820731,2.94982612468446
105,36.0838407,140.0758473,0,186.329569,27899.672943,44699.163204,-221.956856,0.000000000,0.000000000,-0.745066190,0.666990534,2,2,0,0,1,-1,-47.53722830013,93.1298859975994,-49.6617263946976,91.2789185610899,14.5765055175017,2.81772472126712
106,36.083805,140.0758424,0,184.835733,27899.244228,44695.200638,-221.927122,0.000000000,0.000000000,-0.736308121,0.676646400,2,2,0,0,1,-1,-47.9780542243342,89.1557801765051,-50.0260066387941,87.1781684985366,14.2082987928866,2.84693818702292
107,36.0837687,140.0758386,0,184.778955,27898.914799,44691.171810,-221.897358,0.000000000,0.000000000,-0.735972765,0.677011144,2,2,0,0,1,-1,-48.3199192274044,85.1148826609453,-50.3188087317987,83.1351698024997,13.8014816755957,2.81332938929524
108,36.0837339,140.075835,0,201.092199,27898.602853,44687.309475,-221.868844,0.000000000,0.000000000,-0.824581646,0.565742972,2,2,0,0,1,-1,-48.6437913366528,81.2409643811538,-50.6369783054525,79.1181668021192,13.5267210375734,2.91188321437315
109,36.0837119,140.0758245,0,192.149645,27897.664923,44684.865433,-221.847566,0.000000000,0.000000000,-0.777967127,0.628304981,2,2,0,0,1,-1,-49.5884183185515,78.7919355835572,-51.1877893678017,75.1054344823215,13.9617484115152,4.01849202096908
110,36.0836875,140.075818,0,193.336333,27897.088107,44682.156230,-221.826004,0.000000000,0.000000000,-0.784431901,0.620214957,2,2,0,0,1,-1,-50.1731874010011,76.0757400080985,-51.4778903865696,71.1050771428555,14.4306506729548,5.13904068873343
111,36.0836575,140.0758092,0,195.293940,27896.306116,44678.825013,-221.799174,0.000000000,0.000000000,-0.794912269,0.606724390,2,2,0,0,1,-1,-50.9648747777433,72.7361552848222,-51.6542584595658,67.1083116331417,14.3240268414359,5.66990952560299
112,36.0836244,140.075798,0,180.940100,27895.309058,44675.149147,-221.768985,0.000000000,0.000000000,-0.712883968,0.701282003,2,2,0,0,1,-1,-51.9724768905753,69.0514801392179,-52.0588175123739,63.0254382472408,14.1224907880114,6.026660400822
113,36.083585,140.0757972,0,187.013675,27895.250923,44670.777204,-221.738009,0.000000000,0.000000000,-0.749034790,0.662530665,2,2,0,0,1,-1,-52.0444484709765,64.6654922021211,-52.0918099469874,58.9479860115427,13.59189963826,5.71770234873344
114,36.0835469,140.0757914,0,184.709687,27894.741992,44666.548085,-221.706070,0.000000000,0.000000000,-0.735563393,0.677455899,2,2,0,0,1,-1,-52.5662424224928,60.4242196031647,-52.6476249437313,54.9837637590024,13.1861779217137,5.44106450127576
115,36.0835057,140.0757872,0,183.498560,27894.378264,44661.975453,-221.672354,0.000000000,0.000000000,-0.728362360,0.685192143,2,2,0,0,1,-1,-52.9440932132067,55.8378565818803,-52.9836921021734,50.9379114432172,12.4893372725262,4.90010514518981
116,36.0834634,140.075784,0,185.885358,27894.104991,44657.281052,-221.638182,0.000000000,0.000000000,-0.742475029,0.669873743,2,2,0,0,1,-1,-53.2319795322545,51.1290421216653,-53.398806822316,46.8956254593723,11.7630676136077,4.23670248911681
117,36.0834242,140.075779,0,188.587907,27893.668501,44652.930108,-221.605712,0.000000000,0.000000000,-0.758065515,0.652178407,2,2,0,0,1,-1,-53.6818019059265,46.7653180821963,-53.8530242295311,42.8137175058453,11.3350449457574,3.95530835702071
118,36.0834044,140.0757753,0,177.896210,27893.342246,44650.732104,-221.588849,0.000000000,0.000000000,-0.694006552,0.719968684,2,2,0,0,1,-1,-54.0146704595289,44.5611921648339,-54.1563079026857,40.9370169566106,10.9568188752812,3.62694183923653
119,36.0833824,140.0757763,0,178.649199,27893.440085,44648.291328,-221.572133,0.000000000,0.000000000,-0.698722498,0.715392809,2,2,0,0,1,-1,-53.9247059853059,42.1121633672373,-54.0682478378463,38.7951296148054,10.5574389794726,3.32013812637415
120,36.0833447,140.0757774,0,184.889382,27893.552476,44644.108552,-221.543249,0.000000000,0.000000000,-0.736624830,0.676301604,2,2,0,0,1,-1,-53.8257450641719,37.9154185643276,-53.876505491476,34.7908860240103,10.1289549030104,3.12494483415015
121,36.0833088,140.0757736,0,177.100904,27893.222901,44640.124107,-221.513829,0.000000000,0.000000000,-0.688993040,0.724767957,2,2,0,0,1,-1,-54.1676100672422,33.9190488448145,-54.1872224207425,30.7962282625748,9.97191246109085,3.12288216768902
122,36.0832705,140.075776,0,124.006124,27893.452591,44635.875126,-221.484997,0.000000000,0.000000000,-0.292422811,0.956289130,2,2,0,0,1,-1,-53.9516953285956,29.6555123474393,-53.975578933834,26.7859314219917,9.54808510808526,2.86968031569583
123,36.0832476,140.075818,0,85.782010,27897.243516,44633.346131,-221.483802,0.000000000,0.000000000,0.036800595,0.999322629,2,2,0,0,1,-1,-50.1731874010011,27.1062960085399,-50.3747670150344,24.9130940109513,8.49903251798186,2.20244621796325
124,36.0832503,140.0758633,0,71.163882,27901.322620,44633.658582,-221.503819,0.000000000,0.000000000,0.163636911,0.986520634,2,2,0,0,1,-1,-46.0977967100048,27.4068586332393,-46.3882653896648,25.5934577502547,7.78843282986885,1.83651703402733
125,36.0832613,140.0759032,0,96.330332,27904.912427,44634.890446,-221.528155,0.000000000,0.000000000,-0.055214475,0.998474517,2,2,0,0,1,-1,-42.5082141777672,28.6313730320376,-42.6854179476026,27.123772921644,7.16355653228347,1.51797867867192
126,36.0832574,140.0759467,0,106.380511,27908.831742,44634.470070,-221.542332,0.000000000,0.000000000,-0.142460597,0.989800474,2,2,0,0,1,-1,-38.5947595388382,28.1972270184071,-38.6905878525172,26.6018374825704,6.78126433385242,1.59826494573332
127,36.0832469,140.0759909,0,126.725304,27912.816437,44633.317578,-221.551658,0.000000000,0.000000000,-0.315030449,0.949081564,2,2,0,0,1,-1,-34.6183297689759,27.028372364865,-34.7997585119186,25.4489200893512,6.35458156453988,1.58983831863227
128,36.0832264,140.0760249,0,124.714248,27915.885979,44631.052616,-221.549175,0.000000000,0.000000000,-0.298326624,0.954463842,2,2,0,0,1,-1,-31.5595376377224,24.7463228038277,-31.5134628283266,23.0382586462807,5.91682990881957,1.7086854755506
129,36.0832049,140.0760633,0,113.201560,27919.352174,44628.677949,-221.547659,0.000000000,0.000000000,-0.201091257,0.979572512,2,2,0,0,1,-1,-28.1049018193764,22.3529537514872,-27.9323065370102,21.2413191335334,4.86645841034732,1.12495362363441
130,36.083189,140.0761092,0,129.478502,27923.491898,44626.926775,-221.553467,0.000000000,0.000000000,-0.337740142,0.941239394,2,2,0,0,1,-1,-23.9755324418007,20.5829738477553,-24.1441137899836,19.8512621223811,4.24642278546655,0.75088062966437
131,36.0831663,140.0761433,0,103.217585,27926.571230,44624.417739,-221.549322,0.000000000,0.000000000,-0.115089590,0.993355116,2,2,0,0,1,-1,-20.9077438636364,18.0560214064837,-21.1173123185039,17.2159461866055,3.90745028179391,0.865820600545566
132,36.0831581,140.0761865,0,94.653955,27930.465051,44623.520172,-221.560052,0.000000000,0.000000000,-0.040602255,0.999175388,2,2,0,0,1,-1,-17.0212785654401,17.1432015823852,-17.1372659670041,16.6623488640005,3.15900825085732,0.494643724411344
133,36.0831551,140.0762321,0,79.221823,27934.573195,44623.200267,-221.575778,0.000000000,0.000000000,0.093918715,0.995579869,2,2,0,0,1,-1,-12.9188985311541,16.8092431100576,-13.0762441601916,16.2644436772517,2.86488240403925,0.567066194515989
134,36.0831621,140.0762776,0,117.089647,27938.668795,44623.989908,-221.599239,0.000000000,0.000000000,-0.234205994,0.972186994,2,2,0,0,1,-1,-8.82551494377909,17.588479545225,-8.98150386577928,16.0775131747816,3.2571367768638,1.51899701000288
135,36.0831485,140.0763105,0,172.928938,27941.636832,44622.490247,-221.601700,0.000000000,0.000000000,-0.662155469,0.749366489,2,2,0,0,1,-1,-5.8656837336596,16.0745344709368,-6.07441191510586,14.2153487347466,3.18273960138391,1.87086585713222
136,36.0831055,140.0763171,0,175.088561,27942.246494,44617.720962,-221.570892,0.000000000,0.000000000,-0.676159804,0.736754993,2,2,0,0,1,-1,-5.27191820429908,11.2877963662558,-5.25911648981577,10.2944078346313,1.99821291284206,0.993471015509138
137,36.083066,140.0763213,0,174.348473,27942.638755,44613.339345,-221.541858,0.000000000,0.000000000,-0.671387413,0.741106566,2,2,0,0,1,-1,-4.89406741102824,6.89067647994955,-4.805353388942,6.29362920501789,1.32232670925264,0.603602208592746
138,36.0830268,140.0763261,0,155.768176,27943.084951,44608.991186,-221.513298,0.000000000,0.000000000,-0.542941252,0.839770681,2,2,0,0,1,-1,-4.46223793373498,2.52695244127154,-4.24219110531073,2.3240126303799,0.698552928458795,0.2993412326164
139,36.0829943,140.0763442,0,148.891970,27944.726679,44605.390225,-221.495215,0.000000000,0.000000000,-0.491602823,0.870819536,2,2,0,0,1,-1,-2.83388094569587,-1.09093100986725,-2.390532243941,-1.25855946850737,0.739378851140856,0.473980349269663
140,36.0829868,140.0763498,0,242.062903,27945.233713,44604.559638,-221.491606,0.000000000,0.000000000,-0.970428379,0.241389233,2,2,0,0,1,-1,-2.33007988800142,-1.92582719029083,-1.97636934104144,-1.75056300394451,0.565931735674324,0.394751423108728
141,36.0829865,140.0763491,0,242.062902,27945.170771,44604.526152,-221.491096,0.000000000,0.000000000,-0.970428377,0.241389241,2,2,0,0,1,-1,-2.3930550214917,-1.95922303791908,-2.14925342568886,-1.61164575963858,0.454822980284953,0.424557631532976
142,36.0829859,140.0763477,0,351.773800,27945.044889,44604.459179,-221.490075,0.000000000,0.000000000,-0.756003148,-0.654567980,2,2,0,0,1,-1,-2.51900528591531,-2.02601473238461,-2.18614815213771,-1.74288201447599,0.546329607472669,0.436987422538634
143,36.08302,140.0763416,0,2.705846,27944.483408,44608.241086,-221.514154,0.000000000,0.000000000,0.690214326,0.723604992,2,2,0,0,1,-1,-3.06778857816433,1.76997990373192,-2.70042692738658,2.26566203645843,0.217089772659379,0.61697273778219
144,36.0830542,140.0763436,0,7.466268,27944.651441,44612.036394,-221.541522,0.000000000,0.000000000,0.659567104,0.751645685,2,2,0,0,1,-1,-2.88785962971829,5.57710648905787,-2.54985289431175,6.28420802033365,0.520073580504024,0.783735369058172
145,36.0830727,140.0763466,0,81.393450,27944.915097,44614.089956,-221.557088,0.000000000,0.000000000,0.075035725,0.997180846,2,2,0,0,1,-1,-2.61796620704924,7.63651706827975,-2.07395756380857,8.59681602820817,0.788887249868097,1.103684509432
146,36.0830784,140.0763932,0,98.445826,27949.110235,44614.735670,-221.579980,0.000000000,0.000000000,-0.073637025,0.997285109,2,2,0,0,1,-1,1.57437830145974,8.27103816609773,1.89719992536731,9.18370743751339,1.29376828033484,0.968080058594688
147,36.083073,140.0764382,0,90.479004,27953.165193,44614.149306,-221.593615,0.000000000,0.000000000,-0.004180086,0.999991263,2,2,0,0,1,-1,5.62277965172329,7.669912915908,5.89488079738215,8.91428753732257,2.01027274280671,1.27377675904749
148,36.0830727,140.0764826,0,85.729690,27957.164306,44614.128654,-221.610979,0.000000000,0.000000000,0.037256860,0.999305722,2,2,0,0,1,-1,9.61720231796442,7.63651706827975,9.93506207542776,9.01723386136094,2.56541505727499,1.41683227239891
149,36.0830755,140.076529,0,95.162027,27961.342456,44614.452541,-221.631546,0.000000000,0.000000000,-0.045031950,0.998985547,2,2,0,0,1,-1,13.7915539326516,7.94821164297952,13.9893023226921,9.33182996635075,3.05901877184543,1.39767810690883
150,36.0830722,140.0765742,0,82.838342,27965.414685,44614.099249,-221.646901,0.000000000,0.000000000,0.062456579,0.998047682,2,2,0,0,1,-1,17.8579481767369,7.58085732302364,18.026471963526,8.91804735130237,3.45678352011464,1.34776757582373
151,36.0830768,140.0766195,0,69.590912,27969.493123,44614.622550,-221.668436,0.000000000,0.000000000,0.177162794,0.984181561,2,2,0,0,1,-1,21.9333388702902,8.09292698111999,22.0449818835748,9.44008741909719,3.93977572204508,1.35177860911697
152,36.0830811,140.0766338,0,26.277451,27970.779568,44615.103738,-221.677449,0.000000000,0.000000000,0.527864405,0.849328659,2,2,0,0,1,-1,23.219830855259,8.57160079158808,23.3472240251153,10.0900363124863,4.26042009885416,1.52377014370656
153,36.083114,140.0766539,0,51.033378,27972.578274,44618.759956,-221.710989,0.000000000,0.000000000,0.333532274,0.942738682,2,2,0,0,1,-1,25.0281167917442,12.2340120387736,25.0536659789394,13.7581010047029,4.59668171247827,1.52430309880739
154,36.0831274,140.0766744,0,96.101369,27974.419915,44620.252621,-221.729533,0.000000000,0.000000000,-0.053219335,0.998582847,2,2,0,0,1,-1,26.8723885184299,13.725693214643,27.2380452549427,15.1903978856342,4.70759051169755,1.50965712073328
155,36.0831241,140.0767126,0,98.909800,27977.861668,44619.897341,-221.742119,0.000000000,0.000000000,-0.077674355,0.996978783,2,2,0,0,1,-1,30.3090314429542,13.3583388954781,31.2361559978916,14.6480670552412,4.82439807246345,1.58838240561083
156,36.0831185,140.0767568,0,94.569698,27981.844642,44619.288570,-221.755299,0.000000000,0.000000000,-0.039867569,0.999204972,2,2,0,0,1,-1,34.2854612128165,12.7349497468695,35.3073716879346,14.0291510924724,5.26317608326996,1.64901732620254
157,36.0831158,140.0767986,0,96.549316,27985.610427,44619.000893,-221.769784,0.000000000,0.000000000,-0.057122453,0.998367180,2,2,0,0,1,-1,38.0459762440323,12.4343871221701,39.3456614104303,13.7460237009251,5.70243000166306,1.84650265271489
158,36.0831113,140.0768471,0,98.177127,27989.980303,44618.515404,-221.785530,0.000000000,0.000000000,-0.071298349,0.997455034,2,2,0,0,1,-1,42.4092532540764,11.9334494132832,43.338758441553,13.3459132953877,6.29436904002884,1.69086785757954
159,36.0831059,140.0768936,0,91.600922,27994.170364,44617.929486,-221.799786,0.000000000,0.000000000,-0.013970226,0.999902412,2,2,0,0,1,-1,46.5926013182314,11.3323241630935,47.3825311730352,12.9336789571825,6.95413685639873,1.78558851700559
160,36.0831048,140.0769423,0,18.250889,27998.557049,44617.821313,-221.818260,0.000000000,0.000000000,0.586012567,0.810301963,2,2,0,0,1,-1,50.9738712220973,11.2098727233718,51.4354354698575,12.9883430411131,7.6390947120635,1.83738896967871
161,36.0831396,140.0769565,0,18.419519,27999.823671,44621.686673,-221.850944,0.000000000,0.000000000,0.584819514,0.811163446,2,2,0,0,1,-1,52.2513667601553,15.0837910023723,52.6129517226846,16.822068233837,7.81900599021933,1.77548624848397
162,36.083176,140.0769715,0,72.810879,28001.161778,44625.729792,-221.885193,0.000000000,0.000000000,0.149441473,0.988770573,2,2,0,0,1,-1,53.6008338760575,19.1358204679325,54.0907374170091,20.6082299635732,7.78141585104087,1.55177163342089
163,36.0831782,140.0769803,0,93.017441,28001.953593,44625.976407,-221.890396,0.000000000,0.000000000,-0.026329097,0.999653329,2,2,0,0,1,-1,54.3925212527997,19.3807233473758,54.8824873701751,20.7929225065222,7.81587620824462,1.49478201128786
164,36.0831763,140.0770249,0,94.461885,28005.971281,44625.778303,-221.906626,0.000000000,0.000000000,-0.038927454,0.999242039,2,2,0,0,1,-1,58.4049368128627,19.1692163147698,58.9741618482068,20.3637890454476,8.02716014291717,1.32326155756958
165,36.0831735,140.0770693,0,92.711696,28009.971275,44625.480282,-221.922079,0.000000000,0.000000000,-0.023661803,0.999720020,2,2,0,0,1,-1,62.3993594791038,18.857521740861,62.9985594396895,19.9624273194709,8.37102914870602,1.25692359768168
166,36.0831719,140.0771111,0,94.236596,28013.736668,44625.314670,-221.937435,0.000000000,0.000000000,-0.036962853,0.999316640,2,2,0,0,1,-1,66.1598745103195,18.6794105550923,67.0470735200383,19.7851216468269,8.75616784388876,1.41764561905684
167,36.0831692,140.0771562,0,90.671960,28017.799674,44625.027948,-221.953249,0.000000000,0.000000000,-0.005863924,0.999982807,2,2,0,0,1,-1,70.217272307494,18.3788479303929,71.043726709268,19.1850641256053,8.91368633639719,1.15456114244089
168,36.0831688,140.0771984,0,92.486016,28021.600668,44624.995603,-221.969701,0.000000000,0.000000000,-0.021692880,0.999764682,2,2,0,0,1,-1,74.0137731289103,18.3343201335552,75.0849531280863,19.1933638016915,9.3748968350427,1.37309235465048
169,36.0831672,140.077244,0,95.816426,28025.708319,44624.831080,-221.986573,0.000000000,0.000000000,-0.050736100,0.998712095,2,2,0,0,1,-1,78.1161531657532,18.1562089485775,79.0855183758683,18.8358601414117,9.66174539572302,1.18388962935842
170,36.0831638,140.0772853,0,82.171709,28029.429317,44624.465609,-222.000341,0.000000000,0.000000000,0.068261602,0.997667456,2,2,0,0,1,-1,81.8316859598574,17.7777226802032,82.708899506659,18.3442174943048,9.96795963717823,1.0442317659869
172,36.0831642,140.0772889,0,87.603926,28029.753418,44624.511020,-222.002082,0.000000000,0.000000000,0.020908167,0.999781400,2,2,0,0,1,-1,82.1555580665489,17.8222504762499,83.0751935209068,18.3199326061532,9.93383202670019,1.04566575507532
173,36.0831656,140.0773303,0,67.726285,28033.481720,44624.678174,-222.019623,0.000000000,0.000000000,0.193153177,0.981168615,2,2,0,0,1,-1,85.880087310121,17.9780977635998,87.0756840662725,18.3737850671301,10.24235376109,1.25937287786228
174,36.0831799,140.0773735,0,69.731642,28037.367563,44626.277192,-222.047909,0.000000000,0.000000000,0.175953987,0.984398392,2,2,0,0,1,-1,89.7665526057603,19.569966481563,90.9030750121871,19.8448444505729,10.5798596915553,1.16929084412613
175,36.0831933,140.0774184,0,136.684704,28041.406839,44627.776836,-222.076173,0.000000000,0.000000000,-0.396224293,0.918153750,2,2,0,0,1,-1,93.8059575091129,21.0616476582234,94.6287081151968,21.304950514633,11.0451798284703,0.857971351356477
176,36.0831909,140.0774212,0,62.082397,28041.659880,44627.511337,-222.075421,0.000000000,0.000000000,0.241224142,0.970469429,2,2,0,0,1,-1,94.0578580379602,20.7944808803613,95.1456394950318,21.1753917779032,11.1874937901057,1.15254570851442
177,36.0832082,140.0774616,0,73.732360,28045.292466,44629.442432,-222.104931,0.000000000,0.000000000,0.141485589,0.989940315,2,2,0,0,1,-1,97.6924228047523,22.7203080714431,98.598464663009,23.3126279658956,11.8489494934024,1.08247619201418
178,36.0832186,140.0775057,0,97.037935,28049.260750,44630.608979,-222.130551,0.000000000,0.000000000,-0.061378964,0.998114534,2,2,0,0,1,-1,101.659856127704,23.8780307749849,102.459641462267,24.6133021987297,12.4659785020512,1.08640722013348
179,36.0832142,140.0775498,0,79.320731,28053.234292,44630.133360,-222.144668,0.000000000,0.000000000,0.093059360,0.995660562,2,2,0,0,1,-1,105.627289450655,23.3882250160983,106.478380833543,24.3042635732264,13.0779639001862,1.25039321022281
180,36.0832215,140.0775977,0,99.021995,28057.545933,44630.957029,-222.169395,0.000000000,0.000000000,-0.078650445,0.996902256,2,2,0,0,1,-1,109.936587776677,24.2008572988941,110.46065097234,24.913205028085,13.4049551249103,0.884353730320772
181,36.0832157,140.0776429,0,86.665587,28061.619046,44630.326388,-222.182866,0.000000000,0.000000000,0.029094137,0.999576676,2,2,0,0,1,-1,114.002982023319,23.5552042518666,114.51037655327,24.4889494664222,14.0700409168644,1.06269908004531
182,36.0832178,140.0776875,0,88.407231,28065.635312,44630.572140,-222.202243,0.000000000,0.000000000,0.013899084,0.999903403,2,2,0,0,1,-1,118.015397583382,23.7889751828915,118.498017556781,24.829256029413,14.6322476756046,1.14678083275032
183,36.083218,140.0776964,0,93.900090,28066.436842,44630.596874,-222.205940,0.000000000,0.000000000,-0.034028135,0.999420875,2,2,0,0,1,-1,118.816081407035,23.8112390805193,119.171928918611,24.810306978347,14.6944204487733,1.06054896914959
185,36.083216,140.0777327,0,93.205310,28069.707004,44630.385332,-222.218829,0.000000000,0.000000000,-0.027967959,0.999608820,2,2,0,0,1,-1,122.081791827468,23.5886000994949,122.523248093103,24.7801832434601,15.2392012957452,1.27072972084952
186,36.0832139,140.0777791,0,107.633250,28073.886885,44630.165582,-222.235663,0.000000000,0.000000000,-0.153272575,0.988183949,2,2,0,0,1,-1,126.256143442155,23.3548291684701,126.629775211469,24.4459623079552,15.6097583921411,1.15333092697799
187,36.0832027,140.0778227,0,94.316633,28077.817812,44628.935322,-222.244310,0.000000000,0.000000000,-0.037660821,0.999290580,2,2,0,0,1,-1,130.178594527995,22.1080508720439,130.611928514131,23.4285941809764,16.2538957180447,1.38982479986057
188,36.0831999,140.0778686,0,88.163130,28081.952908,44628.637762,-222.260405,0.000000000,0.000000000,0.016029028,0.999871527,2,2,0,0,1,-1,134.30796390557,21.7963562973441,134.607863019415,23.1297686877736,16.7365449642556,1.36672165470359
189,36.0832011,140.0779149,0,84.203513,28086.122609,44628.784148,-222.279772,0.000000000,0.000000000,0.050562323,0.998720908,2,2,0,0,1,-1,138.473319073346,21.9299396862752,138.645427684602,23.2634423580235,17.2170638212417,1.34456340483744
190,36.0832048,140.07796,0,90.947290,28090.183339,44629.207586,-222.300607,0.000000000,0.000000000,-0.008266571,0.999965831,2,2,0,0,1,-1,142.530716870521,22.3418218022778,142.635920459689,23.7465655562039,17.7559522772607,1.40867768114936
191,36.0832042,140.0780049,0,92.584579,28094.227585,44629.153852,-222.318023,0.000000000,0.000000000,-0.022552794,0.999745653,2,2,0,0,1,-1,146.570121773874,22.2750301078122,146.69834599967,23.6932447510558,18.2202523375028,1.42399937724406
192,36.0832025,140.0780515,0,92.234324,28098.425338,44628.978554,-222.335263,0.000000000,0.000000000,-0.019496920,0.999809917,2,2,0,0,1,-1,150.762466282383,22.0857869736251,150.758995687494,23.5112802045991,18.7063053778693,1.4254974558313
193,36.0832011,140.0780959,0,96.258965,28102.424835,44628.835915,-222.351862,0.000000000,0.000000000,-0.054592620,0.998508711,2,2,0,0,1,-1,154.756888948624,21.9299396862752,154.769651971023,23.3142795621792,19.1105187036585,1.38439870946151
194,36.0831972,140.0781399,0,94.909159,28106.389195,44628.415770,-222.366361,0.000000000,0.000000000,-0.042827391,0.999082486,2,2,0,0,1,-1,158.715325824664,21.4957936726448,158.769312071496,22.8411685610308,19.5074952595313,1.34645761357226
195,36.083194,140.078186,0,99.886096,28110.542449,44628.073898,-222.382244,0.000000000,0.000000000,-0.086165482,0.996280839,2,2,0,0,1,-1,162.862688096062,21.1395713018983,162.784452327791,22.5733953672984,20.0665982720212,1.43595692343382
196,36.083188,140.0782286,0,101.096774,28114.381463,44627.420346,-222.394558,0.000000000,0.000000000,-0.096686343,0.995314900,2,2,0,0,1,-1,166.695174707679,20.471654357243,166.725185085316,21.8317905994469,20.4083162767166,1.36046728006311
197,36.0831812,140.0782715,0,90.305571,28118.247783,44626.678116,-222.406372,0.000000000,0.000000000,-0.002666607,0.999996445,2,2,0,0,1,-1,170.554650662585,19.7146818197034,170.658743762978,21.1037252349533,20.8587373165966,1.39293825527144
198,36.083181,140.0783179,0,91.249063,28122.426989,44626.669208,-222.424714,0.000000000,0.000000000,-0.010899915,0.999940594,2,2,0,0,1,-1,174.729002277272,19.6924179212846,174.741662137485,21.1392099543055,21.3915862696568,1.44684742073013
199,36.0831802,140.0783633,0,77.754774,28126.516342,44626.593440,-222.442194,0.000000000,0.000000000,0.106656500,0.994295927,2,2,0,0,1,-1,178.813389417737,19.6033623291912,178.828577990817,21.0526774523211,21.8536354394251,1.44939470776084
200,36.0831879,140.0784072,0,89.104526,28130.467565,44627.460382,-222.465686,0.000000000,0.000000000,0.007814405,0.999969467,2,2,0,0,1,-1,182.762829844309,20.4605224080336,182.76871563687,21.9237914595172,22.3238652906891,1.46328088881927
201,36.0831885,140.0784547,0,98.573367,28134.745560,44627.540560,-222.485097,0.000000000,0.000000000,-0.074746962,0.997202533,2,2,0,0,1,-1,187.03614238013,20.5273141024992,186.769957849286,21.8865773481878,22.7178136754165,1.38508150501725
202,36.0831832,140.0784982,0,93.175938,28138.665388,44626.964947,-222.498329,0.000000000,0.000000000,-0.027711739,0.999615956,2,2,0,0,1,-1,190.949597019059,19.9373208015188,190.745313767593,21.2067111535174,23.0579996178339,1.28572295327433
203,36.0831812,140.0785428,0,96.029762,28142.683114,44626.755809,-222.514567,0.000000000,0.000000000,-0.052595321,0.998615908,2,2,0,0,1,-1,194.962012579122,19.7146818197034,194.802219600586,21.002897540905,23.5243680718061,1.29808841776684
204,36.0831798,140.0785592,0,103.801702,28144.160721,44626.605167,-222.520022,0.000000000,0.000000000,-0.120151584,0.992755557,2,2,0,0,1,-1,196.437429962005,19.5588345323535,196.227312798148,20.9325972532239,23.776849860364,1.38973854944037
206,36.0831744,140.0785864,0,89.380829,28146.612484,44626.013792,-222.526677,0.000000000,0.000000000,0.005403260,0.999985402,2,2,0,0,1,-1,198.884463667519,18.9577092821638,198.830634598854,20.361320158223,24.0692421755915,1.40464268055088
207,36.0831748,140.0786322,0,87.760612,28150.737436,44626.071299,-222.545265,0.000000000,0.000000000,0.019541103,0.999809054,2,2,0,0,1,-1,203.004836595627,19.0022370790015,202.830193574312,20.4864340622056,24.6203211552003,1.49443663962247
208,36.0831762,140.0786765,0,101.217063,28154.726930,44626.239335,-222.564034,0.000000000,0.000000000,-0.097731091,0.995212859,2,2,0,0,1,-1,206.990262814957,19.1580843655604,206.874547743455,20.7556607420278,25.1830014044721,1.60176161035892
209,36.0831691,140.0787208,0,93.767301,28158.719456,44625.464237,-222.576199,0.000000000,0.000000000,-0.032869981,0.999459636,2,2,0,0,1,-1,210.97568903173,18.3677159811835,210.817073916085,20.006014538201,25.6671083380682,1.64595896572084
210,36.0831667,140.0787659,0,98.599922,28162.782359,44625.210869,-222.592339,0.000000000,0.000000000,-0.074978048,0.997185185,2,2,0,0,1,-1,215.033086831462,18.1005492033214,214.913747110254,19.8227199414949,26.2054543891487,1.7263006749923
211,36.0831612,140.0788109,0,90.156490,28166.837362,44624.613506,-222.606031,0.000000000,0.000000000,-0.001365632,0.999999068,2,2,0,0,1,-1,219.081488181725,17.4882920039222,218.960675927971,19.3149445046896,26.7616866477743,1.83064331840392
212,36.0831611,140.0788562,0,87.611608,28170.917460,44624.615401,-222.624044,0.000000000,0.000000000,0.020841143,0.999782800,2,2,0,0,1,-1,223.156878872722,17.4771600547128,222.971762641896,19.2760541060976,27.1962614066413,1.80839371460498
213,36.0831626,140.0789007,0,97.256751,28174.924932,44624.794600,-222.642983,0.000000000,0.000000000,-0.063284780,0.997995509,2,2,0,0,1,-1,227.160297985874,17.6441392912721,226.98944710937,19.4488368618878,27.6558630230543,1.8127667647516
214,36.083158,140.0789454,0,98.413939,28178.952595,44624.297018,-222.657264,0.000000000,0.000000000,-0.073359511,0.997305561,2,2,0,0,1,-1,231.181709992848,17.1320696331758,231.013394219599,19.0585945374843,28.2276499363025,1.93386359561505
215,36.0831528,140.0789889,0,94.850721,28182.872391,44623.732520,-222.670601,0.000000000,0.000000000,-0.042317886,0.999104197,2,2,0,0,1,-1,235.095164631777,16.5532082814049,235.051395696389,18.3697308850452,28.5532174121516,1.81704983124879
216,36.0831497,140.0790341,0,100.255940,28186.944553,44623.401522,-222.686252,0.000000000,0.000000000,-0.089380522,0.995997551,2,2,0,0,1,-1,239.161558878419,16.2081178598678,239.158357532175,18.1440990770175,29.1296832351415,1.93598386402732
217,36.0831435,140.0790765,0,90.150190,28190.765632,44622.725754,-222.698377,0.000000000,0.000000000,-0.001310655,0.999999141,2,2,0,0,1,-1,242.976052593657,15.5179370167937,243.168457740349,17.5612948352707,29.6631101348491,2.05239638345147
218,36.0831434,140.0791237,0,98.666876,28195.016859,44622.728205,-222.717165,0.000000000,0.000000000,-0.075560674,0.997141206,2,2,0,0,1,-1,247.222375788745,15.5068050675843,247.249950865284,17.6234344925238,30.2175708935,2.11680903894657
219,36.0831383,140.0791651,0,97.557423,28198.747479,44622.174207,-222.729750,0.000000000,0.000000000,-0.065903158,0.997826024,2,2,0,0,1,-1,250.94690502976,14.9390756650228,251.265930331752,17.1167249880949,30.6974218642896,2.2008938451426
220,36.0831334,140.0792108,0,96.506098,28202.865319,44621.643636,-222.744212,0.000000000,0.000000000,-0.056745917,0.998388652,2,2,0,0,1,-1,255.058281513514,14.3936101600892,255.2460624394,16.7127702016343,31.3007633272103,2.32674987362754
221,36.0831294,140.0792542,0,93.800913,28206.775682,44621.212268,-222.758457,0.000000000,0.000000000,-0.033163141,0.999449952,2,2,0,0,1,-1,258.962739702975,13.9483321964584,259.260277635936,16.4224822158849,31.8967953867224,2.49197655289502
222,36.083127,140.0792989,0,90.787674,28210.802562,44620.958808,-222.774468,0.000000000,0.000000000,-0.006873698,0.999976376,2,2,0,0,1,-1,262.984151712506,13.6811654185963,263.362088039082,16.3254558014129,32.5225436286975,2.67116219941847
223,36.0831265,140.0793439,0,90.949404,28214.855784,44620.916253,-222.792078,0.000000000,0.000000000,-0.008285018,0.999965679,2,2,0,0,1,-1,267.03255306277,13.6255056733402,267.425710115547,16.2222955517032,32.9339485613004,2.6263834717187
224,36.0831259,140.0793887,0,95.083722,28218.891028,44620.862548,-222.809532,0.000000000,0.000000000,-0.044349293,0.999016086,2,2,0,0,1,-1,271.062961516655,13.5587139788747,271.503973236026,16.3993851236298,33.6352619791011,2.874700660811
225,36.0831226,140.0794346,0,108.560478,28223.026311,44620.509576,-222.825331,0.000000000,0.000000000,-0.161263450,0.986911394,2,2,0,0,1,-1,275.19233089423,13.1913596589188,275.510235940987,16.1328905438239,34.2003545688873,2.95865975833729
226,36.0831118,140.0794744,0,123.474331,28226.614863,44619.322673,-222.832863,0.000000000,0.000000000,-0.287981761,0.957635894,2,2,0,0,1,-1,278.772916977,11.9891091585393,279.417619969748,15.2641307170862,34.9431965748028,3.33787479660412
227,36.0830916,140.0795122,0,132.135702,28230.026641,44617.092199,-222.832291,0.000000000,0.000000000,-0.359473266,0.933155384,2,2,0,0,1,-1,282.173574111324,9.7404554443393,282.780383461606,12.9129047401516,35.2193248440274,3.22996162857862
228,36.0830693,140.0795427,0,154.879214,28232.781678,44614.626618,-222.827168,0.000000000,0.000000000,-0.536410328,0.843957321,2,2,0,0,1,-1,284.917490582796,7.25803079990543,285.938839294004,10.4306839733951,35.5477796061711,3.33299885225604
229,36.083035,140.0795626,0,174.827998,28234.586289,44610.826505,-222.808479,0.000000000,0.000000000,-0.674482793,0.738290567,2,2,0,0,1,-1,286.70778362546,3.43977226537007,287.707048616489,6.79314395895273,35.9324718394009,3.49909020141214
230,36.0829975,140.0795668,0,180.510228,28234.977982,44606.666815,-222.781022,0.000000000,0.000000000,-0.710248210,0.703951333,2,2,0,0,1,-1,287.085634416174,-0.734708639120784,288.154874525716,2.72554093406146,36.0962142452764,3.62168490078324
231,36.0829612,140.0795664,0,186.550762,28234.954934,44602.638952,-222.752659,0.000000000,0.000000000,-0.746352275,0.665551111,2,2,0,0,1,-1,287.04964862853,-4.77560615468058,288.227400791647,-1.34639393142123,36.0868319029658,3.62582357953043
232,36.0829239,140.0795611,0,187.734932,28234.490911,44598.498724,-222.721560,0.000000000,0.000000000,-0.753189996,0.657803032,2,2,0,0,1,-1,286.572836914125,-8.92782316154358,288.025233403176,-5.43197917854151,36.1536795899176,3.78554893177979
233,36.0828882,140.0795551,0,182.190861,28233.963268,44594.535826,-222.691427,0.000000000,0.000000000,-0.720495809,0.693459292,2,2,0,0,1,-1,286.03305006623,-12.9019289826379,287.428777700283,-9.41292120486416,36.1094612905742,3.75782262777593
234,36.0828544,140.0795535,0,179.492566,28233.831244,44590.785011,-222.664533,0.000000000,0.000000000,-0.703968650,0.710231046,2,2,0,0,1,-1,285.889106907985,-16.6645277719171,287.539952172558,-13.4412486406382,35.9014379110588,3.62143872593506
235,36.0828179,140.0795539,0,189.206996,28233.880321,44586.735187,-222.636345,0.000000000,0.000000000,-0.761577875,0.648073407,2,2,0,0,1,-1,285.925092698185,-20.7276891858957,287.235253744749,-17.4450990455294,35.9563737940423,3.53439103631211
236,36.0827825,140.0795468,0,185.625623,28233.253495,44582.805260,-222.606011,0.000000000,0.000000000,-0.740954776,0.671554927,2,2,0,0,1,-1,285.286344929156,-24.6683991593618,286.563897682787,-21.4383699047532,35.8730563246729,3.47350399797326
237,36.0827464,140.0795424,0,188.886169,28232.870102,44578.798438,-222.576218,0.000000000,0.000000000,-0.759760453,0.650203087,2,2,0,0,1,-1,284.890501239507,-28.6870327772937,286.135571837097,-25.4687440331454,35.8634852008592,3.45073662189597
238,36.0827097,140.0795353,0,185.102996,28232.243740,44574.724267,-222.544880,0.000000000,0.000000000,-0.737884266,0.674927263,2,2,0,0,1,-1,284.251753473035,-32.7724580896912,285.719884872283,-29.5020587929925,35.9443765980379,3.58481817744008
239,36.0826735,140.0795313,0,184.165447,28231.896409,44570.706465,-222.515174,0.000000000,0.000000000,-0.732337606,0.680941723,2,2,0,0,1,-1,283.891895573586,-36.8022236560415,285.478850047393,-33.5025303918684,36.0239166971458,3.66147513163295
240,36.0826391,140.0795282,0,183.842605,28231.629496,44566.888645,-222.487228,0.000000000,0.000000000,-0.730416266,0.683002253,2,2,0,0,1,-1,283.613005704006,-40.6316141389954,285.051497142521,-37.5170146422735,35.8491609875987,3.43074155885624
241,36.0826018,140.0795251,0,189.131659,28231.363620,44562.749049,-222.457033,0.000000000,0.000000000,-0.761151641,0.648573958,2,2,0,0,1,-1,283.334115831869,-44.7838311458583,285.031766142123,-41.6133244314351,36.0134793068249,3.59640506646669
242,36.0825656,140.0795179,0,182.140262,28230.728070,44558.730328,-222.426054,0.000000000,0.000000000,-0.720189535,0.693777366,2,2,0,0,1,-1,282.686371615929,-48.8135967129997,284.424127689283,-45.6759762659105,36.0062037122692,3.58670576441254
243,36.082531,140.0795163,0,184.809438,28230.596330,44554.890747,-222.398560,0.000000000,0.000000000,-0.736152834,0.676815341,2,2,0,0,1,-1,282.542428457683,-52.6652510943723,284.226082629161,-49.678329510164,35.9192399284732,3.42875953069687
244,36.0824945,140.0795125,0,181.905963,28230.267119,44550.839716,-222.368714,0.000000000,0.000000000,-0.718769502,0.695248447,2,2,0,0,1,-1,282.200563454613,-56.728412508351,283.792380928532,-53.6778242559954,36.0163229522267,3.44092597358387
245,36.0824605,140.0795111,0,181.775505,28230.153178,44547.066767,-222.341770,0.000000000,0.000000000,-0.717977524,0.696066287,2,2,0,0,1,-1,282.07461319019,-60.5132751952581,283.737792719238,-57.7402911523827,35.8528853089177,3.2335130505205
246,36.082424,140.0795097,0,188.182195,28230.040130,44543.016426,-222.312889,0.000000000,0.000000000,-0.755751728,0.654858249,2,2,0,0,1,-1,281.948662925766,-64.5764366092367,283.557106154623,-61.9426673422854,35.8001883400238,3.08607034462789
247,36.0823914,140.0795039,0,181.424470,28229.529387,44539.397553,-222.285276,0.000000000,0.000000000,-0.715841858,0.698262440,2,2,0,0,1,-1,281.42686897425,-68.2054520087939,282.940849171455,-65.9047561954604,35.5002497103406,2.75414909963493
248,36.0823589,140.0795029,0,161.075181,28229.450936,44535.791155,-222.259663,0.000000000,0.000000000,-0.581236954,0.813734357,2,2,0,0,1,1,281.336904500027,-71.8233354599327,282.73953577507,-69.4987059547182,35.5850437462776,2.71500954514794
249,36.0823556,140.0795043,0,184.685230,28229.578212,44535.425399,-222.257664,0.000000000,0.000000000,-0.735418788,0.677612873,2,2,0,0,1,-1,281.46285476445,-72.1906897790976,282.983826489225,-69.9201382079663,35.5967201377964,2.73290311294232
250,36.0823201,140.0795007,0,215.211678,28229.266656,44531.485382,-222.228685,0.000000000,0.000000000,-0.887862279,0.460109305,2,2,0,0,1,-1,281.138982655202,-76.142531702564,282.397016108428,-73.9183982062384,35.5536523137219,2.55527258407277
251,36.0822917,140.0794759,0,181.569263,28227.043107,44528.327070,-222.196733,0.000000000,0.000000000,-0.716723581,0.697357375,2,2,0,0,1,-1,278.907863690891,-79.3040052408626,280.046651176605,-77.2231862475566,35.2359886172319,2.3720549362359
252,36.0822858,140.0794757,0,183.783072,28227.027202,44527.672365,-222.192077,0.000000000,0.000000000,-0.730061332,0.683381629,2,2,0,0,1,1,278.889870794513,-79.9607902363084,280.063657929927,-77.8449905740183,35.3000883963566,2.41958352825692
254,36.0822638,140.0794739,0,189.492503,28226.872943,44525.230788,-222.174293,0.000000000,0.000000000,-0.763190196,0.646173912,2,2,0,0,1,-1,278.727934739888,-82.409819033905,279.83778899772,-81.2775020087162,34.4200581061251,1.58553408010014
255,36.0822406,140.0794691,0,211.462553,28226.448906,44522.655201,-222.154380,0.000000000,0.000000000,-0.872336286,0.488906336,2,2,0,0,1,1,278.296105262595,-84.9924312204327,279.747048935005,-84.6269620968355,33.8779151892981,1.49626375375813
257,36.0822266,140.0794585,0,184.911757,28225.499182,44521.098754,-222.139282,0.000000000,0.000000000,-0.736756870,0.676157759,2,2,0,0,1,-1,277.342481833786,-86.5509040915586,279.759657480342,-85.4004266547693,34.9357436327399,2.67700138940281
258,36.0821824,140.0794538,0,181.512121,28225.091657,44516.193093,-222.103126,0.000000000,0.000000000,-0.716375749,0.697714689,2,2,0,0,1,-1,276.919648803403,-91.4712255843796,279.220169174287,-89.4196990131021,35.863962048774,3.08239440200446
259,36.0821426,140.0794525,0,185.651593,28224.988793,44511.776621,-222.071747,0.000000000,0.000000000,-0.741106953,0.671386986,2,2,0,0,1,-1,276.802694988447,-95.9017413183142,279.225707243024,-93.4428991724219,36.4521364988675,3.45208532401013
260,36.0821034,140.0794477,0,183.781976,28224.570474,44507.425718,-222.039435,0.000000000,0.000000000,-0.730054796,0.683388612,2,2,0,0,1,-1,276.370865511154,-100.265465356992,278.606349107224,-97.506109024072,36.7817585254669,3.55125812640046
261,36.0820655,140.0794446,0,182.969618,28224.304806,44503.219548,-222.008814,0.000000000,0.000000000,-0.725191840,0.688546872,2,2,0,0,1,-1,276.091975639017,-104.484474058321,278.12493033962,-101.491199072437,37.055627900234,3.61836979257472
262,36.0820359,140.0794427,0,166.997887,28224.144255,44499.934668,-221.985109,0.000000000,0.000000000,-0.622500206,0.782619636,2,2,0,0,1,1,275.921043137482,-107.77953098555,277.979088575776,-104.307578995666,37.6208759757141,4.03608741805027
264,36.0820352,140.0794429,0,100.791290,28224.162518,44499.857056,-221.984647,0.000000000,0.000000000,-0.094032641,0.995569115,2,2,0,0,1,-1,275.939036033861,-107.857454629225,278.109135240754,-104.295841821169,37.7550239999861,4.17066138187525
265,36.0820291,140.0794825,0,101.247158,28227.731426,44499.191595,-221.995765,0.000000000,0.000000000,-0.097992459,0.995187157,2,2,0,0,1,1,279.501629220252,-108.53650352309,281.592256179761,-104.944368095552,38.1524015824301,4.1562191970105
267,36.0820282,140.0794881,0,103.595735,28228.236133,44499.093343,-221.997308,0.000000000,0.000000000,-0.118367011,0.992969914,2,2,0,0,1,-1,280.005430277946,-108.636691065184,282.090655476201,-104.947480081278,38.2953421528715,4.23774017740647
268,36.0820196,140.0795321,0,99.962812,28232.202238,44498.151756,-222.008252,0.000000000,0.000000000,-0.086832447,0.996222930,2,2,0,0,1,-1,283.963867153987,-109.59403868612,286.13581062742,-105.761065212896,38.919643741975,4.40556739798953
269,36.0820128,140.07958,0,91.928382,28236.518969,44497.411014,-222.022155,0.000000000,0.000000000,-0.016827513,0.999858407,2,2,0,0,1,-1,288.273165480009,-110.351011222869,290.170925613164,-106.384860358308,39.4128595402323,4.39679954096668
270,36.0820116,140.0796241,0,100.544951,28240.491437,44497.290543,-222.038879,0.000000000,0.000000000,-0.091892237,0.995768957,2,2,0,0,1,-1,292.24059880296,-110.4845946118,294.231538774407,-106.440847594184,39.9474487981164,4.50729762855546
271,36.0820048,140.0796693,0,105.673021,28244.564983,44496.549029,-222.051706,0.000000000,0.000000000,-0.136346878,0.990661158,2,2,0,0,1,-1,296.306993049602,-111.241567149339,298.18650965032,-107.094940844435,40.457718035195,4.55270165559935
272,36.0819948,140.0797134,0,112.845200,28248.540598,44495.452138,-222.061616,0.000000000,0.000000000,-0.198043987,0.980193134,2,2,0,0,1,-1,300.274426372554,-112.354762057625,302.03227774949,-108.235850299523,40.8490538766163,4.47833401327164
273,36.0819805,140.0797554,0,105.808069,28252.328608,44493.877528,-222.067354,0.000000000,0.000000000,-0.137514293,0.990499783,2,2,0,0,1,-1,304.052934297591,-113.946630775588,305.765542550675,-109.706121170825,41.4070096979463,4.57328642626087
274,36.0819751,140.079779,0,120.078892,28254.456167,44493.285147,-222.072622,0.000000000,0.000000000,-0.259483987,0.965747410,2,2,0,0,1,1,306.176095896414,-114.547756025778,307.822817140484,-110.362019396259,41.5800274751828,4.4980086691082
276,36.0819729,140.0797837,0,216.009534,28254.880278,44493.042393,-222.072799,0.000000000,0.000000000,-0.891044293,0.453916367,2,2,0,0,1,-1,306.598928926796,-114.792658906012,308.161135074947,-110.631816866357,41.5781405362867,4.44444535665434
277,36.0819441,140.0797578,0,200.563169,28252.557796,44489.839375,-222.040106,0.000000000,0.000000000,-0.821961026,0.569543740,2,2,0,0,1,-1,304.268849036238,-117.998660240358,305.660569289684,-113.854248983249,41.373616615901,4.37184514043026
278,36.0819092,140.0797416,0,200.736921,28251.111164,44485.962308,-222.006574,0.000000000,0.000000000,-0.822823664,0.568296769,2,2,0,0,1,-1,302.811424552291,-121.883710469359,304.127934205374,-117.596974083986,41.4749637984249,4.4843401414634
279,36.0818759,140.079726,0,188.525371,28249.718000,44482.262946,-221.974524,0.000000000,0.000000000,-0.757709489,0.652592009,2,2,0,0,1,-1,301.407978749809,-125.590649512591,302.730397000622,-121.373526116889,41.4192490677719,4.41960629068474
280,36.0818387,140.0797191,0,188.584137,28249.109831,44478.133352,-221.942939,0.000000000,0.000000000,-0.758044058,0.652203347,2,2,0,0,1,-1,300.787223877159,-129.731734570244,302.142868322185,-125.396919735764,41.6507587414108,4.54184890882104
281,36.0818039,140.0797126,0,191.118305,28248.536830,44474.270171,-221.913376,0.000000000,0.000000000,-0.772280863,0.635281252,2,2,0,0,1,-1,300.202454792153,-133.605652850036,301.541393911804,-129.423855339628,41.6139396730403,4.39092113162908
282,36.0817673,140.0797037,0,185.610254,28247.748307,44470.206577,-221.881461,0.000000000,0.000000000,-0.740864701,0.671654297,2,2,0,0,1,-1,299.401770968499,-137.679946213224,300.651973220182,-133.409492022289,41.7525596418474,4.44969489594347
283,36.0817311,140.0796993,0,185.863530,28247.364951,44466.188660,-221.851659,0.000000000,0.000000000,-0.742347414,0.670015162,2,2,0,0,1,-1,299.005927281407,-141.709711779574,300.260656961844,-137.42938273491,41.9065288603083,4.46044429418908
284,36.0816949,140.0796947,0,193.184073,28246.963581,44462.170685,-221.821781,0.000000000,0.000000000,-0.783607117,0.621256699,2,2,0,0,1,-1,298.592090700492,-145.739477346716,299.758746567927,-141.428617783152,42.0381749117708,4.46593731368757
285,36.0816604,140.0796847,0,201.266382,28246.075228,44458.339785,-221.791059,0.000000000,0.000000000,-0.825440641,0.564488927,2,2,0,0,1,-1,297.692445955705,-149.579999778879,298.745693626732,-145.336348128354,42.0155220864958,4.37240322791973
286,36.0816251,140.0796677,0,219.439333,28244.556675,44454.418106,-221.756917,0.000000000,0.000000000,-0.904229185,0.427047516,2,2,0,0,1,-1,296.1630498888,-153.509577803926,297.149601655852,-149.016269485356,42.2362729091207,4.60033738271498
287,36.081597,140.0796391,0,184.383526,28241.990742,44451.291985,-221.723708,0.000000000,0.000000000,-0.733632179,0.679546780,2,2,0,0,1,-1,293.590065918862,-156.637655495388,294.495309725277,-152.050521622079,42.1696931128903,4.6756030114531
288,36.0815601,140.0796356,0,192.206747,28241.688695,44447.196657,-221.693737,0.000000000,0.000000000,-0.778280121,0.627917235,2,2,0,0,1,-1,293.275190259082,-160.745344705413,294.177315786252,-156.083642372422,42.4064902195321,4.74818903458832
289,36.0815403,140.0796303,0,174.901874,28241.218408,44444.998180,-221.676287,0.000000000,0.000000000,-0.674958621,0.737855582,2,2,0,0,1,1,292.798378544677,-162.949470622775,293.876828338804,-158.27231659709,42.5718692797711,4.79987747119011
291,36.0815249,140.079632,0,184.862536,28241.377033,44443.289927,-221.665045,0.000000000,0.000000000,-0.736466369,0.676474159,2,2,0,0,1,-1,292.95131815239,-164.663790781251,294.031644458383,-160.103464526553,42.5760676125245,4.68654248638679
292,36.0814888,140.0796282,0,181.082334,28241.047679,44439.283278,-221.635579,0.000000000,0.000000000,-0.713753868,0.700396613,2,2,0,0,1,-1,292.60945314932,-168.682424399183,293.614797428834,-164.098611414789,42.7339647010729,4.69276662495061
293,36.0814503,140.0796273,0,187.671387,28240.980384,44435.011166,-221.605419,0.000000000,0.000000000,-0.752825106,0.658220601,2,2,0,0,1,-1,292.528485122008,-172.968224794186,293.529764250991,-168.12317144221,43.1749269365124,4.9474338679391
294,36.0814161,140.0796216,0,184.389112,28240.479218,44431.214790,-221.576668,0.000000000,0.000000000,-0.733665304,0.679511017,2,2,0,0,1,-1,292.015687617402,-176.775351379512,293.044579740194,-172.207999771723,43.1082756570785,4.68180731230086
295,36.0813803,140.0796182,0,191.151041,28240.185783,44427.241543,-221.547602,0.000000000,0.000000000,-0.772462316,0.635060604,2,2,0,0,1,-1,291.709808404533,-180.760589149816,292.832274358096,-176.220509854167,43.325906679198,4.67677771843906
296,36.0813434,140.0796092,0,182.669533,28239.388352,44423.144634,-221.515445,0.000000000,0.000000000,-0.723386233,0.690443595,2,2,0,0,1,-1,290.900128133969,-184.868278359841,292.0375962274,-180.272628617309,43.5328343121455,4.7343246846416
297,36.081307,140.0796071,0,189.257503,28239.212222,44419.105187,-221.486440,0.000000000,0.000000000,-0.761863444,0.647737673,2,2,0,0,1,-1,290.711202738612,-188.920307825401,291.924883582758,-184.402698093681,43.7247767015744,4.6778006455578
298,36.0812713,140.0795999,0,180.895337,28238.576485,44415.141944,-221.455938,0.000000000,0.000000000,-0.712609971,0.701560424,2,2,0,0,1,-1,290.063458522672,-192.894413646496,291.214061642179,-188.347118850285,43.8832120839303,4.69060523837457
299,36.0812351,140.0795992,0,190.766856,28238.526381,44411.125091,-221.427653,0.000000000,0.000000000,-0.770328845,0.637646823,2,2,0,0,1,-1,290.000483389182,-196.924179212846,291.0638724887,-192.36206897786,44.0782612894146,4.68440456975499
300,36.0811994,140.0795908,0,185.659310,28237.782560,44407.161503,-221.396676,0.000000000,0.000000000,-0.741152164,0.671337076,2,2,0,0,1,-1,289.244781805197,-200.898285034731,290.368416937653,-196.385609150986,44.2388625004447,4.65046229343117
301,36.0811627,140.0795863,0,185.176460,28237.390368,44403.088079,-221.366488,0.000000000,0.000000000,-0.738316806,0.674454071,2,2,0,0,1,-1,288.839941668636,-204.983710346338,289.909368039266,-200.411638818809,44.4659419369734,4.69547769827945
302,36.0811288,140.0795825,0,176.999144,28237.060224,44399.325536,-221.338749,0.000000000,0.000000000,-0.688349157,0.725379513,2,2,0,0,1,-1,288.498076665566,-208.757441084035,289.427642287688,-204.398734494706,44.4119189654166,4.45672698038569
303,36.0810918,140.0795849,0,187.265348,28237.289621,44395.220808,-221.311097,0.000000000,0.000000000,-0.750488073,0.660883993,2,2,0,0,1,-1,288.713991404213,-212.876262244061,289.535509103008,-208.41153698648,44.710201299918,4.53967652538306
304,36.0810563,140.0795793,0,186.671805,28236.797922,44391.280217,-221.281405,0.000000000,0.000000000,-0.747054880,0.664762368,2,2,0,0,1,-1,288.210190349075,-216.828104166736,288.931072602066,-212.436991463724,44.7926940619321,4.44989235748858
305,36.0810183,140.0795738,0,182.729096,28236.316124,44387.062261,-221.249822,0.000000000,0.000000000,-0.723745018,0.690067496,2,2,0,0,1,-1,287.715385738292,-221.058244817274,288.480963316953,-216.484449868676,45.1885589533472,4.63742485230499
306,36.080981,140.0795716,0,187.078115,28236.131306,44382.922924,-221.220104,0.000000000,0.000000000,-0.749407243,0.662109345,2,2,0,0,1,-1,287.517463893467,-225.210461823346,288.205505545861,-220.504377219671,45.4946349518399,4.75611539098658
307,36.0809439,140.0795659,0,187.608782,28235.631172,44378.804772,-221.189143,0.000000000,0.000000000,-0.752465387,0.658631795,2,2,0,0,1,-1,287.004666391418,-229.340414931791,287.64781440843,-224.550826327959,45.7535779997995,4.83257678322223
308,36.0809076,140.0795599,0,192.300503,28235.103729,44374.775300,-221.158683,0.000000000,0.000000000,-0.778793607,0.627280255,2,2,0,0,1,-1,286.464879543523,-233.381312448141,286.993836976281,-228.585224808694,45.9030742616861,4.82516866139684
309,36.0808735,140.0795507,0,188.493716,28234.287275,44370.989014,-221.128644,0.000000000,0.000000000,-0.757529187,0.652801295,2,2,0,0,1,-1,285.637206379138,-237.177307084258,286.091269292636,-232.533790776398,45.9138656076788,4.665663600258
310,36.0808367,140.0795439,0,189.701646,28233.687954,44366.903833,-221.097482,0.000000000,0.000000000,-0.764368268,0.644779925,2,2,0,0,1,-1,285.025447953398,-241.273864345074,285.543703388016,-236.541455107806,46.2433480923565,4.76070224698902
311,36.0808003,140.0795362,0,184.555730,28233.007426,44362.862777,-221.066272,0.000000000,0.000000000,-0.734652548,0.678443538,2,2,0,0,1,-1,284.332721500347,-245.325893809843,284.841591364343,-240.58537724979,46.4568198923048,4.76775060113431
312,36.0807648,140.0795327,0,180.000000,28232.704871,44358.922789,-221.037440,0.000000000,0.000000000,-0.707106781,0.707106781,2,2,0,0,1,-1,284.017845838009,-249.277735733309,284.442118195382,-244.642506397518,46.5658005714473,4.65460610885709
313,36.0807281,140.0795327,0,184.345186,28232.717992,44354.850658,-221.009085,0.000000000,0.000000000,-0.733404775,0.679792201,2,2,0,0,1,-1,284.017845838009,-253.363161044916,284.376948665016,-248.699517349911,46.828630909161,4.67744880830637
314,36.080693,140.0795294,0,185.613754,28232.433307,44350.955111,-220.980648,0.000000000,0.000000000,-0.740885215,0.671631668,2,2,0,0,1,-1,283.720963072051,-257.270475172336,283.867297371674,-252.786532279106,46.8008025472951,4.48633008114525
315,36.080656,140.0795249,0,187.829795,28232.041217,44346.848400,-220.950265,0.000000000,0.000000000,-0.753734291,0.657179289,2,2,0,0,1,-1,283.316122938047,-261.38929633157,283.460643807736,-256.800310113883,47.1335045188602,4.5912613504241
316,36.0806225,140.0795192,0,174.568582,28231.539791,44343.129695,-220.922108,0.000000000,0.000000000,-0.672809701,0.739815590,2,2,0,0,1,-1,282.803325433442,-265.118499273221,282.864079442424,-260.768372009395,47.1221102154828,4.35055148930489
317,36.080597,140.0795222,0,195.208087,28231.819119,44340.301147,-220.903614,0.000000000,0.000000000,-0.794457483,0.607319774,2,2,0,0,1,1,283.073218856111,-267.957146288402,283.229227400912,-263.341835653732,47.609834973648,4.61794661300339
319,36.080586,140.0795185,0,190.583097,28231.489790,44339.079555,-220.893637,0.000000000,0.000000000,-0.769305324,0.638881302,2,2,0,0,1,-1,282.740350302508,-269.1816606872,282.988343804649,-264.768067289699,47.5846401229781,4.4205551071745
320,36.0805488,140.0795099,0,182.233469,28230.728481,44334.949474,-220.861467,0.000000000,0.000000000,-0.720753604,0.693191346,2,2,0,0,1,-1,281.966655822145,-273.322745744854,282.132216796727,-268.703710875909,47.9127010602663,4.62200103384148
321,36.0805115,140.0795081,0,186.621350,28230.579688,44330.810252,-220.831943,0.000000000,0.000000000,-0.746762111,0.665091234,2,2,0,0,1,-1,281.804719767521,-277.474962750926,281.98250116992,-272.743986428341,48.2932058129683,4.73431549348913
322,36.0804746,140.0795028,0,199.941288,28230.115504,44326.714407,-220.801331,0.000000000,0.000000000,-0.818858060,0.573996061,2,2,0,0,1,-1,281.327908053116,-281.582651961742,281.335161894881,-276.707493147661,48.5413275415518,4.87516421064262
323,36.0804423,140.0794883,0,181.372690,28228.821025,44323.126321,-220.770590,0.000000000,0.000000000,-0.715526264,0.698585833,2,2,0,0,1,-1,280.023423171768,-285.178271513671,279.933618053601,-280.499849287145,48.4886981288911,4.67928407867067
324,36.0804052,140.0794872,0,187.692961,28228.735208,44319.009492,-220.741509,0.000000000,0.000000000,-0.752949015,0.658078856,2,2,0,0,1,-1,279.924462250634,-289.308224622115,279.744690347708,-284.51061694444,48.8117309470267,4.80097462667434
325,36.0803699,140.0794813,0,174.583645,28228.216408,44315.091006,-220.711899,0.000000000,0.000000000,-0.672906943,0.739727143,2,2,0,0,1,-1,279.393671852207,-293.237802647163,279.086241467472,-288.574609574933,48.8784076927127,4.67331606788459
326,36.0803341,140.0794855,0,182.876064,28228.607502,44311.119944,-220.685947,0.000000000,0.000000000,-0.724629460,0.689138698,2,2,0,0,1,-1,279.771522645478,-297.223040417466,279.326025129239,-292.688264706296,49.0251499332025,4.55660606017193
327,36.0802971,140.0794832,0,182.644180,28228.413564,44307.013866,-220.656471,0.000000000,0.000000000,-0.723233457,0.690603625,2,2,0,0,1,-1,279.564604353742,-301.341861577492,278.908582713549,-296.738814374058,49.2201527761822,4.64955997374378
328,36.0802621,140.0794812,0,188.065713,28228.245932,44303.129788,-220.628660,0.000000000,0.000000000,-0.755085676,0.655626130,2,2,0,0,1,-1,279.384675405296,-305.238043754911,278.629055146834,-300.794160146816,49.3229844015973,4.50766719016597
329,36.0802256,140.0794748,0,188.722707,28227.682525,44299.078010,-220.597934,0.000000000,0.000000000,-0.758832182,0.651286204,2,2,0,0,1,-1,278.8089027672,-309.30120516889,277.967802050248,-304.791564884619,49.5739296921834,4.58740731890934
330,36.0801882,140.0794677,0,185.131359,28227.056388,44294.926169,-220.566236,0.000000000,0.000000000,-0.738051297,0.674744606,2,2,0,0,1,-1,278.170154998172,-313.464554124962,277.084138053392,-308.715329816625,49.8320835065296,4.87181324921784
331,36.0801531,140.0794638,0,182.859238,28226.717657,44291.030450,-220.537596,0.000000000,0.000000000,-0.724528263,0.689245092,2,2,0,0,1,-1,277.81929354819,-317.371868251591,276.565992601563,-312.763903245865,49.8899550204216,4.77536435854042
332,36.0801175,140.0794616,0,186.312328,28226.532224,44287.079740,-220.509252,0.000000000,0.000000000,-0.744965829,0.667102626,2,2,0,0,1,-1,277.621371705923,-321.334842123476,276.195459861973,-316.748426386439,50.0441988345359,4.80296095129395
333,36.0800817,140.0794567,0,182.048073,28226.103671,44283.106064,-220.479676,0.000000000,0.000000000,-0.719631157,0.694356535,2,2,0,0,1,-1,277.180545779161,-325.32007989378,275.623081091146,-320.723616256283,50.2332332817883,4.85316126099723
334,36.0800478,140.0794552,0,186.261950,28225.980680,44279.344183,-220.452929,0.000000000,0.000000000,-0.744672478,0.667430071,2,2,0,0,1,-1,277.045599067827,-329.093810632268,275.291324426417,-324.759592148883,50.2005439946193,4.67578115176683
335,36.0800095,140.07945,0,186.006683,28225.525999,44275.093026,-220.421310,0.000000000,0.000000000,-0.743183848,0.669087265,2,2,0,0,1,-1,276.577783800333,-333.357347129644,274.72873120526,-328.778124625115,50.5970271979584,4.93844856663785
336,36.0799734,140.0794453,0,187.017090,28225.115566,44271.086120,-220.391591,0.000000000,0.000000000,-0.749054535,0.662508343,2,2,0,0,1,-1,276.154950772508,-337.375980746785,274.084442222401,-332.857072640834,50.6802584523795,4.97066757348488
337,36.0799386,140.07944,0,153.816657,28224.650625,44267.223286,-220.362636,0.000000000,0.000000000,-0.528561735,0.848894865,2,2,0,0,1,-1,275.678139058103,-341.249899026576,273.438004302644,-336.805796451257,50.7781640113385,4.9767711844699
338,36.07991,140.0794574,0,118.074658,28226.228087,44264.054909,-220.347547,0.000000000,0.000000000,-0.242554005,0.970137905,2,2,0,0,1,-1,277.243520912652,-344.433636463293,274.907621640956,-339.748630398235,51.2471891397658,5.23504605874124
339,36.0798928,140.0794973,0,120.374562,28229.828080,44262.157910,-220.350254,0.000000000,0.000000000,-0.261974950,0.965074674,2,2,0,0,1,-1,280.833103442332,-346.348331705166,278.375133052709,-341.78284210648,51.5173888715393,5.18510498562686
340,36.0798739,140.0795372,0,209.997128,28233.428681,44260.072286,-220.351652,0.000000000,0.000000000,-0.866012872,0.500021705,2,2,0,0,1,1,284.42268597457,-348.452270081225,281.821688581096,-343.744771903344,51.9616296058155,5.37826426792232
342,36.0798732,140.0795367,0,88.980047,28233.383896,44259.994472,-220.350912,0.000000000,0.000000000,0.008900652,0.999960388,2,2,0,0,1,-1,284.377703737458,-348.530193724109,281.861933112426,-343.761161886995,52.0687916308731,5.39191677431952
343,36.0798738,140.0795784,0,77.623908,28237.139656,44260.073032,-220.368067,0.000000000,0.000000000,0.107791937,0.994173475,2,2,0,0,1,-1,288.129222321763,-348.463402029644,285.866820294206,-343.639064009597,52.5908286788745,5.32848010843289
344,36.079881,140.079619,0,65.799963,28240.793977,44260.883596,-220.389872,0.000000000,0.000000000,0.209618879,0.977783169,2,2,0,0,1,-1,291.781779982377,-347.661901696057,289.83532917028,-342.980571266895,52.9602463147164,5.06986443121662
345,36.0798968,140.0796625,0,69.832553,28244.706429,44262.649227,-220.419470,0.000000000,0.000000000,0.175087043,0.984552958,2,2,0,0,1,-1,295.695234621306,-345.903053741535,293.730338526751,-341.589200581925,52.8761055436697,4.74026853090372
346,36.079909,140.0797036,0,70.387652,28248.403996,44264.014724,-220.445334,0.000000000,0.000000000,0.170315682,0.985389552,2,2,0,0,1,-1,299.392774521589,-344.544955953806,297.668021940099,-340.469532792841,53.0848452499199,4.42536387298059
347,36.0799217,140.0797477,0,66.701487,28252.371597,44265.436563,-220.472788,0.000000000,0.000000000,0.201919976,0.979402023,2,2,0,0,1,-1,303.36020784454,-343.13119842082,301.673907151351,-339.273236515181,53.1767375399284,4.21040141711097
348,36.0799359,140.0797885,0,62.251896,28256.041424,44267.023891,-220.500079,0.000000000,0.000000000,0.239788402,0.970825176,2,2,0,0,1,-1,307.03075840409,-341.550461652066,305.52743253293,-337.985705367081,53.2869320120366,3.86878224332211
349,36.0799538,140.0798306,0,65.453405,28259.827019,44269.022137,-220.530747,0.000000000,0.000000000,0.212575014,0.977144750,2,2,0,0,1,-1,310.818262776038,-339.557842766519,309.20809656621,-336.343117715154,53.1234513672197,3.59542659209539
350,36.0799679,140.0798688,0,58.192280,28263.262694,44270.597624,-220.556925,0.000000000,0.000000000,0.274024010,0.961722851,2,2,0,0,1,-1,314.254905700562,-337.988237946184,313.056832048973,-334.956603736418,53.4584757362094,3.25978319163355
351,36.0799879,140.0799087,0,63.103844,28266.849378,44272.828249,-220.588336,0.000000000,0.000000000,0.232564097,0.972581072,2,2,0,0,1,-1,317.8444882328,-335.761848130403,316.694402435591,-333.164366413302,53.3170932104302,2.84070565381445
352,36.0800052,140.0799509,0,60.557449,28270.644190,44274.759954,-220.618589,0.000000000,0.000000000,0.254117100,0.967173459,2,2,0,0,1,-1,321.640989054216,-333.836020940112,320.343764556859,-331.416362397553,53.2507772919603,2.74545785965145
353,36.0800229,140.0799897,0,61.981929,28274.132615,44276.735064,-220.647791,0.000000000,0.000000000,0.242074907,0.970257563,2,2,0,0,1,-1,325.131610662763,-331.865665952983,323.922194180385,-329.583221250937,53.3563328188979,2.58306833934914
354,36.0800395,140.0800283,0,58.745319,28277.603418,44278.588065,-220.676066,0.000000000,0.000000000,0.269379394,0.963034134,2,2,0,0,1,-1,328.604239374931,-330.017762405576,327.506791137844,-327.686670807227,53.6180969498226,2.57650551580564
355,36.0800576,140.0800652,0,77.957499,28280.920561,44280.607014,-220.704820,0.000000000,0.000000000,0.104897315,0.994483058,2,2,0,0,1,1,331.923928484499,-328.002879622401,330.648389446503,-325.833270779064,53.5029667149353,2.516784132686
357,36.0800586,140.080071,0,130.506022,28281.442615,44280.719641,-220.707917,0.000000000,0.000000000,-0.346166360,0.938173146,2,2,0,0,1,-1,332.445722436016,-327.891560131098,331.097939258861,-325.880000081434,53.3759386467968,2.42134122461579
358,36.0800334,140.0801075,0,125.893934,28284.739236,44277.934028,-220.703116,0.000000000,0.000000000,-0.308136564,0.951342135,2,2,0,0,1,-1,335.729425752826,-330.696811299441,334.167579949511,-328.468134399222,53.8672975608944,2.72146340025027
359,36.0800117,140.0801446,0,116.865629,28288.088648,44275.536939,-220.701258,0.000000000,0.000000000,-0.232304995,0.972642992,2,2,0,0,1,-1,339.06710775366,-333.112444249409,337.460245255124,-330.911639644376,54.2808140853773,2.72498587129093
360,36.0799943,140.0801871,0,105.992091,28291.922906,44273.618523,-220.704885,0.000000000,0.000000000,-0.139104753,0.990277672,2,2,0,0,1,-1,342.890597918366,-335.049403389701,341.058295257045,-332.804580815023,54.6240069123468,2.89768207960547
361,36.0799839,140.080232,0,104.805322,28295.970829,44272.477501,-220.714875,0.000000000,0.000000000,-0.128841653,0.991665180,2,2,0,0,1,-1,346.930002821718,-336.207126094033,345.030754848742,-334.062242831442,54.9370663007723,2.86490262888658
362,36.0799748,140.0802746,0,103.110898,28299.811123,44271.480062,-220.724948,0.000000000,0.000000000,-0.114164707,0.993461836,2,2,0,0,1,-1,350.762489433335,-337.220133460226,348.919198454421,-335.22767797593,55.2703778248595,2.71433242066036
363,36.0799668,140.0803171,0,100.151294,28303.642016,44270.604649,-220.735831,0.000000000,0.000000000,-0.088470932,0.996078759,2,2,0,0,1,-1,354.585979598041,-338.110689385905,352.904905811887,-336.036703490435,55.8356630940116,2.66972406235308
364,36.0799601,140.0803634,0,93.024086,28307.814715,44269.874577,-220.749244,0.000000000,0.000000000,-0.026387066,0.999651801,2,2,0,0,1,-1,358.751334763261,-338.856529974236,356.952296178625,-336.728293864357,56.2061636171049,2.78674160416727
365,36.0799582,140.0804079,0,88.955357,28311.823566,44269.676583,-220.765639,0.000000000,0.000000000,0.009116104,0.999958447,2,2,0,0,1,-1,362.754753876413,-339.068037006842,361.039551279064,-336.991473059504,56.5879445011834,2.69333209562767
366,36.0799589,140.0804554,0,88.734239,28316.101698,44269.767945,-220.785246,0.000000000,0.000000000,0.011045624,0.999938995,2,2,0,0,1,-1,367.028066414791,-338.990113363167,365.099154535573,-337.178324913588,56.6133333809026,2.64637080240336
367,36.0799597,140.0805002,0,87.326704,28320.136602,44269.869626,-220.803848,0.000000000,0.000000000,0.023326793,0.999727893,2,2,0,0,1,-1,371.058474868676,-338.901057771073,369.204548118249,-337.242481954011,56.8969380232391,2.48755264002427
368,36.0799615,140.0805479,0,87.035728,28324.432354,44270.083102,-220.824388,0.000000000,0.000000000,0.025865268,0.999665438,2,2,0,0,1,-1,375.349780300875,-338.700682687677,373.296890575904,-337.209539540162,56.9987036838138,2.53729464376379
369,36.0799634,140.0805933,0,84.769090,28328.520906,44270.307012,-220.844085,0.000000000,0.000000000,0.045632449,0.998958297,2,2,0,0,1,-1,379.434167441339,-338.489175655071,377.356033968881,-337.102184687985,57.2477539802874,2.49847606995333
370,36.0799667,140.0806379,0,79.306188,28332.536899,44270.686034,-220.864543,0.000000000,0.000000000,0.093185721,0.995648744,2,2,0,0,1,-1,383.446583001402,-338.121821335115,381.414356732546,-336.868654592685,57.5064544632544,2.38754486704767
371,36.0799734,140.0806818,0,77.361536,28336.488621,44271.442110,-220.887344,0.000000000,0.000000000,0.110067940,0.993924066,2,2,0,0,1,-1,387.396023430532,-337.375980746785,385.438323294963,-336.307942430538,57.7144690027996,2.23008871253567
372,36.0799817,140.0807276,0,76.162406,28340.610904,44272.376268,-220.912144,0.000000000,0.000000000,0.120462526,0.992717875,2,2,0,0,1,-1,391.51639635864,-336.452028973477,389.472511954253,-335.600385547153,57.7948015726059,2.21421769121636
373,36.0799903,140.0807708,0,74.964624,28344.498893,44273.342965,-220.936134,0.000000000,0.000000000,0.130832259,0.991404519,2,2,0,0,1,-1,395.402861654279,-335.49468135254,393.483467316865,-334.768603130964,58.0613432953045,2.05213649798153
374,36.0799997,140.0808141,0,73.591740,28348.395601,44274.398458,-220.960784,0.000000000,0.000000000,0.142700278,0.989765947,2,2,0,0,1,-1,399.298323399386,-334.44827813872,397.395543189194,-333.883796563487,58.2245546213993,1.98474481409551
375,36.0800106,140.0808599,0,73.182696,28352.516948,44275.621110,-220.987597,0.000000000,0.000000000,0.146232413,0.989250262,2,2,0,0,1,-1,403.418696330051,-333.234895689131,401.344596279601,-332.908229849923,58.2162478151112,2.09966701878699
376,36.080017,140.0808861,0,91.476619,28354.874515,44276.338799,-221.003065,0.000000000,0.000000000,-0.012885575,0.999916978,2,2,0,0,1,1,405.775765558785,-332.522450948429,403.637807253279,-332.238162652592,58.3044484978329,2.15677665770821
378,36.0800169,140.0808909,0,138.343813,28355.306892,44276.329088,-221.004917,0.000000000,0.000000000,-0.409475750,0.912321002,2,2,0,0,1,-1,406.207595036079,-332.533582897638,404.074056022959,-332.419090166764,58.2185477210791,2.13660883315795
379,36.0799891,140.0809215,0,126.442262,28358.073052,44273.253311,-220.995780,0.000000000,0.000000000,-0.312685252,0.949856796,2,2,0,0,1,-1,408.960507954462,-335.628264741471,406.596345070227,-335.723977735667,58.3704294533853,2.36609955844135
380,36.0799669,140.0809587,0,116.809403,28361.431672,44270.800801,-220.993617,0.000000000,0.000000000,-0.231827725,0.972756858,2,2,0,0,1,-1,412.307186404764,-338.099557437487,409.77703360741,-338.286046470553,58.6649261565828,2.53701622726603
381,36.0799504,140.0809991,0,113.543544,28365.076476,44268.981672,-220.997139,0.000000000,0.000000000,-0.204013767,0.978968019,2,2,0,0,1,-1,415.941751171556,-339.936329034893,413.279831415679,-340.26092228445,58.9280723336204,2.68163710527403
382,36.0799348,140.0810434,0,127.798413,28369.072235,44267.263532,-221.002926,0.000000000,0.000000000,-0.323904316,0.946089845,2,2,0,0,1,-1,419.927177390886,-341.672913091788,416.96837059832,-342.288791960108,58.9922624069003,3.0222250770214
383,36.0799138,140.0810769,0,118.646220,28372.097166,44264.943105,-221.000209,0.000000000,0.000000000,-0.247389841,0.968916027,2,2,0,0,1,-1,422.940987285028,-344.010622398081,420.049892118796,-344.957412132925,59.2186835744917,3.04217719112689
384,36.0798972,140.0811145,0,113.885249,28375.489810,44263.112076,-221.002535,0.000000000,0.000000000,-0.206932078,0.978355311,2,2,0,0,1,-1,426.323651522973,-345.858525945488,423.156677043351,-347.56348494508,58.8973873525214,3.59675027557742
385,36.0798836,140.0811525,0,112.922633,28378.917406,44261.614036,-221.007337,0.000000000,0.000000000,-0.198706289,0.980059085,2,2,0,0,1,-1,429.742301553675,-347.372471020568,426.336803204964,-350.098288705713,58.384501019712,4.36205239030092
386,36.0798701,140.081192,0,125.086369,28382.480074,44260.127525,-221.012823,0.000000000,0.000000000,-0.301424542,0.953490034,2,2,0,0,1,-1,433.295898293155,-348.875284145646,429.673362297956,-352.423067054689,58.0479275420226,5.07045664671409
387,36.0798504,140.0812267,0,130.854211,28385.612630,44257.951695,-221.011599,0.000000000,0.000000000,-0.349015418,0.937116982,2,2,0,0,1,-1,436.417665557899,-351.06827811459,432.935269744211,-355.062834285686,58.2414039773666,5.29939238094614
388,36.0798237,140.0812649,0,142.571778,28389.062953,44255.000176,-221.006391,0.000000000,0.000000000,-0.442850388,0.896595524,2,2,0,0,1,-1,439.854308482423,-354.040508518702,436.423068918134,-357.086084312452,59.497233047803,4.58791203741109
389,36.0798105,140.0812774,0,156.763489,28390.193590,44253.539154,-221.001247,0.000000000,0.000000000,-0.550214714,0.835023214,2,2,0,0,1,1,440.978864412768,-355.509925796943,437.404197945174,-358.192940174819,59.8773633046866,4.46954209135945
392,36.0797849,140.081291,0,143.382412,28391.427764,44250.702579,-220.986989,0.000000000,0.000000000,-0.449181875,0.893440341,2,2,0,0,1,-1,442.202381264246,-358.359704761333,438.622056587585,-360.531219729856,60.5666681064082,4.18738606398144
393,36.0797526,140.0813207,0,144.488602,28394.114498,44247.127246,-220.974050,0.000000000,0.000000000,-0.457785486,0.889062680,2,2,0,0,1,-1,444.874326155318,-361.955324314053,440.955740761618,-363.841963188672,61.049117390055,4.34910539432457
394,36.0797227,140.0813471,0,145.216691,28396.503135,44243.817256,-220.961635,0.000000000,0.000000000,-0.463425111,0.886136088,2,2,0,0,1,-1,447.249388280431,-365.283777088911,443.41084578945,-367.043858254343,61.6411830823744,4.22283011308458
395,36.0796914,140.081374,0,152.573000,28398.937313,44240.352072,-220.948345,0.000000000,0.000000000,-0.519317770,0.854581215,2,2,0,0,1,-1,449.669432642655,-368.768077150328,445.687880424002,-370.385149888706,62.1144166567471,4.29740413634454
396,36.0796724,140.0813862,0,157.996392,28400.043018,44238.247412,-220.938616,0.000000000,0.000000000,-0.559166800,0.829055179,2,2,0,0,1,-1,450.766999232267,-370.883147475597,446.462638117437,-372.325933499592,62.2803664418492,4.53973084201072
398,36.079672,140.0813864,0,218.945110,28400.061176,44238.203087,-220.938389,0.000000000,0.000000000,-0.902378964,0.430943391,2,2,0,0,1,-1,450.784992126089,-370.927675272434,446.282759542766,-372.387843484228,62.1430256498695,4.7330951227573
399,36.0796719,140.0813863,0,270.000000,28400.052205,44238.191962,-220.938271,0.000000000,0.000000000,-1.000000000,0.000000000,2,2,0,0,1,-1,450.775995679178,-370.938807220853,446.248590139228,-372.362854217541,62.154064482152,4.74608372997677
400,36.0796719,140.081386,0,304.363606,28400.025183,44238.191875,-220.938150,0.000000000,0.000000000,-0.955372230,-0.295404641,2,2,0,0,1,-1,450.749006335889,-370.938807220853,446.231364409517,-372.352349375124,62.1659572587485,4.73362334758649
401,36.079674,140.0813822,0,336.482096,28399.682156,44238.423787,-220.938239,0.000000000,0.000000000,-0.836371812,-0.548162560,2,2,0,0,1,-1,450.407141335375,-370.705036290619,445.956559218351,-372.058950246521,62.2079358699655,4.65196347582047
402,36.0796766,140.0813808,0,342.056337,28399.555121,44238.711871,-220.939678,0.000000000,0.000000000,-0.808727922,-0.588182921,2,2,0,0,1,1,450.281191070952,-370.415605614338,445.966228627451,-371.866121108094,62.1915923962526,4.55224077641439
403,36.0797058,140.0813691,0,332.912221,28398.490784,44241.948439,-220.957468,0.000000000,0.000000000,-0.853040157,-0.521845275,2,2,0,0,1,-1,449.228606718451,-367.165076483155,444.763766275942,-368.124749771747,62.1506599388808,4.56681212640756
404,36.0797393,140.0813479,0,322.674311,28396.569223,44245.659377,-220.974750,0.000000000,0.000000000,-0.896198917,-0.443652456,2,2,0,0,1,-1,447.321359860832,-363.435873541504,443.22670588309,-364.392705145041,61.964440767843,4.20496348556916
405,36.0797676,140.0813212,0,318.806973,28394.154140,44248.791748,-220.985812,0.000000000,0.000000000,-0.910658521,-0.413159845,2,2,0,0,1,-1,444.91930839243,-360.285531952415,440.769829921439,-361.198902221395,61.5301455084435,4.24881357904442
406,36.0797881,140.081299,0,30.508899,28392.147185,44251.059955,-220.992676,0.000000000,0.000000000,0.496149079,0.868237347,2,2,0,0,1,1,442.922097060588,-358.003482390587,438.943076606414,-358.601129043337,61.5453975310217,4.02365322763767
407,36.079818,140.0813208,0,34.028620,28394.099992,44254.383877,-221.024497,0.000000000,0.000000000,0.469251026,0.883064819,2,2,0,0,1,-1,444.883322602229,-354.67502961652,441.246777024601,-355.288967819945,61.7061166809034,3.6880054034388
408,36.079849,140.0813467,0,32.637855,28396.421694,44257.831037,-221.058819,0.000000000,0.000000000,0.479933708,0.877304756,2,2,0,0,1,-1,447.21340249023,-351.22412540194,443.437755613921,-351.884794943481,61.564020589372,3.83301364173197
409,36.0798543,140.0813509,0,347.924484,28396.798088,44258.420325,-221.064596,0.000000000,0.000000000,-0.777560516,-0.628808114,2,2,0,0,1,1,447.591253283501,-350.634132100169,443.878049803299,-351.358593539267,61.5494555327314,3.78321615323869
411,36.0798577,140.08135,0,300.615481,28396.715801,44258.797319,-221.066855,0.000000000,0.000000000,-0.964521761,-0.264003357,2,2,0,0,1,-1,447.510285256189,-350.255645831795,443.696999416575,-350.998082435,61.4397441078391,3.88488880206171
412,36.0798764,140.0813109,0,294.365574,28393.187289,44260.860917,-221.065531,0.000000000,0.000000000,-0.977479337,-0.211031148,2,2,0,0,1,-1,443.99267430691,-348.173971354154,440.294229522043,-348.844956303137,61.1058987206976,3.75881824892694
413,36.0798917,140.0812691,0,309.402202,28389.416809,44262.546481,-221.060502,0.000000000,0.000000000,-0.941464067,-0.337113350,2,2,0,0,1,-1,440.232159273137,-346.470783144887,436.712172683849,-346.99050702375,60.8771932803994,3.55814818396183
414,36.0799158,140.0812328,0,316.396327,28386.138558,44265.210060,-221.064473,0.000000000,0.000000000,-0.919147966,-0.393912448,2,2,0,0,1,-1,436.966448850148,-343.787983417057,433.495548813258,-344.364735443028,60.3855296344256,3.5184925700563
415,36.0799427,140.0812011,0,325.450199,28383.273631,44268.185649,-221.072458,0.000000000,0.000000000,-0.885189908,-0.465229865,2,2,0,0,1,-1,434.11457501063,-340.793489114527,430.879517262199,-341.239777109168,60.1743911554311,3.26569619068378
416,36.0799731,140.0811752,0,329.935910,28380.929862,44271.551265,-221.085477,0.000000000,0.000000000,-0.866304914,-0.499515562,2,2,0,0,1,-1,431.784495122629,-337.409376594413,428.780574395937,-337.694560222031,60.0057971680172,3.017427618636
417,36.0800027,140.081154,0,332.630868,28379.009716,44274.829474,-221.099774,0.000000000,0.000000000,-0.854318854,-0.519749262,2,2,0,0,1,-1,429.87724826501,-334.114319666392,426.940359579109,-334.138077159372,59.8564447648203,2.93698477555566
418,36.0800333,140.0811344,0,332.017693,28377.233326,44278.219103,-221.115487,0.000000000,0.000000000,-0.857087768,-0.515170416,2,2,0,0,1,-1,428.113944565636,-330.70794324865,425.325341592677,-330.38196358669,59.8341897773406,2.80759136642232
419,36.0800441,140.0811273,0,293.943146,28376.589940,44279.415390,-221.120960,0.000000000,0.000000000,-0.978250635,-0.207426362,2,2,0,0,1,1,427.475196796607,-329.505692748271,424.807557585694,-329.219166494466,59.740932795638,2.68298271588174
421,36.080053,140.0811025,0,264.340870,28374.352979,44280.395745,-221.117848,0.000000000,0.000000000,-0.998780798,0.049365154,2,2,0,0,1,-1,425.24407782974,-328.514949279707,422.718612230325,-328.303289510681,59.5006359269918,2.5343197019419
422,36.0800493,140.0810563,0,248.715167,28370.193023,44279.971859,-221.096411,0.000000000,0.000000000,-0.982798899,0.184678975,2,2,0,0,1,-1,421.087719111431,-328.926831395709,418.714250259966,-328.718685677308,59.2395241656635,2.38257823144696
423,36.0800351,140.0810112,0,253.472599,28366.135915,44278.383242,-221.067322,0.000000000,0.000000000,-0.989617047,0.143729262,2,2,0,0,1,-1,417.030321314257,-330.507568165254,414.805416235978,-330.15349077829,59.1822156869436,2.25290332755575
424,36.0800245,140.080967,0,252.329406,28362.158578,44277.194333,-221.041373,0.000000000,0.000000000,-0.988133947,0.153594604,2,2,0,0,1,-1,413.053891541838,-331.687554767215,410.833343030668,-331.264326741188,58.9564731920775,2.26052154435016
425,36.0800133,140.0809235,0,237.875455,28358.244505,44275.939053,-221.015246,0.000000000,0.000000000,-0.960961549,0.276681950,2,2,0,0,1,-1,409.140436902908,-332.934333064432,407.025860159994,-332.542735096213,58.7323768984505,2.15053104380985
426,36.0800065,140.0809101,0,258.347771,28357.039993,44275.180676,-221.004615,0.000000000,0.000000000,-0.994834546,0.101509737,2,2,0,0,1,1,407.934912945252,-333.691305601971,405.844642958285,-333.150818783329,58.8046733857853,2.15901704938607
428,36.0800046,140.0808987,0,299.390811,28356.013864,44274.966566,-220.998567,0.000000000,0.000000000,-0.967288098,-0.253680379,2,2,0,0,1,-1,406.909317938598,-333.902812634577,404.649176993585,-333.235558369302,58.7124014119336,2.35657916180452
429,36.0800107,140.0808853,0,340.296419,28354.804720,44275.639537,-220.997884,0.000000000,0.000000000,-0.817665610,-0.575693451,2,2,0,0,1,-1,405.703793980941,-333.223763740713,403.51031369536,-332.308647066866,58.7886554624641,2.37671922826114
430,36.0800441,140.0808705,0,338.681796,28353.459676,44279.341236,-221.017694,0.000000000,0.000000000,-0.825695836,-0.564115578,2,2,0,0,1,-1,404.372319758861,-329.505692748271,402.21440468626,-328.448931857731,58.5448895657853,2.40277777589409
431,36.0800762,140.080855,0,336.115611,28352.052049,44282.898490,-221.036222,0.000000000,0.000000000,-0.838120657,-0.545484889,2,2,0,0,1,-1,402.97787040329,-325.932337093179,400.815032427992,-324.700931982051,58.3062173744191,2.488820334034
432,36.0801096,140.0808367,0,350.692886,28350.391759,44286.599179,-221.054630,0.000000000,0.000000000,-0.762143802,-0.647407773,2,2,0,0,1,-1,401.331520521429,-322.214266100737,399.321587853019,-320.912160751827,58.0573166592804,2.39485023982779
433,36.0801456,140.0808294,0,343.796850,28349.721317,44290.591532,-221.079467,0.000000000,0.000000000,-0.799701163,-0.600398243,2,2,0,0,1,-1,400.674779858578,-318.206764432015,398.813022391978,-316.918305338657,57.8118649957418,2.26412625524713
434,36.0801812,140.0808166,0,350.580156,28348.555629,44294.537916,-221.101787,0.000000000,0.000000000,-0.762780324,-0.646657697,2,2,0,0,1,-1,399.523234584944,-314.24379056013,397.913741862872,-312.880617106228,57.6590089500347,2.10919621842696
435,36.0802153,140.0808096,0,352.370384,28347.912892,44298.319537,-221.125284,0.000000000,0.000000000,-0.752585121,-0.658494978,2,2,0,0,1,-1,398.893483262826,-310.447795924013,397.121275481294,-308.895833143422,57.3931050488698,2.35569711407531
436,36.0802515,140.0808036,0,355.654792,28347.359473,44302.334457,-221.150805,0.000000000,0.000000000,-0.733404906,-0.679792060,2,2,0,0,1,-1,398.353696417488,-306.418030357663,396.693452397556,-304.869843464178,57.1452790170242,2.27008653202466
437,36.0802866,140.0808003,0,6.073458,28347.049641,44306.228103,-221.176565,0.000000000,0.000000000,0.668654082,0.743573614,2,2,0,0,1,-1,398.056813651529,-302.510716230243,396.453328310706,-300.846739980144,56.9888225145013,2.31084015006002
438,36.0803223,140.080805,0,19.104452,28347.460159,44310.190632,-221.206006,0.000000000,0.000000000,0.579960636,0.814644500,2,2,0,0,1,-1,398.479646681911,-298.536610409149,397.082044191634,-296.845153380477,56.9194782864101,2.19415578313738
439,36.0803244,140.0808059,0,343.204888,28347.540469,44310.423902,-221.207988,0.000000000,0.000000000,-0.802792042,-0.596259119,2,2,0,0,1,1,398.560614709224,-298.302839478915,397.059779859403,-296.719987212248,56.7628465059502,2.18126718778944
440,36.0803568,140.0807938,0,342.703860,28346.438983,44314.015425,-221.228133,0.000000000,0.000000000,-0.805391380,-0.592743388,2,2,0,0,1,-1,397.472044566523,-294.696087976986,395.892987396504,-292.926761074978,56.529638155639,2.3714846051269
441,36.0803908,140.0807807,0,339.693382,28345.246853,44317.784190,-221.249113,0.000000000,0.000000000,-0.820683855,-0.571382542,2,2,0,0,1,-1,396.293509952155,-290.911225290079,394.71350234841,-289.060425383407,56.2429261712453,2.43349220718483
442,36.0804264,140.0807644,0,338.054644,28343.765923,44321.729564,-221.270044,0.000000000,0.000000000,-0.828770822,-0.559588174,2,2,0,0,1,-1,394.827089018741,-286.948251417403,393.404658532269,-285.266346142753,55.8147289838427,2.20275142531758
443,36.0804607,140.0807473,0,339.817911,28342.213405,44325.530463,-221.289654,0.000000000,0.000000000,-0.820062438,-0.572274059,2,2,0,0,1,-1,393.288696504924,-283.129992883658,391.791386993167,-281.441620208546,55.3898332233707,2.2566652529927
444,36.080495,140.0807317,0,355.427380,28340.795994,44329.331795,-221.309869,0.000000000,0.000000000,-0.734752538,-0.678335248,2,2,0,0,1,-1,391.885250705,-279.311734349123,390.586464503712,-277.605961750829,55.1509752837353,2.14394630383924
445,36.0805334,140.0807279,0,10.402403,28340.439946,44333.591456,-221.337993,0.000000000,0.000000000,0.640093588,0.768296947,2,2,0,0,1,-1,391.54338570193,-275.037065902539,390.350875494067,-273.524954649348,54.7602909522534,1.9257624562448
446,36.0805695,140.0807361,0,0.990400,28341.165569,44337.599378,-221.369165,0.000000000,0.000000000,0.700969015,0.713191727,2,2,0,0,1,-1,392.281094392092,-271.018432285397,391.177263900361,-269.608579708813,54.5523100756665,1.79056584413368
447,36.0806069,140.0807369,0,357.022606,28341.224204,44341.749409,-221.398371,0.000000000,0.000000000,-0.725238562,-0.688497660,2,2,0,0,1,-1,392.353065972494,-266.855083329325,391.439128950314,-265.611482535614,54.2808301811267,1.54331585057298
448,36.0806473,140.0807343,0,354.979650,28340.975523,44346.231331,-221.428531,0.000000000,0.000000000,-0.737397301,-0.675459266,2,2,0,0,1,-1,392.119158337468,-262.357775901716,391.316796081035,-261.532077361691,53.7102007580045,1.15133108598159
449,36.0806841,140.0807303,0,350.268513,28340.602035,44350.313403,-221.455350,0.000000000,0.000000000,-0.764536150,-0.644580852,2,2,0,0,1,-1,391.759300440576,-258.261218640109,390.953490163256,-257.536564662053,53.3425801014687,1.08372210042404
450,36.0807218,140.0807223,0,340.639233,28339.867943,44354.494182,-221.481260,0.000000000,0.000000000,-0.815939700,-0.578137014,2,2,0,0,1,-1,391.039584644235,-254.064473837199,390.427193932274,-253.543579902494,52.9660064120811,0.803960742392852
451,36.0807241,140.0807213,0,311.697263,28339.777047,44354.749095,-221.482635,0.000000000,0.000000000,-0.934523932,-0.355900296,2,2,0,0,1,1,390.949620170012,-253.808439008547,390.354764617141,-253.420653542384,52.8436121834314,0.710092033857732
453,36.0807277,140.0807163,0,311.697263,28339.325404,44355.147099,-221.483408,0.000000000,0.000000000,-0.934523932,-0.355900296,2,2,0,0,1,-1,390.499797798897,-253.407688841754,389.93624791081,-253.075550039845,52.7490721657458,0.654144219645722
454,36.0807277,140.0807163,0,280.942209,28339.325404,44355.147099,-221.483408,0.000000000,0.000000000,-0.995444409,-0.095343741,2,2,0,0,1,-1,390.499797798897,-253.407688841754,389.852499112656,-253.061826488337,52.7116326482984,0.73390486898522
455,36.0807287,140.0807099,0,276.883196,28338.748595,44355.256210,-221.481609,0.000000000,0.000000000,-0.998196507,-0.060031102,2,2,0,0,1,-1,389.924025160801,-253.29636935045,389.457838981034,-253.049862058478,52.6742076468938,0.52734751274844
456,36.0807295,140.0807017,0,256.339263,28338.009731,44355.342610,-221.478933,0.000000000,0.000000000,-0.992902611,0.118930253,2,2,0,0,1,-1,389.186316470638,-253.207313758357,388.656869823082,-252.944871275363,52.5741985819097,0.590922845630778
457,36.0807207,140.0806569,0,251.196544,28333.977736,44354.353263,-221.454137,0.000000000,0.000000000,-0.986567235,0.163355716,2,2,0,0,1,-1,385.155908014197,-254.186925276921,384.696741611596,-253.916650536489,52.2965838630928,0.532805987760252
458,36.0807095,140.0806162,0,248.983463,28330.315891,44353.098803,-221.429137,0.000000000,0.000000000,-0.983228598,0.182377420,2,2,0,0,1,-1,381.494353904115,-255.433703574138,380.86370990453,-255.064657055472,52.0033034747241,0.730689528563572
459,36.0806959,140.0805724,0,254.419622,28326.375687,44351.577154,-221.401040,0.000000000,0.000000000,-0.990771065,0.135545920,2,2,0,0,1,-1,377.553909924453,-256.947648649218,377.033323661591,-256.362747588669,51.9622935494811,0.783019353344377
460,36.0806863,140.0805298,0,253.564281,28322.542131,44350.499681,-221.376518,0.000000000,0.000000000,-0.989731724,0.142937447,2,2,0,0,1,-1,373.721423312836,-258.016315760666,373.11707297141,-257.55701107956,51.5164078133797,0.759078471087466
461,36.0806755,140.0804845,0,251.251846,28318.465815,44349.288282,-221.349987,0.000000000,0.000000000,-0.986645956,0.162879579,2,2,0,0,1,-1,369.646032619283,-259.218566261045,369.244985586227,-258.810888104512,51.2922568100215,0.571874288666725
462,36.0806645,140.0804444,0,250.967053,28314.857935,44348.056193,-221.325393,0.000000000,0.000000000,-0.986238107,0.165331173,2,2,0,0,1,-1,366.038457195781,-260.443080659844,365.406610641772,-259.960174925451,50.9517763927449,0.795253428865081
463,36.0806524,140.080401,0,251.366507,28310.953217,44346.701102,-221.298626,0.000000000,0.000000000,-0.986808440,0.161892254,2,2,0,0,1,-1,362.133999003763,-261.790046498364,361.654988399263,-261.455896017544,50.6530639482273,0.584044264636779
464,36.0806409,140.0803588,0,243.818692,28307.156366,44345.412932,-221.272807,0.000000000,0.000000000,-0.974012925,0.226492431,2,2,0,0,1,-1,358.337498182346,-263.070220642418,357.885138763776,-263.068898132917,50.1443418372856,0.452361351798108
465,36.0806289,140.0803286,0,256.499949,28304.440539,44344.072743,-221.251419,0.000000000,0.000000000,-0.993068405,0.117537839,2,2,0,0,1,1,355.620571054163,-264.406054531729,355.346809204671,-264.078960117679,50.3494121320916,0.426539923031181
467,36.0806263,140.0803152,0,257.159944,28303.234527,44343.780393,-221.244034,0.000000000,0.000000000,-0.993728894,0.111816301,2,2,0,0,1,-1,354.415047096506,-264.695485208009,354.011300814686,-264.459791911476,50.105261365313,0.467506566920866
468,36.0806179,140.0802696,0,252.689268,28299.130324,44342.835215,-221.219250,0.000000000,0.000000000,-0.988611421,0.150490728,2,2,0,0,1,-1,350.312667059663,-265.630568930527,350.101735319369,-265.332467387994,49.965501375727,0.365180405722794
469,36.0806079,140.0802299,0,250.340319,28295.558109,44341.714206,-221.195600,0.000000000,0.000000000,-0.985319117,0.170722691,2,2,0,0,1,-1,346.741077426362,-266.743763838813,346.26579050128,-266.596182716366,49.4318187236918,0.497672431279762
470,36.0805956,140.0801873,0,252.401790,28291.725512,44340.337162,-221.169013,0.000000000,0.000000000,-0.988230771,0.152970399,2,2,0,0,1,-1,342.908590814745,-268.112993575752,342.512075355849,-267.998354499251,49.2063902092003,0.412754923658208
471,36.0805855,140.0801479,0,253.191914,28288.180352,44339.205147,-221.145411,0.000000000,0.000000000,-0.989262022,0.146152835,2,2,0,0,1,-1,339.363990519619,-269.237320432456,338.692335170927,-269.198753227438,48.7284272705337,0.672761723591176
472,36.0805751,140.0801053,0,254.964545,28284.347073,44338.038925,-221.120296,0.000000000,0.000000000,-0.991404429,0.130832942,2,2,0,0,1,-1,335.531503908002,-270.395043136789,334.734316369728,-270.399750200042,48.3513031202795,0.79720143478466
473,36.0805657,140.080062,0,244.828898,28280.450385,44336.983460,-221.095675,0.000000000,0.000000000,-0.975971743,0.217897125,2,2,0,0,1,-1,331.636042165451,-271.441446349819,330.834271858454,-271.301579485349,48.1833444853096,0.813878593501535
474,36.0805499,140.0800204,0,254.772301,28276.709108,44335.218360,-221.066796,0.000000000,0.000000000,-0.991183542,0.132495982,2,2,0,0,1,-1,327.893520028058,-273.200294304341,327.165274372628,-273.091573694984,48.0034437599529,0.736316443895106
475,36.0805466,140.0800054,0,281.652316,28275.359231,44334.847883,-221.058235,0.000000000,0.000000000,-0.994834469,-0.101510493,2,2,0,0,1,-1,326.544052912155,-273.567648624297,325.72112796178,-273.306272843436,47.9599920322758,0.863436606110325
476,36.0805493,140.0799892,0,270.000003,28273.899122,44335.142805,-221.053826,0.000000000,0.000000000,-1.000000000,-0.000000026,2,2,0,0,1,-1,325.086628425651,-273.267085998807,324.269133093775,-273.157829394233,47.7015299032112,0.824763980349657
477,36.0805493,140.0799792,0,72.811424,28272.998416,44335.139927,-221.049818,0.000000000,0.000000000,0.149436770,0.988771284,2,2,0,0,1,1,324.186983680864,-273.267085998807,323.371242193952,-273.171969318354,47.6133098786381,0.821268139142147
479,36.0805494,140.0799796,0,307.909362,28273.034408,44335.151137,-221.050056,0.000000000,0.000000000,-0.945775793,-0.324820180,2,2,0,0,1,-1,324.222969471065,-273.255954050388,323.195732335764,-273.09182751877,47.5237967158594,1.04026614408109
480,36.0805584,140.0799653,0,271.058003,28271.743178,44336.145637,-221.051274,0.000000000,0.000000000,-0.999957378,-0.009232687,2,2,0,0,1,-1,322.936477486096,-272.254078632614,321.710514034577,-272.111915898992,47.1889469048692,1.23417852326636
481,36.0805586,140.0799519,0,287.896400,28270.536161,44336.163972,-221.046058,0.000000000,0.000000000,-0.987829366,-0.155541451,2,2,0,0,1,-1,321.730953528439,-272.231814734986,320.68252455199,-272.006740435729,47.2618997947913,1.07231607226793
482,36.0805687,140.0799132,0,274.468436,28267.046815,44337.273503,-221.038348,0.000000000,0.000000000,-0.999239812,-0.038984579,2,2,0,0,1,-1,318.249328366803,-271.107487877491,316.912435505704,-271.167839309843,46.4699133612488,1.33825439190267
483,36.0805693,140.0799037,0,307.745627,28266.190931,44337.337343,-221.035005,0.000000000,0.000000000,-0.946238949,-0.323468470,2,2,0,0,1,-1,317.394665859128,-271.040696183025,316.205064195952,-270.935429759576,46.6117131810026,1.19425003116456
484,36.080581,140.079885,0,280.747919,28264.502424,44338.630162,-221.036547,0.000000000,0.000000000,-0.995604633,-0.093655828,2,2,0,0,1,-1,315.712330187066,-269.738258141343,314.656751533257,-270.46170703614,45.8560082360095,1.27969707265432
485,36.0805837,140.0798674,0,291.325116,28262.916217,44338.924682,-221.031580,0.000000000,0.000000000,-0.982733917,-0.185024452,2,2,0,0,1,-1,314.128955436139,-269.437695515853,313.074116015253,-270.104820227288,45.7382137413376,1.24809518245283
486,36.0805896,140.0798487,0,272.235278,28261.229787,44339.573950,-221.028644,0.000000000,0.000000000,-0.999809755,-0.019505243,2,2,0,0,1,-1,312.446619764077,-268.780910520407,311.322192704807,-270.102598638613,45.0241100307329,1.73527971619139
487,36.0805906,140.079817,0,279.476067,28258.374194,44339.675787,-221.016717,0.000000000,0.000000000,-0.996582776,-0.082600068,2,2,0,0,1,-1,309.594745924559,-268.669591029104,308.556619814133,-270.10330453298,44.7519907811514,1.77009610822306
488,36.0805952,140.0797829,0,267.017694,28255.301143,44340.176382,-221.006609,0.000000000,0.000000000,-0.999661355,0.026022592,2,2,0,0,1,-1,306.526957346395,-268.157521371798,305.59266408054,-269.809463604697,44.3712924104121,1.89784536974306
489,36.080594,140.0797544,0,275.849797,28252.734563,44340.035035,-220.994266,0.000000000,0.000000000,-0.998697277,-0.051026940,2,2,0,0,1,-1,303.962969823368,-268.291104760729,303.096670028175,-269.886622943469,44.2530994511723,1.81553121884621
490,36.0805953,140.0797387,0,263.615929,28251.319991,44340.174764,-220.988982,0.000000000,0.000000000,-0.998448514,0.055682714,2,2,0,0,1,-1,302.550527576533,-268.146389422589,301.444776956222,-269.663461975669,44.0081931251285,1.8772835602614
491,36.0805936,140.0797199,0,275.849802,28249.627274,44339.980730,-220.980140,0.000000000,0.000000000,-0.998697275,-0.051026983,2,2,0,0,1,-1,300.859195455003,-268.335632556776,299.936418082194,-269.573520694276,44.2064221299034,1.54398352346533
492,36.0805962,140.0796885,0,264.082373,28246.798130,44340.260189,-220.969573,0.000000000,0.000000000,-0.998666898,0.051618088,2,2,0,0,1,-1,298.034310958775,-268.046201881286,297.041130377826,-269.105367406364,44.0221231849321,1.45197771191221
493,36.0805946,140.0796694,0,278.419030,28245.078356,44340.077166,-220.960689,0.000000000,0.000000000,-0.997302301,-0.073403818,2,2,0,0,1,-1,296.315989496513,-268.224313066264,295.314348599921,-269.012213072734,44.0757390600784,1.27439040561381
494,36.0805971,140.0796485,0,260.699531,28243.194988,44340.348550,-220.954251,0.000000000,0.000000000,-0.996708180,0.081072827,2,2,0,0,1,-1,294.435731979627,-267.946014339192,293.506203171484,-268.746417338234,43.938768805211,1.22664940632669
495,36.0805953,140.0796349,0,280.202637,28241.970673,44340.144916,-220.947416,0.000000000,0.000000000,-0.996039019,-0.088917218,2,2,0,0,1,-1,293.212215128148,-268.146389422589,292.134435132214,-268.677130813209,43.9351267626251,1.20137260804151
496,36.0805977,140.0796184,0,261.657217,28240.483651,44340.406470,-220.942663,0.000000000,0.000000000,-0.997350922,0.072740216,2,2,0,0,1,-1,291.727801298355,-267.879222644727,290.565216194485,-268.474407951977,43.6841136056906,1.30608180207245
497,36.0805961,140.0796049,0,290.499298,28239.268271,44340.225057,-220.936023,0.000000000,0.000000000,-0.984041788,-0.177937517,2,2,0,0,1,-1,290.513280893787,-268.057333829705,289.347295581658,-268.379664860644,43.784918445143,1.20971857950799
498,36.0806003,140.079591,0,259.975832,28238.014790,44340.687082,-220.933702,0.000000000,0.000000000,-0.996176294,0.087365844,2,2,0,0,1,-1,289.262774699019,-267.589791968446,288.405556259291,-268.07198870354,43.7520486972506,0.98353299118247
499,36.0805993,140.079584,0,274.577500,28237.384654,44340.574112,-220.930127,0.000000000,0.000000000,-0.999202256,-0.039935600,2,2,0,0,1,-1,288.633023376901,-267.701111459749,287.563824868035,-267.902297654322,43.7533889123287,1.08796201047945
500,36.0806004,140.079567,0,197.003705,28235.853062,44340.691279,-220.924172,0.000000000,0.000000000,-0.803876092,0.594796796,2,2,0,0,1,1,287.103627312552,-267.578660019237,286.197925738201,-267.798258459087,43.7191996600551,0.931943569411164
502,36.0805967,140.0795656,0,225.291764,28235.728286,44340.280334,-220.920754,0.000000000,0.000000000,-0.924850895,0.380329885,2,2,0,0,1,-1,286.977677048129,-267.990542135239,286.186579391945,-267.787630407405,44.1179000678197,0.816705988046988
503,36.0805963,140.0795651,0,163.899794,28235.683394,44340.235808,-220.920244,0.000000000,0.000000000,-0.601116416,0.799161469,2,2,0,0,1,-1,286.932694811017,-268.035069932077,286.182139900738,-267.913347184857,44.0894524008468,0.760361164536095
504,36.0805949,140.0795656,0,125.577410,28235.728929,44340.080611,-220.919363,0.000000000,0.000000000,-0.305507601,0.952189637,2,2,0,0,1,-1,286.977677048129,-268.190917218636,286.256758478562,-267.860302991608,44.2728005802228,0.793113706261494
505,36.0805912,140.079572,0,98.114157,28236.306704,44339.671909,-220.919068,0.000000000,0.000000000,-0.070750220,0.997494063,2,2,0,0,1,-1,287.553449683667,-268.602799334638,287.104077825601,-268.152463266197,44.6300314338666,0.636189941261073
506,36.0805856,140.0796206,0,97.368443,28240.686133,44339.064520,-220.934199,0.000000000,0.000000000,-0.064257493,0.997933352,2,2,0,0,1,-1,291.925723143179,-269.226188483247,291.094755714163,-268.590432606713,44.9078901418829,1.04627549079271
507,36.0805812,140.0796627,0,97.844902,28244.479676,44338.588412,-220.947657,0.000000000,0.000000000,-0.068406222,0.997657551,2,2,0,0,1,-1,295.713227517685,-269.715994242924,295.201999500312,-269.050435478205,45.5128872093597,0.839239271627556
508,36.0805761,140.0797085,0,94.172287,28248.606730,44338.035700,-220.962059,0.000000000,0.000000000,-0.036402029,0.999337227,2,2,0,0,1,-1,299.833600445793,-270.283723645486,299.313176071746,-269.596827261341,45.9160884709041,0.861781974546874
509,36.0805735,140.0797526,0,101.046543,28252.579770,44337.759895,-220.977713,0.000000000,0.000000000,-0.096250039,0.995357187,2,2,0,0,1,-1,303.801033771301,-270.573154321767,303.334148683444,-269.837242950923,46.3506983756769,0.871520069189534
510,36.0805664,140.0797976,0,95.728978,28256.635484,44336.985042,-220.990255,0.000000000,0.000000000,-0.049973940,0.998750522,2,2,0,0,1,-1,307.849435121565,-271.363522706935,307.342775119334,-270.421150581238,46.8805528442375,1.06993905487645
511,36.0805628,140.079842,0,85.577915,28260.635905,44336.598369,-221.005263,0.000000000,0.000000000,0.038580394,0.999255499,2,2,0,0,1,-1,311.843857785249,-271.764272873728,311.38572827238,-270.887343241512,47.2423764776654,0.989387805877325
512,36.0805655,140.0798852,0,98.034329,28264.525986,44336.910382,-221.024657,0.000000000,0.000000000,-0.070055318,0.997543108,2,2,0,0,1,-1,315.730323083445,-271.463710248237,315.387242200193,-270.587816542187,47.6370850236405,0.940688193160499
513,36.0805608,140.0799264,0,107.670161,28268.238574,44336.400739,-221.037537,0.000000000,0.000000000,-0.153590870,0.988134528,2,2,0,0,1,-1,319.436859430638,-271.986911854752,319.401892721998,-270.956872870897,48.3214647197455,1.03063231997352
514,36.0805539,140.0799532,0,116.631264,28270.654935,44335.642847,-221.042949,0.000000000,0.000000000,-0.230315241,0.973116072,2,2,0,0,1,1,321.847907345952,-272.755016341501,321.363272538507,-271.763642450825,48.2557715208159,1.10349131745664
516,36.0805462,140.0799722,0,155.980449,28272.369032,44334.793944,-221.044618,0.000000000,0.000000000,-0.544495938,0.838763479,2,2,0,0,1,-1,323.557232358746,-273.612176420344,323.077763146549,-272.560626604156,48.5156769193137,1.15570227194101
517,36.0805141,140.0799899,0,153.755836,28273.974773,44331.237312,-221.026925,0.000000000,0.000000000,-0.528111099,0.849175287,2,2,0,0,1,-1,325.149603556585,-277.185532075436,324.894603634307,-276.164305012029,49.0408866529919,1.05258238413755
518,36.0804782,140.0800118,0,162.354515,28275.960173,44327.260251,-221.007985,0.000000000,0.000000000,-0.590285313,0.807194679,2,2,0,0,1,-1,327.119825547694,-281.181901794158,326.852603487461,-279.771537767665,49.7793230565147,1.43545613541541
519,36.0804439,140.0800253,0,155.795475,28277.188408,44323.458304,-220.986914,0.000000000,0.000000000,-0.543141295,0.839641313,2,2,0,0,1,-1,328.334345952262,-285.000160328693,328.151466675863,-283.720837552383,50.1226182948109,1.29232797529198
520,36.0804092,140.0800446,0,175.123953,28278.939197,44319.613644,-220.967863,0.000000000,0.000000000,-0.676387321,0.736546124,2,2,0,0,1,-1,330.070660308346,-288.862946659275,329.869113405555,-287.357035143797,50.7072974714009,1.51933888467107
521,36.0803732,140.0800484,0,182.307637,28279.294357,44315.620278,-220.941597,0.000000000,0.000000000,-0.721202113,0.692724702,2,2,0,0,1,-1,330.412525311416,-292.870448327998,330.137802473218,-291.39717483045,50.9553331329707,1.49866855455209
522,36.0803371,140.0800466,0,170.997784,28279.145156,44311.614204,-220.913012,0.000000000,0.000000000,-0.649433343,0.760418525,2,2,0,0,1,-1,330.250589259349,-296.889081945139,330.052862390602,-295.444362113554,51.2693814967056,1.45818767872935
523,36.0803019,140.0800535,0,176.178731,28279.779249,44307.710496,-220.888611,0.000000000,0.000000000,-0.683138239,0.730289084,2,2,0,0,1,-1,330.871344131999,-300.807528021768,330.620503242843,-299.428420761952,51.5291671073356,1.40173392116683
524,36.0802656,140.0800565,0,184.472127,28280.062460,44303.683612,-220.861800,0.000000000,0.000000000,-0.734157378,0.678979340,2,2,0,0,1,-1,331.141237554668,-304.848425537328,330.815607648275,-303.433632824641,51.8269235902709,1.45178278533989
525,36.0802284,140.0800529,0,185.159869,28279.751526,44299.554967,-220.831652,0.000000000,0.000000000,-0.738219149,0.674560960,2,2,0,0,1,-1,330.817365447976,-308.989510594981,330.403166491349,-307.459635045262,52.1296089875199,1.58495424959219
526,36.0801926,140.0800489,0,184.041902,28279.404061,44295.581547,-220.802426,0.000000000,0.000000000,-0.731603035,0.681730885,2,2,0,0,1,-1,330.457507548527,-312.974748365285,330.027054326979,-311.483287846887,52.3613729402153,1.55233516158074
527,36.080156,140.0800457,0,176.733338,28279.128940,44291.519591,-220.772905,0.000000000,0.000000000,-0.686664720,0.726974251,2,2,0,0,1,-1,330.169621232036,-317.049041728473,329.623902708892,-315.486158943385,52.6150422376772,1.65541877071308
528,36.0801206,140.0800482,0,168.515124,28279.366793,44287.592425,-220.746599,0.000000000,0.000000000,-0.632807529,0.774309132,2,2,0,0,1,-1,330.394532417594,-320.989751701939,329.859904745275,-319.49333913765,52.8967188119101,1.58904918444021
529,36.0800848,140.0800572,0,112.413303,28280.190252,44283.622747,-220.722592,0.000000000,0.000000000,-0.194348230,0.980932600,2,2,0,0,1,1,331.204212688158,-324.974989472243,330.311002389524,-323.199763607857,53.2075925085834,1.98727237870687
531,36.0800847,140.0800575,0,112.413303,28280.217309,44283.611738,-220.722635,0.000000000,0.000000000,-0.194348230,0.980932600,2,2,0,0,1,-1,331.231202028891,-324.986121421452,330.301854873725,-323.24344840982,53.1621088084333,1.97499249626086
532,36.0800847,140.0800575,0,309.518671,28280.217309,44283.611738,-220.722635,0.000000000,0.000000000,-0.941120944,-0.338070064,2,2,0,0,1,-1,331.231202028891,-324.986121421452,330.34896707347,-323.274430777104,53.1741615337878,1.9256747852415
533,36.0800865,140.0800548,0,1.827253,28279.973473,44283.810683,-220.722941,0.000000000,0.000000000,0.695741987,0.718291785,2,2,0,0,1,-1,330.988297949511,-324.785746338056,330.036353213948,-322.850655117422,53.2450159004166,2.15656597667242
534,36.0801245,140.0800563,0,3.885302,28280.094972,44288.027490,-220.752855,0.000000000,0.000000000,0.682730051,0.730670704,2,2,0,0,1,-1,331.123244660846,-320.555605688309,330.547691832106,-318.820896201707,53.061712878865,1.8276974753979
535,36.0801602,140.0800593,0,3.416281,28280.352401,44291.989526,-220.781598,0.000000000,0.000000000,0.685714945,0.727870190,2,2,0,0,1,-1,331.393138083515,-316.581499866423,330.881883056345,-314.772685297386,52.880146366268,1.87967865550647
536,36.0801954,140.0800619,0,1.493405,28280.573981,44295.895969,-220.809798,0.000000000,0.000000000,0.697831683,0.716261783,2,2,0,0,1,-1,331.62704571854,-312.663053790585,331.235847462789,-310.782117157463,52.7400595274101,1.92118679287666
537,36.0802326,140.0800631,0,0.000000,28280.668745,44300.023924,-220.838982,0.000000000,0.000000000,0.707106781,0.707106781,2,2,0,0,1,-1,331.735003086585,-308.521968733723,331.452558552433,-306.680741985717,52.486760295653,1.86276430405059
538,36.0802701,140.0800631,0,357.658441,28280.655316,44304.184820,-220.867919,0.000000000,0.000000000,-0.721407145,-0.692511177,2,2,0,0,1,-1,331.735003086585,-304.347487828441,331.541250761923,-302.565244359615,52.1951738014701,1.79274419410175
539,36.0803037,140.0800614,0,355.510912,28280.490164,44307.912493,-220.893168,0.000000000,0.000000000,-0.734257867,-0.678870668,2,2,0,0,1,-1,331.582063481429,-300.60715293758,331.626940123362,-298.562065547357,52.2595673421124,2.04557970918765
540,36.0803387,140.080058,0,347.220283,28280.171390,44311.795017,-220.918817,0.000000000,0.000000000,-0.781410032,-0.624017918,2,2,0,0,1,-1,331.276184266002,-296.710970760161,331.215536772087,-294.539860663154,51.9652715095652,2.17195699125113
541,36.0803754,140.0800477,0,339.516649,28279.230519,44315.864182,-220.943015,0.000000000,0.000000000,-0.821564114,-0.570116134,2,2,0,0,1,-1,330.349550180483,-292.625545447764,330.402568206251,-290.618842493974,51.5448805108718,2.00740321206364
542,36.0804098,140.0800318,0,335.274834,28277.786077,44319.676534,-220.963195,0.000000000,0.000000000,-0.842100373,-0.539320833,2,2,0,0,1,-1,328.919115037268,-288.79615496481,329.071158297503,-286.811131722071,51.1935743220299,1.99083761949447
543,36.0804442,140.0800122,0,325.556747,28276.008374,44323.487820,-220.981895,0.000000000,0.000000000,-0.884756952,-0.466052719,2,2,0,0,1,-1,327.155811337895,-284.966764481856,327.382846002543,-283.162621296819,50.6808134266037,1.81837217616968
544,36.0804726,140.0799881,0,329.124426,28273.827504,44326.632069,-220.994161,0.000000000,0.000000000,-0.869820499,-0.493368321,2,2,0,0,1,-1,324.98766750196,-281.805290942766,325.01577487897,-279.860248977726,50.2306136232214,1.94524504122468
545,36.0805045,140.0799645,0,326.040061,28271.690417,44330.164812,-221.009332,0.000000000,0.000000000,-0.882783413,-0.469780211,2,2,0,0,1,-1,322.864505905695,-278.254199186884,323.145264790628,-276.304853095573,49.9631458770845,1.96946077269387
546,36.0805273,140.0799455,0,336.763689,28269.970914,44332.689168,-221.019322,0.000000000,0.000000000,-0.835022254,-0.550216171,2,2,0,0,1,1,321.155180890344,-275.716114796403,321.438735074984,-273.925276749419,49.5158641836225,1.81314750810695
548,36.0805369,140.0799404,0,342.060355,28269.508117,44333.752890,-221.024692,0.000000000,0.000000000,-0.808707298,-0.588211277,2,2,0,0,1,-1,320.696362072317,-274.647447684955,320.915224713506,-272.880605631757,49.3372237293534,1.78034594858855
549,36.0805706,140.0799269,0,336.118769,28268.280102,44337.488264,-221.045306,0.000000000,0.000000000,-0.838105624,-0.545507987,2,2,0,0,1,-1,319.48184166775,-270.895980844885,319.785990434561,-268.960491254202,49.1436325049125,1.95924128886492
550,36.0806051,140.079908,0,330.065174,28266.565420,44341.310849,-221.064377,0.000000000,0.000000000,-0.865740889,-0.500492471,2,2,0,0,1,-1,317.78151309931,-267.055458412722,317.976975810936,-265.364720221249,48.4654851561907,1.70199920791449
551,36.0806371,140.0798852,0,335.415477,28264.500360,44344.854920,-221.079956,0.000000000,0.000000000,-0.841437808,-0.540353972,2,2,0,0,1,-1,315.730323083445,-263.49323470763,315.908668755787,-261.808073804895,48.0155144144368,1.6945720542222
552,36.0806719,140.0798655,0,333.243178,28262.713518,44348.710564,-221.098943,0.000000000,0.000000000,-0.851529436,-0.524306799,2,2,0,0,1,-1,313.958022934604,-259.619316427838,314.114729121786,-258.149117542254,47.4096888388166,1.47852683177342
553,36.0807046,140.0798451,0,339.436244,28260.864380,44352.332996,-221.116031,0.000000000,0.000000000,-0.821963943,-0.569539530,2,2,0,0,1,-1,312.122747657386,-255.979169079072,312.616914818045,-254.423214773216,47.2783719745301,1.63254249089746
554,36.0807423,140.0798276,0,337.700240,28259.274658,44356.511049,-221.138146,0.000000000,0.000000000,-0.830497527,-0.557022314,2,2,0,0,1,-1,310.548369353369,-251.782424276162,311.032427512199,-250.669138787569,46.5052543881172,1.21396741317094
555,36.0807758,140.0798106,0,352.516573,28257.731476,44360.223226,-221.157219,0.000000000,0.000000000,-0.751744441,-0.659454544,2,2,0,0,1,-1,309.018973289021,-248.053221334511,309.589886101166,-246.881193599328,46.2080124567086,1.30368341675033
556,36.0808121,140.0798047,0,351.779434,28257.187073,44364.249276,-221.182905,0.000000000,0.000000000,-0.755970965,-0.654605148,2,2,0,0,1,-1,308.488182888037,-244.012323818951,309.271308603838,-242.869956630005,45.9954080275242,1.3850229893871
557,36.0808507,140.0797978,0,355.063554,28256.551777,44368.530240,-221.209970,0.000000000,0.000000000,-0.736902532,-0.675999007,2,2,0,0,1,-1,307.867428015386,-239.715391473948,308.732841531134,-238.899690331483,45.4483684323359,1.18924720182833
558,36.08089,140.0797936,0,354.922140,28256.159421,44372.889651,-221.238661,0.000000000,0.000000000,-0.737736201,-0.675089104,2,2,0,0,1,-1,307.489577222116,-235.34053548606,308.504937180049,-234.838508250964,44.9720620680329,1.13269024404431
559,36.0809282,140.0797894,0,349.832769,28255.767458,44377.127009,-221.266504,0.000000000,0.000000000,-0.766981689,-0.641668987,2,2,0,0,1,-1,307.111726428845,-231.088130937895,308.248090404986,-230.832641117555,44.5358409651493,1.16473092796905
560,36.0809629,140.0797817,0,1.805192,28255.061503,44380.975011,-221.290243,0.000000000,0.000000000,0.695880258,0.718157828,2,2,0,0,1,-1,306.418999975793,-227.225344607313,307.765093636801,-226.851310040686,44.4325868672692,1.3970934117792
561,36.0809988,140.0797831,0,0.393526,28255.174757,44384.958778,-221.318557,0.000000000,0.000000000,0.704674297,0.709530926,2,2,0,0,1,-1,306.544950240217,-223.2289748878,307.832101295854,-222.823458444359,44.1547968991279,1.34951896093731
562,36.0810341,140.0797834,0,11.910654,28255.189148,44388.875654,-221.345969,0.000000000,0.000000000,0.629926133,0.776655050,2,2,0,0,1,-1,306.571939583507,-219.299396862752,307.709865204781,-218.814580630226,43.85598337657,1.23689995507842
563,36.0810705,140.0797929,0,0.890419,28256.031790,44392.917230,-221.377919,0.000000000,0.000000000,0.701591007,0.712579861,2,2,0,0,1,-1,307.426602091182,-215.247367397983,308.545549159579,-214.895030898319,43.5489854550522,1.17310849918831
564,36.0811069,140.0797936,0,1.082338,28256.081815,44396.956275,-221.406347,0.000000000,0.000000000,0.700396588,0.713753893,2,2,0,0,1,-1,307.489577222116,-211.195337932422,308.773323032021,-210.850999205734,43.383900865933,1.32912469811857
565,36.0811454,140.0797945,0,18.273255,28256.149103,44401.228387,-221.436482,0.000000000,0.000000000,0.585854401,0.810416325,2,2,0,0,1,-1,307.570545249428,-206.90953753742,308.94725952915,-206.754475968468,43.0199693746498,1.38541917777849
566,36.0811804,140.0798088,0,8.382833,28257.424579,44405.116004,-221.469280,0.000000000,0.000000000,0.653534002,0.756897158,2,2,0,0,1,-1,308.857037234397,-203.013355359209,310.007760690013,-202.853255293714,42.7517097737326,1.16180742908483
567,36.0812155,140.0798152,0,354.815413,28257.988466,44409.012444,-221.498994,0.000000000,0.000000000,-0.738364638,-0.674401707,2,2,0,0,1,-1,309.432809869935,-199.10604123258,310.609584858217,-198.863260912599,42.6385328962566,1.20155801225589
568,36.0812538,140.0798109,0,355.751316,28257.587462,44413.260869,-221.526899,0.000000000,0.000000000,-0.732832036,-0.680409588,2,2,0,0,1,-1,309.045962629753,-194.842504735205,310.371066154797,-194.754378003386,42.2991329220733,1.32803074999961
569,36.0812897,140.0798076,0,11.933014,28257.277386,44417.243285,-221.553350,0.000000000,0.000000000,0.629774574,0.776777951,2,2,0,0,1,-1,308.749079863795,-190.846135015692,310.16016518875,-190.634076825397,42.1723598402041,1.42693043641809
570,36.0813245,140.0798167,0,13.248257,28258.084568,44421.107214,-221.583920,0.000000000,0.000000000,0.620817695,0.783954967,2,2,0,0,1,-1,309.56775658127,-186.972216735901,310.930494516425,-186.688657010577,42.0418309800681,1.39192700876808
571,36.0813602,140.0798271,0,358.758763,28259.008518,44425.071379,-221.615710,0.000000000,0.000000000,-0.714724415,-0.699406185,2,2,0,0,1,-1,310.503387116258,-182.998110914806,311.806360230872,-182.702965474521,41.8669641104778,1.33598269761589
572,36.0813975,140.0798261,0,356.583773,28258.905101,44429.209796,-221.644174,0.000000000,0.000000000,-0.727869867,-0.685715288,2,2,0,0,1,-1,310.413422642034,-178.845893907943,311.82206344453,-178.69678072661,41.5519294856007,1.41651108407342
573,36.0814327,140.0798235,0,358.158945,28258.658324,44433.114743,-221.670374,0.000000000,0.000000000,-0.718375578,-0.695655467,2,2,0,0,1,-1,310.179515009566,-174.927447832105,311.716189706475,-174.657683222086,41.4706775594452,1.56017373037081
574,36.0814679,140.0798221,0,2.773626,28258.519631,44437.020035,-221.697058,0.000000000,0.000000000,0.689786198,0.724013122,2,2,0,0,1,-1,310.053564745142,-171.009001756267,311.671199354332,-170.547857017986,41.4352595140688,1.68208091318194
575,36.0815046,140.0798243,0,10.473585,28258.704652,44441.092798,-221.726347,0.000000000,0.000000000,0.639616214,0.768694412,2,2,0,0,1,-1,310.25148658741,-166.923576444661,311.929335404592,-166.549275996755,41.1821723205929,1.71909205065345
576,36.0815387,140.0798321,0,7.278947,28259.394991,44444.878684,-221.755869,0.000000000,0.000000000,0.660794925,0.750566497,2,2,0,0,1,-1,310.95320948993,-163.127581808544,312.551787464725,-162.583066800271,41.1386680303244,1.68877119105453
577,36.0815735,140.0798376,0,5.768589,28259.877920,44448.741578,-221.785014,0.000000000,0.000000000,0.670629979,0.741792041,2,2,0,0,1,1,311.448014098156,-159.253663528753,313.00291021723,-158.828552736525,40.850858831411,1.61196188750814
579,36.0815743,140.0798377,0,55.853839,28259.886640,44448.830373,-221.785673,0.000000000,0.000000000,0.293591229,0.955931059,2,2,0,0,1,-1,311.457010545067,-159.164607935868,313.072081128928,-158.590680367412,41.0050574273288,1.71401454039558
580,36.0815948,140.0798751,0,85.837038,28263.247899,44451.115756,-221.816530,0.000000000,0.000000000,0.036320706,0.999340185,2,2,0,0,1,-1,314.82168188919,-156.882558374831,316.474410030098,-156.384001432388,41.1734310458562,1.72628773169675
581,36.0815976,140.0799227,0,84.475956,28267.534198,44451.440133,-221.837772,0.000000000,0.000000000,0.048187709,0.998838298,2,2,0,0,1,-1,319.103990874479,-156.570863800922,320.534118516144,-156.125269465332,41.4261241859574,1.49793837769225
582,36.081601,140.0799662,0,58.511731,28271.450998,44451.829906,-221.857838,0.000000000,0.000000000,0.271341920,0.962483019,2,2,0,0,1,-1,323.017445513408,-156.192377531757,324.593743073873,-155.490102229372,42.0959170566394,1.72566062696834
583,36.0816209,140.0800064,0,73.674020,28275.064662,44454.049526,-221.889360,0.000000000,0.000000000,0.141989562,0.989868155,2,2,0,0,1,-1,326.634017386378,-153.977119665185,328.295896105738,-153.766956759232,41.9651645472746,1.67511471992208
584,36.0816316,140.0800516,0,74.591532,28279.131964,44455.249780,-221.915765,0.000000000,0.000000000,0.134059416,0.990973296,2,2,0,0,1,-1,330.700411630464,-152.786001113224,332.280052819467,-152.761494374386,42.1136460495741,1.57983127777752
585,36.0816412,140.0800947,0,70.231157,28283.010513,44456.327378,-221.940479,0.000000000,0.000000000,0.171661247,0.985156037,2,2,0,0,1,-1,334.577880479192,-151.717334001776,336.156224198877,-151.591422509683,42.5409968469538,1.58335801425595
586,36.0816543,140.0801398,0,68.556934,28287.067947,44457.793904,-221.968708,0.000000000,0.000000000,0.186035890,0.982542950,2,2,0,0,1,-1,338.635278276367,-150.259048672744,340.034683104725,-150.374371136854,42.5847084306015,1.40414854782543
587,36.0816676,140.0801817,0,66.940821,28290.837086,44459.281702,-221.995811,0.000000000,0.000000000,0.199873974,0.979821614,2,2,0,0,1,-1,342.40478975705,-148.778499445293,343.91528910019,-149.042161925255,42.8215793967714,1.53333824349569
588,36.0816826,140.0802253,0,99.570040,28294.758732,44460.958618,-222.024915,0.000000000,0.000000000,-0.083417307,0.996514703,2,2,0,0,1,-1,346.32724084289,-147.108707082863,347.65312433905,-147.595253313609,42.8598505426793,1.41233646134375
589,36.0816767,140.0802686,0,122.010309,28298.660845,44460.316444,-222.037716,0.000000000,0.000000000,-0.275723833,0.961236895,2,2,0,0,1,-1,350.22270258544,-147.7654920791,351.62113822003,-148.420392372298,43.1778570095601,1.54418801255584
590,36.0816573,140.080307,0,122.489909,28302.126458,44458.174936,-222.038099,0.000000000,0.000000000,-0.279744470,0.960074493,2,2,0,0,1,-1,353.677338406343,-149.925090200416,354.961270326057,-150.687817926718,43.4873955470217,1.49339705334214
591,36.081638,140.0803445,0,160.895843,28305.510974,44456.044267,-222.038201,0.000000000,0.000000000,-0.579962733,0.814643007,2,2,0,0,1,-1,357.051006197377,-152.073556372522,358.401990887732,-152.782345144795,44.0165112307619,1.52562811893106
592,36.0816373,140.0803448,0,181.200825,28305.538246,44455.966683,-222.037780,0.000000000,0.000000000,-0.714477717,0.699658197,2,2,0,0,1,1,357.077995540667,-152.151480016197,358.482161532706,-152.706919934429,44.1832622990526,1.51003166720631
594,36.0816026,140.0803439,0,181.012032,28305.469621,44452.116208,-222.010550,0.000000000,0.000000000,-0.713324040,0.700834370,2,2,0,0,1,-1,356.997027513355,-156.014266346779,358.401551143078,-156.855570612835,44.1120449492494,1.63721699677658
595,36.081566,140.0803431,0,192.929358,28305.410684,44448.054943,-221.981892,0.000000000,0.000000000,-0.782224248,0.622996971,2,2,0,0,1,-1,356.925055932954,-160.088559709967,358.087110826165,-160.878953318635,44.2327718894264,1.40538024443852
596,36.0815315,140.0803333,0,178.608584,28304.540369,44444.224094,-221.951251,0.000000000,0.000000000,-0.698468896,0.715640414,2,2,0,0,1,-1,356.043404084545,-163.92908214213,357.171435895479,-164.874298576466,44.1844919129579,1.47169625745804
597,36.0814949,140.0803344,0,184.114331,28304.652563,44440.163376,-221.923360,0.000000000,0.000000000,-0.732033785,0.681268330,2,2,0,0,1,-1,356.142365005679,-168.003375505318,357.12399112425,-168.996856879378,44.2877473953966,1.39663705996339
598,36.0814567,140.080331,0,186.988975,28304.360018,44435.923830,-221.892428,0.000000000,0.000000000,-0.748891966,0.662692103,2,2,0,0,1,-1,355.83648579281,-172.255780053484,356.672865356472,-173.068674756983,44.5591858056235,1.16633124518224
599,36.0814211,140.0803256,0,185.489724,28303.886402,44431.972197,-221.862708,0.000000000,0.000000000,-0.740157830,0.672433184,2,2,0,0,1,-1,355.350677628937,-176.218753925369,356.213348284992,-177.172259398095,44.6115134682282,1.28583566109221
600,36.0813841,140.0803212,0,183.227192,28303.503357,44427.865511,-221.832309,0.000000000,0.000000000,-0.726737693,0.686915079,2,2,0,0,1,-1,354.954833941844,-180.337575084604,355.593467703563,-181.124878698291,44.8172065857947,1.01375542500772
601,36.0813454,140.0803185,0,175.216578,28303.274039,44423.570689,-221.801279,0.000000000,0.000000000,-0.676982454,0.735999156,2,2,0,0,1,-1,354.711929862465,-184.645639378817,355.176812959775,-185.315094159118,45.034128890425,0.815037420633656
602,36.0813087,140.0803223,0,184.779104,28303.629457,44419.499653,-221.774407,0.000000000,0.000000000,-0.735973645,0.677010187,2,2,0,0,1,-1,355.053794865535,-188.731064690423,355.362619429051,-189.349758313135,45.2507545297797,0.691487100251889
603,36.081271,140.0803184,0,191.327492,28303.291697,44415.315442,-221.743675,0.000000000,0.000000000,-0.773439282,0.633870394,2,2,0,0,1,-1,354.702933412997,-192.927809493333,354.819431024877,-193.33103875021,45.5258874853882,0.41972077286584
604,36.0812593,140.0803155,0,194.775737,28303.034688,44414.016407,-221.733460,0.000000000,0.000000000,-0.792160437,0.610312905,2,2,0,0,1,1,354.442036437239,-194.230247535806,354.790318769828,-194.576728711917,45.744008858495,0.491273639220115
606,36.0812354,140.0803077,0,169.550277,28302.340709,44411.362281,-221.711842,0.000000000,0.000000000,-0.639776269,0.768561204,2,2,0,0,1,-1,353.740313537277,-196.890783366009,353.934893068001,-197.348028911522,45.6469083871406,0.496925228448239
607,36.0811964,140.0803166,0,158.413867,28303.156307,44407.037514,-221.685246,0.000000000,0.000000000,-0.562183461,0.827012549,2,2,0,0,1,-1,354.54099736093,-201.232243507059,354.626038554024,-201.368623119479,46.1794687393124,0.160721508227539
608,36.0811629,140.080333,0,149.848458,28304.645459,44403.325172,-221.665916,0.000000000,0.000000000,-0.498854285,0.866685873,2,2,0,0,1,-1,356.016414741256,-204.96144644871,355.930608748031,-205.180982280212,46.3723235543265,0.235708824159408
609,36.0811309,140.080356,0,141.665117,28306.728536,44399.781168,-221.650397,0.000000000,0.000000000,-0.435742638,0.900071305,2,2,0,0,1,-1,358.085597653499,-208.523670153801,357.980230280557,-208.684100671938,46.8166975716678,0.191938100517703
610,36.0811031,140.0803832,0,133.311644,28309.188402,44396.704395,-221.639814,0.000000000,0.000000000,-0.369030238,0.929417389,2,2,0,0,1,-1,360.532631359013,-211.618351997635,360.682438542637,-211.787693043688,47.3680764348033,0.226094188655743
611,36.0810775,140.0804168,0,130.238810,28312.223929,44393.873574,-221.633503,0.000000000,0.000000000,-0.343977728,0.938977807,2,2,0,0,1,-1,363.555437700066,-214.468130962024,363.565073084035,-214.610694515326,47.7719390049436,0.142888793662001
612,36.0810537,140.0804516,0,131.778463,28315.366897,44391.242823,-221.629069,0.000000000,0.000000000,-0.356562413,0.934271505,2,2,0,0,1,-1,366.686201411721,-217.117534843017,366.678274411598,-217.214744892577,48.2585688889628,0.097532717927645
613,36.0810298,140.0804847,0,141.842014,28318.356783,44388.600486,-221.623878,0.000000000,0.000000000,-0.437131574,0.899397569,2,2,0,0,1,-1,369.664025515662,-219.77807067322,369.74767754412,-219.824636128069,48.7964468909825,0.095739247179441
614,36.081001,140.0805127,0,141.842014,28320.889072,44385.412991,-221.612853,0.000000000,0.000000000,-0.437131574,0.899397569,2,2,0,0,1,-1,372.18303079902,-222.984072007565,372.195362376169,-223.015070316064,49.2012780172415,0.033361098973888
615,36.081001,140.0805127,0,136.640928,28320.889072,44385.412991,-221.612853,0.000000000,0.000000000,-0.395873513,0.918305048,2,2,0,0,1,1,372.18303079902,-222.984072007565,372.190356310041,-223.069185004602,49.153718926935,0.08542766165734
616,36.0809915,140.0805238,0,126.121893,28321.892256,44384.362097,-221.609965,0.000000000,0.000000000,-0.310028474,0.950727272,2,2,0,0,1,-1,373.181636464941,-224.041607170595,373.080516577326,-224.11861336348,49.2583126988822,0.127103050372479
617,36.0809695,140.0805611,0,132.802245,28325.259760,44381.931793,-221.607935,0.000000000,0.000000000,-0.364895025,0.931048667,2,2,0,0,1,-1,376.537311362154,-226.490635967401,376.442166717545,-226.378850722284,49.8872309408501,0.146793884148898
618,36.0809454,140.0805933,0,128.334314,28328.168661,44379.267009,-221.602236,0.000000000,0.000000000,-0.328325259,0.944564728,2,2,0,0,1,-1,379.434167441339,-229.173435696022,379.467732888622,-229.028717329711,50.4252368242167,0.148559903066371
619,36.0809238,140.0806271,0,149.544498,28331.220779,44376.880081,-221.599115,0.000000000,0.000000000,-0.496553604,0.868006059,2,2,0,0,1,-1,382.474966676214,-231.577936696781,382.583613361192,-231.628557538122,50.7430030172198,0.119860634633554
620,36.0808915,140.0806506,0,152.151200,28333.349015,44373.302941,-221.583589,0.000000000,0.000000000,-0.516168632,0.856486978,2,2,0,0,1,-1,384.589131825569,-235.173556249501,384.607977007389,-235.119038234118,51.1956352704361,0.057683228751585
621,36.0808606,140.0806708,0,163.699974,28335.179519,44369.880189,-221.567821,0.000000000,0.000000000,-0.599721959,0.800208455,2,2,0,0,1,-1,386.406414211522,-238.613328514871,386.672640853908,-238.66231181278,51.6329722924523,0.270695379698123
622,36.0808255,140.0806835,0,158.164124,28336.336005,44365.989253,-221.545798,0.000000000,0.000000000,-0.560379720,0.828235817,2,2,0,0,1,-1,387.548963035688,-242.520642642291,387.783872952582,-242.731272488826,51.8288634985082,0.315511650032699
623,36.0807898,140.0807012,0,173.781066,28337.943058,44362.033186,-221.525322,0.000000000,0.000000000,-0.667709564,0.744421882,2,2,0,0,1,-1,389.141334233527,-246.494748463385,389.225826267258,-246.604189649407,52.2175837284219,0.138261625050994
624,36.0807542,140.080706,0,144.306942,28338.388170,44358.084494,-221.499743,0.000000000,0.000000000,-0.456375495,0.889787282,2,2,0,0,1,-1,389.57316371082,-250.45772233527,389.72115736963,-250.611289229033,52.5034880165201,0.213271924800414
625,36.0807479,140.0807116,0,131.784978,28338.894824,44357.387079,-221.497126,0.000000000,0.000000000,-0.356615530,0.934251232,2,2,0,0,1,1,390.076964768515,-251.159035127554,390.150639867226,-251.112132830956,52.7127466219289,0.087337538299546
627,36.0807401,140.0807224,0,76.255866,28339.870383,44356.524728,-221.495438,0.000000000,0.000000000,0.119652833,0.992815793,2,2,0,0,1,-1,391.048581091146,-252.027327155605,391.214965844705,-251.881454207845,52.9933574462871,0.221275401039572
628,36.0807486,140.0807654,0,78.523668,28343.740357,44357.480271,-221.519283,0.000000000,0.000000000,0.099982556,0.994989190,2,2,0,0,1,-1,394.917053492964,-251.081111483879,395.203899845702,-250.997583366379,53.3247561964492,0.298760399805921
629,36.080756,140.0808105,0,75.293544,28347.799872,44358.314369,-221.543124,0.000000000,0.000000000,0.127986027,0.991775971,2,2,0,0,1,-1,398.974451290138,-250.257347251874,399.219652530336,-250.168875145123,53.6427396393422,0.260674052923069
630,36.0807651,140.0808534,0,65.948639,28351.660622,44359.336461,-221.567397,0.000000000,0.000000000,0.208350085,0.978054315,2,2,0,0,1,-1,402.833927245045,-249.244339885681,403.218934842626,-249.316220373346,53.9024805574008,0.391660126515449
631,36.0807796,140.0808936,0,59.654999,28355.276242,44360.956944,-221.594759,0.000000000,0.000000000,0.261725982,0.965142223,2,2,0,0,1,-1,406.450499118015,-247.630207269299,406.885808115134,-247.519488330737,54.3323379875502,0.44916879491907
632,36.0807972,140.0809308,0,73.714316,28358.620536,44362.920530,-221.623314,0.000000000,0.000000000,0.141641467,0.989918024,2,2,0,0,1,-1,409.797177568316,-245.67098423138,410.423984385832,-245.623576259708,54.5968538091408,0.62859709056132
633,36.0808074,140.080974,0,69.345741,28362.507909,44364.064766,-221.648564,0.000000000,0.000000000,0.179268064,0.983800265,2,2,0,0,1,-1,413.683642863956,-244.535525425466,414.265474534682,-244.330712966438,55.0114847974403,0.616827558101878
634,36.0808205,140.081017,0,63.416889,28366.376224,44365.530722,-221.675978,0.000000000,0.000000000,0.229906303,0.973212768,2,2,0,0,1,-1,417.552115265773,-243.077240095643,418.036606783246,-242.904441074941,55.2230871314014,0.514384614912875
635,36.080837,140.0810578,0,60.085500,28370.045162,44367.373299,-221.705138,0.000000000,0.000000000,0.258098269,0.966118670,2,2,0,0,1,-1,421.222665822766,-241.240468498237,421.62075683397,-241.031827237129,55.4597929714268,0.449452588198217
636,36.0808556,140.0810978,0,52.657450,28373.641289,44369.448657,-221.735601,0.000000000,0.000000000,0.320138070,0.947370897,2,2,0,0,1,-1,424.821244799357,-239.169925969014,425.187726583777,-238.983652667221,55.6612501152838,0.411104173261011
637,36.0808786,140.0811351,0,55.592844,28376.992643,44372.011447,-221.768381,0.000000000,0.000000000,0.295767705,0.955259894,2,2,0,0,1,-1,428.176919696569,-236.609577680906,428.33945886351,-236.455643055295,55.7142229989164,0.223863462296749
638,36.0808998,140.0811734,0,44.065675,28380.434712,44374.374805,-221.800175,0.000000000,0.000000000,0.390203502,0.920728639,2,2,0,0,1,-1,431.622559068004,-234.249604476193,431.613753090738,-234.04778435686,55.8787100963491,0.202012142712073
639,36.0809251,140.0812037,0,40.047500,28383.154744,44377.190778,-221.831922,0.000000000,0.000000000,0.422242547,0.906482891,2,2,0,0,1,-1,434.348482645656,-231.433221358641,434.232510686236,-230.990700120404,56.1514474467501,0.457465344766348
640,36.0809301,140.0812089,0,62.481157,28383.621312,44377.747067,-221.837879,0.000000000,0.000000000,0.237845613,0.971302973,2,2,0,0,1,1,434.816297913149,-230.876623905289,434.629941760378,-230.49874919396,56.0775207156434,0.421328747105388
642,36.0809445,140.0812431,0,45.403740,28386.696533,44379.354733,-221.862773,0.000000000,0.000000000,0.379425963,0.925222102,2,2,0,0,1,-1,437.893082938225,-229.273623237325,437.658004660738,-228.782294532417,56.3765630379618,0.544670260628209
643,36.08097,140.0812751,0,43.750150,28389.569610,44382.193390,-221.895363,0.000000000,0.000000000,0.392737223,0.919650734,2,2,0,0,1,-1,440.771946121032,-226.434976222145,440.52685069064,-225.946143288383,56.5145454342023,0.546835813686026
644,36.0809971,140.0813072,0,42.382420,28392.451116,44385.209609,-221.929233,0.000000000,0.000000000,0.403685660,0.914897747,2,2,0,0,1,-1,443.65980575075,-223.418218021987,443.332604004528,-222.936617400941,56.6083554573457,0.582237186139037
645,36.0810242,140.0813378,0,45.783515,28395.197515,44388.225395,-221.962502,0.000000000,0.000000000,0.376357549,0.926474498,2,2,0,0,1,-1,446.412718669134,-220.401459821038,446.056861349309,-219.980249094728,56.6725192729611,0.551409927396419
646,36.0810496,140.0813701,0,53.197641,28398.097642,44391.053046,-221.995144,0.000000000,0.000000000,0.315668571,0.948869513,2,2,0,0,1,-1,449.318571192674,-217.573944755067,448.888438420453,-217.15079404224,56.7979211163453,0.603382737161389
647,36.08106,140.0813873,0,59.341687,28399.643106,44392.211973,-222.010110,0.000000000,0.000000000,0.264363857,0.964423015,2,2,0,0,1,1,450.865960153401,-216.416222050734,450.403042487847,-215.966252903531,56.9090731898431,0.645573387398178
650,36.0810703,140.0814088,0,36.324183,28401.575906,44393.361049,-222.026731,0.000000000,0.000000000,0.451468002,0.892287310,2,2,0,0,1,-1,452.80019635431,-215.269631295611,452.209336901291,-214.815154926585,56.9972297541154,0.745428509801629
651,36.0810991,140.081435,0,37.233976,28403.925380,44396.564193,-222.059551,0.000000000,0.000000000,0.444369584,0.895843554,2,2,0,0,1,-1,455.157265585601,-212.063629961265,454.499372974823,-211.450556044587,57.1998860897907,0.899267654609441
652,36.0811276,140.0814618,0,48.428744,28406.329002,44399.734223,-222.092383,0.000000000,0.000000000,0.354872461,0.934914722,2,2,0,0,1,-1,457.568313500915,-208.891024473757,456.878880293671,-208.174590156708,57.3821394858538,0.99428178998506
653,36.0811519,140.0814957,0,59.265659,28409.373630,44402.440288,-222.124828,0.000000000,0.000000000,0.265003664,0.964247405,2,2,0,0,1,-1,460.618109185257,-206.185960846717,459.885674734627,-205.468253013552,57.5599062410506,1.02545831619641
654,36.0811704,140.0815342,0,52.329155,28412.834663,44404.504132,-222.154643,0.000000000,0.000000000,0.322850889,0.946449842,2,2,0,0,1,-1,464.081741450514,-204.126550267495,463.305291522996,-203.330044034185,57.8821435230726,1.11233837911171
655,36.0811933,140.0815709,0,33.709539,28416.131986,44407.055668,-222.187139,0.000000000,0.000000000,0.471708104,0.881754764,2,2,0,0,1,-1,467.383437663704,-201.577333928596,466.496034940374,-200.787995670722,58.0633131247633,1.18766092750275
656,36.0812231,140.0815955,0,40.069526,28418.336980,44410.369310,-222.220100,0.000000000,0.000000000,0.422068301,0.906564035,2,2,0,0,1,-1,469.596563734193,-198.260013102947,468.684741106706,-197.414544260732,58.1958367138823,1.24347821338113
657,36.0812525,140.0816261,0,39.559281,28421.082535,44413.640305,-222.255172,0.000000000,0.000000000,0.426100786,0.904675699,2,2,0,0,1,-1,472.349476652576,-194.987220073346,471.21233787685,-194.262306482878,58.1474388299166,1.34854896422187
658,36.0812796,140.0816538,0,35.692873,28423.567713,44416.655261,-222.287298,0.000000000,0.000000000,0.456376932,0.889786545,2,2,0,0,1,1,474.841492595202,-191.970461873188,473.543545682763,-191.308751604345,58.166511095557,1.45688938063295
660,36.0812805,140.0816546,0,356.250865,28423.639445,44416.755354,-222.288317,0.000000000,0.000000000,-0.729858913,-0.683597811,2,2,0,0,1,-1,474.913464175603,-191.870274331094,473.704403649545,-191.054587681786,58.3469221235505,1.4584827957614
661,36.0812879,140.081654,0,301.461382,28423.582739,44417.576264,-222.293800,0.000000000,0.000000000,-0.962546659,-0.271116082,2,2,0,0,1,-1,474.859485489024,-191.046510099089,473.47232430241,-190.464848346084,58.0225007691031,1.50417637016276
662,36.0813059,140.0816176,0,288.647366,28420.297724,44419.562962,-222.293059,0.000000000,0.000000000,-0.986788834,-0.162011720,2,2,0,0,1,-1,471.584778619124,-189.042759265123,469.950321454683,-188.532470615016,57.4310125192157,1.71226304311616
663,36.0813077,140.081611,0,268.135014,28419.702617,44419.760776,-222.291793,0.000000000,0.000000000,-0.999867564,0.016274355,2,2,0,0,1,-1,470.991013087206,-188.842384181726,469.361896344711,-188.401866028578,57.2980463345483,1.68762484099187
664,36.0813074,140.0815996,0,289.012782,28418.675930,44419.724190,-222.286968,0.000000000,0.000000000,-0.986267185,-0.165157619,2,2,0,0,1,-1,469.965418080553,-188.875780028564,468.411070395274,-188.535636526797,57.1280008999132,1.59112989052596
665,36.0813118,140.0815838,0,270.510024,28417.251246,44420.207831,-222.284006,0.000000000,0.000000000,-0.999990095,-0.004450784,2,2,0,0,1,-1,468.543979384249,-188.385974268886,466.777588906194,-187.958009465796,56.9535579216253,1.81749530773717
666,36.0813119,140.0815699,0,282.042690,28415.999242,44420.214906,-222.278484,0.000000000,0.000000000,-0.994482885,-0.104898956,2,2,0,0,1,-1,467.293473189481,-188.374842320468,465.717485816043,-187.990221904169,56.8561315125206,1.62224198745689
667,36.0813144,140.0815554,0,269.773510,28414.692332,44420.488104,-222.274577,0.000000000,0.000000000,-0.999998047,0.001976497,2,2,0,0,1,-1,465.988988308133,-188.096543593396,464.362425571856,-187.681443495225,56.7140931694807,1.67869426237987
668,36.0813143,140.0815241,0,277.420823,28411.873187,44420.467955,-222.261892,0.000000000,0.000000000,-0.997903875,-0.064713643,2,2,0,0,1,-1,463.173100258816,-188.107675542606,461.465542549314,-187.690450203766,56.3845327336701,1.75779131715054
669,36.0813153,140.0815146,0,271.667643,28411.017166,44420.576165,-222.258839,0.000000000,0.000000000,-0.999894108,-0.014552417,2,2,0,0,1,-1,462.31843775114,-187.996356051302,460.711015615321,-187.612339445338,56.2990480466509,1.65265685379016
670,36.0813157,140.0814976,0,282.704846,28409.485837,44420.615631,-222.252302,0.000000000,0.000000000,-0.993860138,-0.110643694,2,2,0,0,1,-1,460.789041686792,-187.951828255256,459.095418973087,-187.635626230375,56.0379738924996,1.7228875810446
671,36.08132,140.081474,0,272.989600,28407.358646,44421.085922,-222.246124,0.000000000,0.000000000,-0.999659697,-0.026086222,2,2,0,0,1,-1,458.66588008797,-187.473154444788,456.819884925808,-187.218954109661,55.6753043127497,1.86341513064162
672,36.0813213,140.0814432,0,282.011766,28404.584033,44421.221260,-222.234726,0.000000000,0.000000000,-0.994511157,-0.104630578,2,2,0,0,1,-1,455.894974275764,-187.328439106647,454.139618560126,-187.088508071771,55.3985589399985,1.77167733798224
673,36.0813278,140.0814054,0,271.288783,28401.177062,44421.931552,-222.224535,0.000000000,0.000000000,-0.999936756,-0.011246516,2,2,0,0,1,-1,452.49431714144,-186.604862416736,450.500640743895,-186.415295294666,54.8663193810387,2.00266853770101
674,36.0813282,140.0813834,0,280.228740,28399.195386,44421.969574,-222.215987,0.000000000,0.000000000,-0.996018739,-0.089144105,2,2,0,0,1,-1,450.51509870342,-186.560334619898,448.555981751625,-186.454362111667,54.5916945921967,1.96198098953843
675,36.081331,140.0813642,0,268.909450,28397.465041,44422.274704,-222.210423,0.000000000,0.000000000,-0.999954715,0.009516700,2,2,0,0,1,-1,448.787780794247,-186.248640045989,446.843704446665,-186.228724450158,54.3232597040056,1.94417835503431
676,36.0813307,140.0813447,0,280.561490,28395.708791,44422.235780,-222.202341,0.000000000,0.000000000,-0.995755684,-0.092035956,2,2,0,0,1,-1,447.033473541784,-186.282035893618,445.349385384723,-186.220842596267,54.2824122574003,1.6851995550662
677,36.0813318,140.0813374,0,271.610826,28395.050887,44422.355722,-222.200253,0.000000000,0.000000000,-0.999901200,-0.014056646,2,2,0,0,1,-1,446.376732878934,-186.159584453105,444.528552195919,-186.206461011504,54.0420329624607,1.84877506711745
678,36.0813324,140.081311,0,280.263622,28392.672833,44422.414666,-222.190091,0.000000000,0.000000000,-0.995991557,-0.089447292,2,2,0,0,1,-1,444.001670753821,-186.092792758639,442.178343863584,-186.199891720856,53.7430041730943,1.82646958265657
679,36.0813342,140.0812987,0,273.818537,28391.564329,44422.610834,-222.186532,0.000000000,0.000000000,-0.999444839,-0.033316855,2,2,0,0,1,-1,442.895107717298,-185.892417675243,440.959792947615,-186.01227978092,53.5600227849031,1.93902299680273
680,36.0813355,140.0812746,0,286.502760,28389.393183,44422.748113,-222.177838,0.000000000,0.000000000,-0.989647930,-0.143516458,2,2,0,0,1,-1,440.726963883921,-185.747702337102,438.891544499515,-185.952659209552,53.2882054833525,1.84682745166338
681,36.0813389,140.0812604,0,267.048675,28388.112972,44423.121263,-222.174754,0.000000000,0.000000000,-0.999668354,0.025752322,2,2,0,0,1,-1,439.449468345863,-185.369216068728,437.555448133257,-185.698986937648,52.9996826372231,1.92251434110287
682,36.081338,140.0812388,0,282.235397,28386.167791,44423.015160,-222.165365,0.000000000,0.000000000,-0.994305072,-0.106571214,2,2,0,0,1,-1,437.506235698043,-185.469403610822,435.697458626775,-185.726205577846,52.9001254143918,1.82691591043842
683,36.0813397,140.0812291,0,273.511040,28385.293504,44423.200984,-222.162777,0.000000000,0.000000000,-0.999530644,-0.030634810,2,2,0,0,1,-1,436.633580296546,-185.280160475844,434.797185537876,-185.662010978381,52.6749197753926,1.87567468286985
684,36.0813403,140.081217,0,286.725434,28384.203446,44423.264062,-222.158372,0.000000000,0.000000000,-0.989367181,-0.145439267,2,2,0,0,1,-1,435.545010153844,-185.213368781378,433.709562087371,-185.593309650728,52.559311336757,1.87435980241921
685,36.0813454,140.081196,0,274.844228,28382.310150,44423.823876,-222.153868,0.000000000,0.000000000,-0.999106593,-0.042261274,2,2,0,0,1,-1,433.655756192604,-184.645639378817,431.837468683387,-185.284936236178,52.1079620367927,1.92739978676181
686,36.0813464,140.0811814,0,278.702924,28380.994774,44423.930615,-222.148768,0.000000000,0.000000000,-0.997117387,-0.075874350,2,2,0,0,1,-1,432.342274864346,-184.534319887513,430.633445667938,-185.056630575054,52.1169810001798,1.78687035814444
687,36.0813476,140.0811717,0,275.608592,28380.120667,44424.060961,-222.145793,0.000000000,0.000000000,-0.998802472,-0.048924659,2,2,0,0,1,-1,431.469619462848,-184.400736498582,429.713975802267,-185.075936714033,51.8610352558557,1.88100504887212
688,36.0813511,140.0811276,0,280.928224,28376.147339,44424.436571,-222.130760,0.000000000,0.000000000,-0.995456037,-0.095222254,2,2,0,0,1,-1,427.502186139897,-184.011118280999,425.665064332441,-184.839487880178,51.2534634635771,2.01524507896037
689,36.0813582,140.0810821,0,277.828116,28372.046620,44425.211225,-222.117951,0.000000000,0.000000000,-0.997667561,-0.068260079,2,2,0,0,1,-1,423.408802552522,-183.220749896622,421.580375559827,-185.015856771345,49.9200519118567,2.56233369397796
690,36.0813595,140.0810704,0,297.015271,28370.992338,44425.352090,-222.114251,0.000000000,0.000000000,-0.972338802,-0.233574944,2,2,0,0,1,-1,422.356218200021,-183.076034558481,420.391437281923,-185.115635661373,49.5239841041461,2.83201990018407
691,36.0813677,140.0810505,0,292.828795,28369.197007,44426.256192,-222.112592,0.000000000,0.000000000,-0.980221476,-0.197903660,2,2,0,0,1,-1,420.565925159915,-182.163214733592,418.574547049561,-184.759508886937,48.7840371626415,3.27205288910422
692,36.081371,140.0810408,0,308.808847,28368.322146,44426.619550,-222.111245,0.000000000,0.000000000,-0.943197011,-0.332233952,2,2,0,0,1,-1,419.693269755861,-181.795860414427,417.894186315388,-184.734394160087,48.4541083967599,3.44553069935055
693,36.0813723,140.0810388,0,306.769804,28368.141540,44426.763216,-222.111446,0.000000000,0.000000000,-0.948959155,-0.315398988,2,2,0,0,1,-1,419.513340807414,-181.651145076286,417.858707291291,-184.758994472004,48.3416207957994,3.52087204242711
695,36.0813938,140.0810032,0,306.769804,28364.927340,44429.138516,-222.113768,0.000000000,0.000000000,-0.948959155,-0.315398988,2,2,0,0,1,-1,416.310605517916,-179.257776023946,414.782481745764,-183.215494481168,47.198521163427,4.2424872008821
696,36.0813938,140.0810032,0,1.635787,28364.927340,44429.138516,-222.113768,0.000000000,0.000000000,0.696941177,0.717128298,2,2,0,0,1,-1,416.310605517916,-179.257776023946,414.757631039714,-183.221216390494,47.1821328210612,4.2568285458926
697,36.0814221,140.0810042,0,357.195857,28365.007244,44432.278895,-222.136071,0.000000000,0.000000000,-0.724196794,-0.689593361,2,2,0,0,1,-1,416.400569992139,-176.107434434857,414.923296158672,-179.153742235879,47.9037753931657,3.38560617875345
698,36.0814518,140.0810024,0,7.257530,28364.834452,44435.573805,-222.158333,0.000000000,0.000000000,0.660935193,0.750442983,2,2,0,0,1,-1,416.238633937514,-172.801245558418,415.210699513453,-175.094393276693,48.6155290096763,2.51300132073163
699,36.0814848,140.0810076,0,6.288980,28365.290960,44439.236895,-222.185967,0.000000000,0.000000000,0.667254399,0.744829892,2,2,0,0,1,-1,416.706449205008,-169.127702362023,415.571631284448,-170.992387951705,48.8478255472356,2.18285685769597
700,36.08152,140.0810124,0,9.104926,28365.710650,44443.143976,-222.215144,0.000000000,0.000000000,0.648751509,0.761000315,2,2,0,0,1,-1,417.138278682302,-165.209256286185,415.972993976091,-166.882918873959,48.8911318562033,2.03937120315118
701,36.0815553,140.0810194,0,5.146233,28366.328457,44447.062787,-222.245287,0.000000000,0.000000000,0.674648801,0.738138873,2,2,0,0,1,-1,417.76803000442,-161.279678261137,416.489954572765,-162.833081579289,48.8630129447371,2.01160102352492
702,36.0815894,140.0810232,0,2.608876,28366.658472,44450.847526,-222.273215,0.000000000,0.000000000,0.690826410,0.723020658,2,2,0,0,1,-1,418.10989500749,-157.483683625021,416.86361718281,-158.713165951835,49.06060122423,1.75066707521354
703,36.0816231,140.0810251,0,5.327505,28366.817498,44454.587333,-222.300073,0.000000000,0.000000000,0.673480298,0.739205174,2,2,0,0,1,-1,418.280827509025,-153.732216784951,416.895883839769,-154.677830253261,49.1448219942458,1.67697757840209
704,36.0816309,140.081026,0,167.837956,28366.895759,44455.453060,-222.306474,0.000000000,0.000000000,-0.628220800,0.778035107,2,2,0,0,1,-1,418.36179553378,-152.863924756899,416.95413719197,-153.93608701526,48.9955948124848,1.76947277897159
706,36.0816294,140.0810264,0,170.818365,28366.932325,44455.286739,-222.305474,0.000000000,0.000000000,-0.648241941,0.761434427,2,2,0,0,1,-1,418.397781323981,-153.030903993458,416.784994425808,-154.221684224767,48.8182023880264,2.00475413410091
707,36.0816289,140.0810265,0,177.140816,28366.941512,44455.231290,-222.305127,0.000000000,0.000000000,-0.689245433,0.724527938,2,2,0,0,1,-1,418.406777773449,-153.086563738714,416.841623305114,-154.023589128838,49.0742152017577,1.82420533150303
708,36.0816111,140.0810276,0,186.713846,28367.046982,44453.256569,-222.291786,0.000000000,0.000000000,-0.747298716,0.664488246,2,2,0,0,1,-1,418.505738694583,-155.068050675052,417.10026705035,-155.923036301521,49.2946514072803,1.64509907428341
709,36.0815754,140.0810224,0,207.216577,28366.591445,44449.293894,-222.262055,0.000000000,0.000000000,-0.853626158,0.520886150,2,2,0,0,1,-1,418.037923427089,-159.042156496147,416.499479646695,-159.883946469799,49.3553911734994,1.75368743656698
710,36.0815655,140.0810161,0,133.901815,28366.027564,44448.193598,-222.251856,0.000000000,0.000000000,-0.373812021,0.927504487,2,2,0,0,1,-1,417.471147238461,-160.144219455223,416.623453400615,-160.360595595547,50.1841427992878,0.87487340616984
711,36.081562,140.0810206,0,183.897620,28366.434133,44447.806547,-222.250956,0.000000000,0.000000000,-0.730744089,0.682651504,2,2,0,0,1,1,417.875987372465,-160.533837672807,416.383344212619,-160.872902551282,49.8759063211217,1.53066932890429
712,36.0815276,140.0810177,0,191.322916,28366.185288,44443.988781,-222.223159,0.000000000,0.000000000,-0.773413969,0.633901280,2,2,0,0,1,-1,417.615090396706,-164.363228155761,416.557632018747,-164.386932907048,50.4583299945113,1.05772403600822
713,36.0814941,140.0810094,0,189.841932,28365.449745,44440.269317,-222.193889,0.000000000,0.000000000,-0.765157051,0.643843682,2,2,0,0,1,-1,416.868385259633,-168.092431097412,415.783907347055,-168.422198996818,50.2379760568074,1.13350748138165
714,36.0814559,140.0810012,0,182.678883,28364.724896,44436.028383,-222.161024,0.000000000,0.000000000,-0.723442567,0.690384568,2,2,0,0,1,-1,416.13067656947,-172.344835645578,415.181710292691,-172.467707034867,50.5797031879795,0.956887857990008
715,36.0814179,140.080999,0,198.774511,28364.540391,44431.811373,-222.130729,0.000000000,0.000000000,-0.812971257,0.582303817,2,2,0,0,1,-1,415.932754724645,-176.574976296116,414.809943742756,-176.48366803136,50.8571517137433,1.12651750996735
716,36.081382,140.0809839,0,237.529388,28363.193235,44427.823648,-222.096875,0.000000000,0.000000000,-0.960121587,0.279582792,2,2,0,0,1,-1,414.574291161832,-180.571346015629,413.26119463188,-180.17988126362,51.0741565666042,1.37020697306478
717,36.0813802,140.0809804,0,199.167705,28362.878638,44427.622915,-222.094075,0.000000000,0.000000000,-0.814964506,0.579510874,2,2,0,0,1,-1,414.259415499494,-180.771721099025,413.294417224248,-180.463828017232,51.1240662330221,1.0129263650655
718,36.0813616,140.0809724,0,162.368483,28362.164761,44425.556800,-222.076465,0.000000000,0.000000000,-0.590383701,0.807122720,2,2,0,0,1,-1,413.53969970571,-182.842263627457,412.831064605788,-182.734593227042,51.0722533345745,0.716768177283989
719,36.0813527,140.0809759,0,186.628563,28362.483201,44424.570291,-222.070986,0.000000000,0.000000000,-0.746803974,0.665044228,2,2,0,0,1,1,413.854575365491,-183.833007096021,413.119336924994,-183.647900986051,51.2067907464056,0.75818192825469
722,36.0813221,140.0809715,0,192.930846,28362.097884,44421.173730,-222.045540,0.000000000,0.000000000,-0.782232338,0.622986814,2,2,0,0,1,-1,413.458731678398,-187.239383513763,412.901605404772,-186.853226619109,51.5784094183439,0.677869332580023
723,36.0812869,140.0809615,0,188.132288,28361.209829,44417.265148,-222.014285,0.000000000,0.000000000,-0.755466452,0.655187332,2,2,0,0,1,-1,412.559086933611,-191.157829590392,411.988414120122,-190.774833983757,51.6558924238493,0.687279488095546
724,36.0812524,140.0809554,0,213.902579,28360.672793,44413.435362,-221.985142,0.000000000,0.000000000,-0.882548149,0.470222039,2,2,0,0,1,-1,412.010303638805,-194.998352022555,411.485471550898,-194.760774048669,51.6716109693393,0.576100697944579
725,36.0812245,140.0809322,0,247.128929,28358.593194,44410.332958,-221.954232,0.000000000,0.000000000,-0.980148397,0.198265278,2,2,0,0,1,1,409.92312783274,-198.104165815598,409.561006945898,-197.880518849482,51.6707283062484,0.425616614031966
727,36.081223,140.0809278,0,264.112926,28358.197426,44410.165252,-221.951303,0.000000000,0.000000000,-0.998680625,0.051351816,2,2,0,0,1,-1,409.52728414309,-198.271145051366,409.19577961808,-198.058581132315,51.6431940681333,0.393800291752699
728,36.0812225,140.0809218,0,273.932402,28357.657186,44410.108041,-221.948504,0.000000000,0.000000000,-0.999411240,-0.034309946,2,2,0,0,1,-1,408.987497297752,-198.326804797413,408.642700319957,-198.072384361829,51.6209437218005,0.428502875065322
729,36.0812228,140.0809164,0,278.792154,28357.170702,44410.139769,-221.946565,0.000000000,0.000000000,-0.997058003,-0.076650760,2,2,0,0,1,-1,408.501689136436,-198.293408949785,408.045499056145,-197.892521347744,51.6448716406586,0.607305737520859
730,36.081223,140.0809148,0,274.162928,28357.026518,44410.161499,-221.946077,0.000000000,0.000000000,-0.999340196,-0.036320410,2,2,0,0,1,-1,408.357745975634,-198.271145051366,407.842986037626,-197.81937449729,51.64586104635,0.684890084106686
731,36.0812231,140.0809131,0,268.135020,28356.873364,44410.172104,-221.945471,0.000000000,0.000000000,-0.999867565,0.016274302,2,2,0,0,1,-1,408.204806370478,-198.260013102947,407.787043106545,-197.83386856929,51.653327574259,0.596762354926645
732,36.0812224,140.0808865,0,281.328215,28354.477759,44410.086755,-221.934236,0.000000000,0.000000000,-0.995117593,-0.098696385,2,2,0,0,1,-1,405.811751348986,-198.337936745831,405.343801983727,-197.785971078008,51.4981928134768,0.72363160993827
733,36.0812241,140.080876,0,255.836946,28353.531416,44410.272352,-221.931330,0.000000000,0.000000000,-0.992371737,0.123281528,2,2,0,0,1,-1,404.867124367087,-198.148693611644,404.430408657892,-197.562912799073,51.4367737523463,0.730657081697385
734,36.081221,140.0808608,0,281.375709,28352.163468,44409.923997,-221.922823,0.000000000,0.000000000,-0.995076601,-0.099108817,2,2,0,0,1,-1,403.499664354806,-198.493784033181,402.977345335949,-198.008098489586,51.1845152695175,0.713237411187865
735,36.081225,140.0808362,0,272.200617,28349.946316,44410.360726,-221.916030,0.000000000,0.000000000,-0.999815609,-0.019202826,2,2,0,0,1,-1,401.286538284318,-198.048506070341,400.075229265,-199.70973450488,48.7242538424645,2.05595463276785
736,36.0812255,140.0808201,0,287.070574,28348.496013,44410.411558,-221.909946,0.000000000,0.000000000,-0.988924644,-0.148418493,2,2,0,0,1,-1,399.838110244724,-197.992846325085,398.454127297224,-199.878623335981,48.2935110784933,2.33913739096153
737,36.0812289,140.0808064,0,273.066106,28347.260836,44410.784859,-221.907070,0.000000000,0.000000000,-0.999642058,-0.026753630,2,2,0,0,1,-1,398.605596946335,-197.61436005592,397.549375061144,-198.822023377922,48.9008158901322,1.60438629078709
738,36.0812299,140.0807833,0,276.931081,28345.179866,44410.889151,-221.898561,0.000000000,0.000000000,-0.998171334,-0.060448219,2,2,0,0,1,-1,396.527417587181,-197.503040565408,395.92894141965,-198.307836916726,49.2594028377252,1.00293114928033
739,36.0812327,140.0807548,0,278.445644,28342.611872,44411.191607,-221.889274,0.000000000,0.000000000,-0.997285226,-0.073635441,2,2,0,0,1,-1,393.963430064154,-197.191345990708,393.35186717913,-198.588447593928,48.462987603067,1.52509083403553
740,36.081233,140.0807523,0,274.094359,28342.386590,44411.224173,-221.888502,0.000000000,0.000000000,-0.999361751,-0.035722421,2,2,0,0,1,-1,393.738518878596,-197.157950143871,392.997797685117,-198.558431324859,48.3710355842348,1.584302819783
741,36.0812337,140.0807402,0,278.445645,28341.296495,44411.298352,-221.884182,0.000000000,0.000000000,-0.997285225,-0.073635449,2,2,0,0,1,-1,392.649948735896,-197.080026500196,391.893550573151,-198.134544051039,48.5489577838071,1.29774629478908
742,36.081234,140.0807377,0,275.289958,28341.071213,44411.330918,-221.883409,0.000000000,0.000000000,-0.998934651,-0.046147198,2,2,0,0,1,-1,392.425037550338,-197.046630653359,391.652083865034,-198.023137626789,48.5839662658876,1.24540084662838
743,36.0812351,140.080723,0,273.515176,28339.746792,44411.448730,-221.878354,0.000000000,0.000000000,-0.999529538,-0.030670887,2,2,0,0,1,-1,391.102559777725,-196.924179212846,390.516414648183,-197.720818375053,48.6924118266019,0.989039972724736
744,36.0812358,140.0807089,0,280.409767,28338.476557,44411.522332,-221.873231,0.000000000,0.000000000,-0.995876670,-0.090717462,2,2,0,0,1,-1,389.834060686578,-196.846255569171,389.03095268261,-197.936740790029,48.1969301860013,1.35430442772186
745,36.0812392,140.080686,0,264.819310,28336.412740,44411.892981,-221.866661,0.000000000,0.000000000,-0.998978200,0.045194649,2,2,0,0,1,-1,387.773874221246,-196.467769300797,386.869997340824,-197.764386117109,47.7398758151817,1.58057223286571
746,36.0812375,140.0806628,0,290.365092,28334.323731,44411.697661,-221.856026,0.000000000,0.000000000,-0.984249508,-0.176784917,2,2,0,0,1,-1,385.686698415181,-196.657012434984,384.825334375885,-197.860671211757,47.6399248969567,1.48011569111838
747,36.0812438,140.0806418,0,265.066101,28332.430006,44412.390634,-221.852465,0.000000000,0.000000000,-0.999073217,0.043043089,2,2,0,0,1,-1,383.797444451384,-195.955699643491,382.938412075125,-197.021056370619,47.5336084691966,1.36854725146672
748,36.0812432,140.0806332,0,290.956214,28331.655621,44412.321580,-221.848546,0.000000000,0.000000000,-0.983324469,-0.181859806,2,2,0,0,1,-1,383.02374997102,-196.022491337957,382.092393547154,-196.983064854989,47.5132085726921,1.33795600447138
749,36.0812458,140.0806248,0,266.087309,28330.898102,44412.607646,-221.847184,0.000000000,0.000000000,-0.999417127,0.034138036,2,2,0,0,1,-1,382.268048384479,-195.733060661676,381.471628106552,-196.238750571993,47.8834427433163,0.94340211176807
750,36.0812436,140.080585,0,280.618352,28327.314115,44412.352062,-221.829498,0.000000000,0.000000000,-0.995709892,-0.092530053,2,2,0,0,1,-1,378.687462301709,-195.977963541119,378.21252073351,-195.887192948872,48.2103787996631,0.48353778923655
751,36.0812461,140.0805685,0,265.484190,28325.827067,44412.624697,-221.824805,0.000000000,0.000000000,-0.999223610,0.039397677,2,2,0,0,1,-1,377.203048474472,-195.699664814048,376.746426372216,-195.869444558092,47.8299502423393,0.4871641466248
752,36.0812455,140.0805591,0,278.242531,28324.980627,44412.555412,-221.820567,0.000000000,0.000000000,-0.997414178,-0.071867643,2,2,0,0,1,-1,376.357382413707,-195.766456508513,376.104031363706,-196.177589301136,47.6434309839611,0.48292538523714
753,36.0812503,140.0805181,0,278.792157,28321.286045,44413.076185,-221.807817,0.000000000,0.000000000,-0.997058001,-0.076650787,2,2,0,0,1,-1,372.668838962893,-195.232122952789,372.168293625538,-195.43690539495,47.295640121265,0.540815572413179
754,36.0812506,140.0805157,0,268.351751,28321.069770,44413.108780,-221.807085,0.000000000,0.000000000,-0.999896557,0.014383190,2,2,0,0,1,-1,372.452924224246,-195.198727105952,371.946125192445,-195.428592988239,47.247347209153,0.556492212411087
755,36.08125,140.0804899,0,271.476645,28318.746186,44413.034768,-221.796263,0.000000000,0.000000000,-0.999916975,-0.012885802,2,2,0,0,1,-1,370.131840783156,-195.265518800417,369.649525608903,-195.616879045003,46.9250323415511,0.59672602489785
756,36.0812501,140.0804851,0,271.211696,28318.313815,44413.044480,-221.794413,0.000000000,0.000000000,-0.999944095,-0.010573845,2,2,0,0,1,-1,369.700011305862,-195.254386851208,369.294984847498,-195.541588497033,46.9757144815856,0.496519100679415
757,36.0812503,140.0804734,0,277.667824,28317.259927,44413.063298,-221.789871,0.000000000,0.000000000,-0.997762068,-0.066864464,2,2,0,0,1,-1,368.647426953362,-195.232122952789,368.475984383989,-195.479269570493,47.0234667518963,0.300788971267267
758,36.0812545,140.0804348,0,266.260893,28313.781729,44413.518192,-221.777625,0.000000000,0.000000000,-0.999467693,0.032624074,2,2,0,0,1,-1,365.174798241194,-194.76458109153,364.861922463038,-195.027881678986,46.5634981104143,0.408923528195371
759,36.081253,140.0804064,0,286.629275,28311.224286,44413.343571,-221.765065,0.000000000,0.000000000,-0.989488878,-0.144608993,2,2,0,0,1,-1,362.619807165078,-194.93156032809,362.495693292221,-195.024007375167,46.5606631342495,0.154760169129666
760,36.0812579,140.0803861,0,265.775164,28309.394113,44413.881411,-221.760709,0.000000000,0.000000000,-0.999320428,0.036860297,2,2,0,0,1,-1,360.793528334771,-194.386094823156,360.677523573685,-194.455838722357,46.3724403237855,0.135356256118724
761,36.0812571,140.0803727,0,278.605274,28308.187466,44413.788783,-221.754712,0.000000000,0.000000000,-0.997181682,-0.075024622,2,2,0,0,1,-1,359.588004377114,-194.47515041604,359.400164218361,-194.583554788882,46.1862574748897,0.216876539284018
762,36.0812588,140.0803588,0,271.996227,28306.934887,44413.973405,-221.750449,0.000000000,0.000000000,-0.999848269,-0.017419486,2,2,0,0,1,-1,358.337498182346,-194.285907281062,358.344683257114,-194.509204067256,46.0560282379735,0.223412354232847
763,36.0812592,140.0803446,0,273.219091,28305.655753,44414.013696,-221.745060,0.000000000,0.000000000,-0.999605449,-0.028088174,2,2,0,0,1,-1,357.060002644288,-194.241379485016,357.27972142031,-194.521165199955,45.9914630688283,0.355747644856082
764,36.0812593,140.0803424,0,273.522655,28305.457564,44414.024158,-221.744254,0.000000000,0.000000000,-0.999527534,-0.030736123,2,2,0,0,1,-1,356.86208080202,-194.230247535806,357.207304060806,-194.521550716483,46.0285287724474,0.451704152603393
765,36.0812603,140.0803223,0,42.277279,28303.646804,44414.129323,-221.736962,0.000000000,0.000000000,0.404524934,0.914526969,2,2,0,0,1,1,355.053794865535,-194.118928045294,356.12186823225,-194.217788461783,46.3965046704847,1.07263884818374
767,36.0812611,140.0803232,0,76.100331,28303.727580,44414.218348,-221.737942,0.000000000,0.000000000,0.121000270,0.992652474,2,2,0,0,1,-1,355.13476289029,-194.02987245241,355.366536038564,-194.354150360498,45.7576882114319,0.398591211562558
768,36.0812612,140.0803237,0,96.990681,28303.772579,44414.229588,-221.738220,0.000000000,0.000000000,-0.060967367,0.998139760,2,2,0,0,1,-1,355.179745127402,-194.0187405032,355.10199104336,-194.18146680146,45.7336579641207,0.180348400964925
769,36.0812568,140.0803681,0,91.881468,28307.773252,44413.754170,-221.752634,0.000000000,0.000000000,-0.016418168,0.999865213,2,2,0,0,1,-1,359.174167793643,-194.508546262878,359.080957646517,-194.758472332654,46.0759171910606,0.266741770034816
770,36.0812556,140.0804133,0,95.085736,28311.844835,44413.634048,-221.769846,0.000000000,0.000000000,-0.044366851,0.999015306,2,2,0,0,1,-1,363.240562040285,-194.642129651809,363.174147867549,-194.776474151311,46.6015736272245,0.149864228175539
771,36.0812525,140.0804564,0,93.834375,28315.727953,44413.302504,-221.784748,0.000000000,0.000000000,-0.033454990,0.999440225,2,2,0,0,1,-1,367.118030889014,-194.987220073346,367.173568910329,-195.149069088116,47.0479382816442,0.171112756373409
772,36.0812499,140.0805044,0,91.779872,28320.052233,44413.027852,-221.802007,0.000000000,0.000000000,-0.015531689,0.999879376,2,2,0,0,1,-1,371.436325661946,-195.276650749627,371.227045142077,-195.643488998668,47.1836075894597,0.422337112928129
773,36.0812488,140.0805482,0,95.297781,28323.997683,44412.918428,-221.818742,0.000000000,0.000000000,-0.046215393,0.998931498,2,2,0,0,1,-1,375.376769641608,-195.399102189348,375.270766626612,-195.573614703141,47.8041981515909,0.204184369280685
774,36.0812456,140.0805909,0,92.908966,28327.844809,44412.575678,-221.833414,0.000000000,0.000000000,-0.025382791,0.999677805,2,2,0,0,1,-1,379.218252702693,-195.755324560095,379.208696793044,-196.276980707655,47.9604841941726,0.52174366474001
775,36.0812436,140.0806396,0,92.399078,28332.231924,44412.367808,-221.851426,0.000000000,0.000000000,-0.020934376,0.999780852,2,2,0,0,1,-1,383.599522606559,-195.977963541119,383.178057575545,-196.854264972466,47.898397185945,0.97238725359185
776,36.0812421,140.0806839,0,98.198420,28336.222553,44412.214151,-221.868061,0.000000000,0.000000000,-0.071483692,0.997441769,2,2,0,0,1,-1,387.584948825889,-196.144942777678,387.229646302082,-197.380784390223,48.0327581161047,1.28590216374371
777,36.081237,140.0807277,0,91.300582,28340.169438,44411.660905,-221.881712,0.000000000,0.000000000,-0.011349475,0.999935593,2,2,0,0,1,-1,391.525392805551,-196.71267218024,391.005221344253,-198.711583816838,47.7185443239319,2.06548446619074
778,36.0812362,140.0807713,0,92.180305,28344.096767,44411.584719,-221.898612,0.000000000,0.000000000,-0.019025602,0.999818997,2,2,0,0,1,-1,395.447843891391,-196.801727773124,395.057320961713,-198.463372641152,48.4754702661118,1.70691881061943
779,36.0812348,140.0808168,0,90.605904,28348.195444,44411.442508,-221.915813,0.000000000,0.000000000,-0.005287485,0.999986021,2,2,0,0,1,-1,399.541227478766,-196.957575060474,398.935642021114,-199.615572409651,47.9284550095624,2.72611145310536
780,36.0812345,140.0808519,0,103.009981,28351.357001,44411.419351,-221.929688,0.000000000,0.000000000,-0.113289754,0.993561992,2,2,0,0,1,-1,402.69898053371,-196.990970907312,402.620738516367,-198.056925901307,49.8913394250266,1.06882265250223
781,36.0812269,140.0808926,0,87.800896,28355.025569,44410.587824,-221.940169,0.000000000,0.000000000,0.019189625,0.999815862,2,2,0,0,1,-1,406.360534643792,-197.836999037735,406.640011401414,-198.204988136815,51.0893577200187,0.462085744307509
782,36.0812278,140.0809216,0,45.291534,28357.637269,44410.696057,-221.952523,0.000000000,0.000000000,0.380331742,0.924850132,2,2,0,0,1,-1,408.969504401373,-197.736811495642,409.596738485162,-198.458665013735,51.2152281907666,0.956292370277408
783,36.0812286,140.0809226,0,63.247189,28357.727052,44410.785111,-221.953544,0.000000000,0.000000000,0.231347293,0.972871230,2,2,0,0,1,1,409.059468875596,-197.647755903548,409.668012974891,-198.215202419869,51.34416802269,0.832058573461173
785,36.0812297,140.0809253,0,119.638671,28357.969845,44410.907943,-221.955481,0.000000000,0.000000000,-0.255772015,0.966737129,2,2,0,0,1,-1,409.302372957533,-197.525304463036,409.854675420699,-196.947673472761,52.3307030704235,0.799184316503399
786,36.0812131,140.0809614,0,152.417439,28361.227326,44409.076476,-221.957154,0.000000000,0.000000000,-0.518157176,0.855285415,2,2,0,0,1,-1,412.5500904867,-199.373208010443,413.051127186626,-199.404577434306,52.198025104107,0.502017744134794
787,36.0811868,140.0809784,0,180.443106,28362.767958,44406.163209,-221.943647,0.000000000,0.000000000,-0.709835749,0.704367240,2,2,0,0,1,-1,414.079486551048,-202.300910618507,414.423442071006,-202.309377572988,52.4432128637553,0.34405971724048
788,36.081145,140.080978,0,161.452426,28362.746942,44401.525081,-221.911157,0.000000000,0.000000000,-0.583912681,0.811816470,2,2,0,0,1,-1,414.043500760848,-206.954065333466,414.763573870847,-206.343176758134,53.4006366290094,0.944293458208706
789,36.081112,140.0809917,0,154.573463,28363.992752,44397.867448,-221.891145,0.000000000,0.000000000,-0.534156590,0.845385555,2,2,0,0,1,-1,415.276014061794,-210.627608529861,415.907653258712,-210.360337200767,53.373881117241,0.68585861402988
790,36.081078,140.0810117,0,131.734121,28365.806362,44394.100678,-221.872896,0.000000000,0.000000000,-0.356200864,0.934409410,2,2,0,0,1,-1,417.075303551368,-214.412471216768,418.155194638203,-213.82469247842,54.258786482448,1.22949119747889
791,36.0810532,140.0810461,0,124.996624,28368.913677,44391.358873,-221.867554,0.000000000,0.000000000,-0.300677702,0.953725809,2,2,0,0,1,-1,420.170081470265,-217.173194588274,420.887875473351,-216.803119621318,54.3420904210591,0.807578920002987
792,36.081033,140.0810818,0,116.362665,28372.136432,44389.127847,-221.866294,0.000000000,0.000000000,-0.228033657,0.973653250,2,2,0,0,1,-1,423.381813209232,-219.421848302474,424.371488894102,-218.912143727841,55.0435989343505,1.11321907755089
793,36.0810179,140.0811195,0,107.188673,28375.537496,44387.463283,-221.869784,0.000000000,0.000000000,-0.149437607,0.988771157,2,2,0,0,1,1,426.773473896645,-221.102772613321,427.640261741925,-220.580607893545,55.4198616318494,1.01191756744571
795,36.0810177,140.0811203,0,88.410834,28375.609624,44387.441322,-221.869952,0.000000000,0.000000000,0.013867645,0.999903840,2,2,0,0,1,-1,426.845445474489,-221.12503651174,428.037901759399,-220.693647988651,55.5198966688045,1.26808834442836
796,36.0810187,140.0811649,0,80.018749,28379.626388,44387.565164,-221.888668,0.000000000,0.000000000,0.086992748,0.996208945,2,2,0,0,1,-1,430.857861037109,-221.013717020437,432.174476757287,-220.417954204252,56.120408222664,1.44513331141722
797,36.0810252,140.0812106,0,75.097588,28383.740251,44388.299590,-221.912081,0.000000000,0.000000000,0.129681815,0.991555660,2,2,0,0,1,-1,434.969237518306,-220.290140330525,436.213922690276,-219.710487998076,56.4436056150404,1.37303969492424
798,36.0810349,140.0812557,0,68.523319,28387.798921,44389.388908,-221.937730,0.000000000,0.000000000,0.186324107,0.982488334,2,2,0,0,1,-1,439.02663531548,-219.210341269868,440.118204476944,-218.513177963487,56.818931697846,1.29520651249992
799,36.0810487,140.0812991,0,63.698463,28391.702998,44390.932661,-221.965867,0.000000000,0.000000000,0.227514237,0.973774754,2,2,0,0,1,-1,442.931093507498,-217.67413229716,443.754295528155,-216.80096364567,57.1536766776618,1.2000354414591
800,36.0810634,140.0813359,0,73.784073,28395.012287,44392.574369,-221.992046,0.000000000,0.000000000,0.141038833,0.990004064,2,2,0,0,1,-1,446.241786167599,-216.03773578236,447.421372410939,-215.084994453413,57.6529793352461,1.51629144472943
801,36.0810744,140.0813827,0,85.284379,28399.223606,44393.808427,-222.019393,0.000000000,0.000000000,0.041139943,0.999153394,2,2,0,0,1,-1,450.452123572487,-214.813221383561,451.376495602311,-213.689551014625,58.0449206050608,1.45502534257903
802,36.0810749,140.0813902,0,70.430743,28399.898951,44393.866074,-222.022799,0.000000000,0.000000000,0.169945125,0.985453527,2,2,0,0,1,1,451.126857129159,-214.757561638305,451.891371658106,-213.60464267197,58.0594768925544,1.38336712694308
804,36.0810853,140.0814264,0,50.521508,28403.155742,44395.030496,-222.045417,0.000000000,0.000000000,0.337740060,0.941239423,2,2,0,0,1,-1,454.383571105238,-213.599838933972,455.075102136442,-212.135644640327,58.5756427148577,1.61928382214528
805,36.0811084,140.0814611,0,47.808782,28406.272860,44397.603642,-222.077253,0.000000000,0.000000000,0.359925308,0.932981121,2,2,0,0,1,-1,457.505338367424,-211.028358696654,457.967448178316,-209.205306825071,58.9848386004585,1.88070827184995
806,36.0811347,140.081497,0,51.718646,28409.496908,44400.532199,-222.112050,0.000000000,0.000000000,0.327888681,0.944716366,2,2,0,0,1,-1,460.735063000213,-208.10065608859,460.977748275314,-206.421195001403,58.955893343048,1.696904736903
807,36.0811583,140.081534,0,32.695147,28412.821003,44403.161491,-222.145205,0.000000000,0.000000000,0.479495025,0.877544598,2,2,0,0,1,-1,464.063748556692,-205.473516106015,464.108453348111,-203.745358855568,59.1381667777819,1.72873537611976
808,36.0811894,140.0815587,0,37.455366,28415.034538,44406.619406,-222.179208,0.000000000,0.000000000,0.442637993,0.896700400,2,2,0,0,1,-1,466.285871074092,-202.011479942226,466.126310655189,-200.271928045843,59.1383991516782,1.74685440935708
809,36.0812182,140.081586,0,36.260012,28417.483081,44409.822871,-222.212483,0.000000000,0.000000000,0.451967610,0.892034349,2,2,0,0,1,-1,468.741901226517,-198.805478607881,468.55633361856,-197.029322176628,59.2800143558059,1.78582390100636
810,36.0812485,140.0816135,0,29.846557,28419.949095,44413.192831,-222.247001,0.000000000,0.000000000,0.501159196,0.865355106,2,2,0,0,1,-1,471.215924275321,-195.432498036186,470.760378097399,-193.56333724398,59.3696845267677,1.92387223778971
811,36.0812816,140.081637,0,47.726981,28422.053822,44416.872314,-222.282076,0.000000000,0.000000000,0.360591223,0.932723952,2,2,0,0,1,-1,473.330089424676,-191.747822891372,472.555437136428,-189.904310498141,59.2896008062588,1.99965599833688
812,36.0812852,140.0816419,0,20.721534,28422.493868,44417.273178,-222.286835,0.000000000,0.000000000,0.568407250,0.822747347,2,2,0,0,1,1,473.77091534888,-191.347072724579,473.069151722069,-189.644881554537,59.2206895280827,1.84117543088197
814,36.0812899,140.0816441,0,327.307989,28422.690329,44417.795314,-222.291358,0.000000000,0.000000000,-0.877531475,-0.479519040,2,2,0,0,1,-1,473.968837193705,-190.823871117273,473.102895774887,-188.902026481229,59.3556977850289,2.10792346775545
815,36.0812967,140.0816387,0,283.899677,28422.201506,44418.548261,-222.294443,0.000000000,0.000000000,-0.992652466,-0.121000339,2,2,0,0,1,-1,473.483029029832,-190.066898580525,472.418919798858,-188.448694603582,58.9166313899074,1.93672728241163
816,36.081298,140.0816322,0,276.276519,28421.615585,44418.690624,-222.292830,0.000000000,0.000000000,-0.998500336,-0.054745578,2,2,0,0,1,-1,472.898259947382,-189.922183242384,471.970503189683,-188.37510124347,58.8381287033978,1.8039388328939
817,36.0812984,140.0816277,0,287.002622,28421.210127,44418.733705,-222.291326,0.000000000,0.000000000,-0.989012481,-0.147832041,2,2,0,0,1,-1,472.493419810822,-189.877655445547,471.624059334346,-188.309633217191,58.8359796996077,1.79289747243771
818,36.0813027,140.0816103,0,267.469698,28419.641367,44419.205787,-222.287642,0.000000000,0.000000000,-0.999756224,0.022079256,2,2,0,0,1,-1,470.928037956273,-189.398981635869,469.88374714252,-187.80578418189,58.6034868529969,1.90494656908139
819,36.0813023,140.0815991,0,280.777919,28418.632731,44419.158164,-222.282820,0.000000000,0.000000000,-0.995580080,-0.093916474,2,2,0,0,1,-1,469.920435843441,-189.443509431916,468.686482015395,-187.975446538714,58.3075593155353,1.91777232959171
820,36.0813045,140.0815848,0,269.687705,28417.343943,44419.398133,-222.278761,0.000000000,0.000000000,-0.999996286,0.002725285,2,2,0,0,1,-1,468.633943858472,-189.198606551682,467.550187358142,-187.696613255657,58.2522050857092,1.85216414318798
821,36.0813043,140.0815394,0,267.975284,28413.254851,44419.362808,-222.260318,0.000000000,0.000000000,-0.999843908,0.017668061,2,2,0,0,1,-1,464.549556718008,-189.220870450101,463.474263504721,-187.790493329964,57.7569048535111,1.78947875101982
822,36.0813041,140.0815324,0,285.322096,28412.624435,44419.338592,-222.257343,0.000000000,0.000000000,-0.991074060,-0.133312444,2,2,0,0,1,-1,463.91980539589,-189.24313434852,462.770044207818,-187.760892676674,57.7082863493294,1.87589742879291
823,36.0813072,140.0815184,0,265.678776,28411.362344,44419.678510,-222.254103,0.000000000,0.000000000,-0.999289070,0.037700856,2,2,0,0,1,-1,462.660302754211,-188.898043926982,461.62401478947,-187.76557979653,57.2870040550131,1.53504649852312
824,36.0813056,140.0814922,0,283.538023,28409.003094,44419.493401,-222.242312,0.000000000,0.000000000,-0.993029402,-0.117866904,2,2,0,0,1,-1,460.30323352292,-189.07615511196,459.104909173246,-187.560157882492,57.3287651985271,1.93241528838314
825,36.0813092,140.0814737,0,269.771318,28407.335510,44419.887497,-222.237647,0.000000000,0.000000000,-0.999998009,0.001995626,2,2,0,0,1,-1,458.638890747237,-188.675404945167,457.405059146115,-187.502345664166,56.808164802031,1.70247129099703
826,36.0813091,140.0814427,0,280.632672,28404.543386,44419.867437,-222.225086,0.000000000,0.000000000,-0.995698321,-0.092654482,2,2,0,0,1,-1,455.849992038652,-188.686536894376,454.560375943208,-187.394738783653,56.5985265195172,1.8253361423309
827,36.0813113,140.0814282,0,274.422115,28403.236585,44420.107350,-222.220949,0.000000000,0.000000000,-0.999255489,-0.038580656,2,2,0,0,1,-1,454.545507159862,-188.441634014933,453.178652985131,-187.261279748914,56.3170704116148,1.805969691963
828,36.0813116,140.0814234,0,277.828122,28402.804142,44420.139249,-222.219248,0.000000000,0.000000000,-0.997667557,-0.068260131,2,2,0,0,1,-1,454.113677682568,-188.408238167305,452.810267950153,-187.264324853505,56.2624898052072,1.73418989734281
829,36.0813167,140.0813775,0,276.995906,28398.668110,44420.691860,-222.204713,0.000000000,0.000000000,-0.998136979,-0.061012879,2,2,0,0,1,-1,449.984308304993,-187.840508764743,448.775715139884,-186.743419367951,55.7980987674979,1.63226915161166
830,36.0813191,140.0813533,0,278.445654,28396.487561,44420.951162,-222.196828,0.000000000,0.000000000,-0.997285220,-0.073635528,2,2,0,0,1,-1,447.807168022148,-187.57334198609,446.286472686769,-186.599165719377,55.3165207992463,1.805971677981
831,36.0813194,140.0813508,0,276.859575,28396.262279,44420.983726,-222.196053,0.000000000,0.000000000,-0.998208860,-0.059825340,2,2,0,0,1,-1,447.58225683659,-187.539946139253,446.192459092047,-186.578801273269,55.3330829179205,1.68977431160007
832,36.0813201,140.0813436,0,275.791238,28395.613526,44421.059315,-222.193696,0.000000000,0.000000000,-0.998723223,-0.050516575,2,2,0,0,1,-1,446.93451262065,-187.462022495578,445.478783877258,-186.475440896951,55.2574449330836,1.75854753279239
833,36.0813211,140.0813314,0,275.887084,28394.514316,44421.166746,-222.189559,0.000000000,0.000000000,-0.998680621,-0.051351903,2,2,0,0,1,-1,445.836946031039,-187.350703005066,444.512290143738,-186.301284827852,55.2478391296661,1.68996796727858
834,36.0813213,140.081329,0,275.729052,28394.298077,44421.188243,-222.188748,0.000000000,0.000000000,-0.998750490,-0.049974585,2,2,0,0,1,-1,445.621031292392,-187.328439106647,444.414725617368,-186.279438317701,55.2725779820151,1.59861691371155
835,36.0813231,140.0813068,0,280.228735,28392.297884,44421.381550,-222.181204,0.000000000,0.000000000,-0.996018743,-0.089144062,2,2,0,0,1,-1,443.62381996055,-187.12806402325,442.303480715712,-186.057712243323,55.0253783343106,1.69969075253528
836,36.0813238,140.081302,0,267.620586,28391.865298,44421.457832,-222.179814,0.000000000,0.000000000,-0.999784430,0.020762812,2,2,0,0,1,-1,443.191990483257,-187.050140379576,441.963782750495,-186.054119394649,54.9470017380743,1.58131338994768
837,36.0813229,140.0812752,0,294.811334,28389.451754,44421.350225,-222.168331,0.000000000,0.000000000,-0.976651035,-0.214831927,2,2,0,0,1,-1,440.780942567943,-187.150327921669,439.439292036843,-186.236454374606,54.5744342132984,1.6233271412815
838,36.0813297,140.081257,0,267.565232,28387.810042,44422.099474,-222.166267,0.000000000,0.000000000,-0.999774283,0.021245760,2,2,0,0,1,-1,439.143589132993,-186.39335538413,438.169941283089,-185.667829070681,54.3533706515633,1.21423991333201
839,36.0813287,140.0812279,0,293.841069,28385.189374,44421.980108,-222.153783,0.000000000,0.000000000,-0.978435020,-0.206554865,2,2,0,0,1,-1,436.525622925944,-186.504674874642,435.112842903656,-186.003254235469,53.6938362514931,1.4991230932656
840,36.0813297,140.0812251,0,282.691133,28384.936820,44422.090256,-222.153430,0.000000000,0.000000000,-0.993873371,-0.110524759,2,2,0,0,1,-1,436.273722397096,-186.39335538413,434.777906240321,-185.987868275683,53.5407163825073,1.54980184862082
841,36.0813388,140.0811751,0,286.415296,28380.430067,44423.085520,-222.140352,0.000000000,0.000000000,-0.989757184,-0.142761051,2,2,0,0,1,-1,431.775498675718,-185.380348017937,430.728959484748,-185.770588270448,52.4958168571968,1.11692960069772
842,36.0813413,140.0811646,0,289.549360,28379.483437,44423.359879,-222.138062,0.000000000,0.000000000,-0.985483021,-0.169774014,2,2,0,0,1,-1,430.830871693819,-185.102049290866,430.03903588261,-185.730479816391,52.2814109842403,1.0109049793755
843,36.0813543,140.0811193,0,281.965170,28375.398611,44424.789237,-222.129897,0.000000000,0.000000000,-0.994553621,-0.104226174,2,2,0,0,1,-1,426.755481000266,-183.654895910252,425.92715114832,-185.311650892546,50.8535236743376,1.8522870768267
844,36.0813605,140.0810831,0,281.740953,28372.135863,44425.466715,-222.120133,0.000000000,0.000000000,-0.994755652,-0.102279970,2,2,0,0,1,-1,423.498767026745,-182.964715067969,422.858036934601,-185.274952248306,49.9852252609386,2.39744257082208
845,36.0813648,140.0810575,0,271.745640,28369.828536,44425.936438,-222.113164,0.000000000,0.000000000,-0.999883971,-0.015232994,2,2,0,0,1,-1,421.195676479476,-182.486041257501,420.700367707427,-185.070395204484,49.5477590939798,2.63139052650027
846,36.0813653,140.0810372,0,278.792172,28367.999943,44425.986054,-222.105386,0.000000000,0.000000000,-0.997057991,-0.076650917,2,2,0,0,1,-1,419.369397649169,-182.430381511454,419.179534207485,-185.057429550574,49.4608590155961,2.63390006005049
847,36.0813665,140.0810276,0,267.505290,28367.134844,44426.116430,-222.102454,0.000000000,0.000000000,-0.999763033,0.021768732,2,2,0,0,1,-1,418.505738694583,-182.296798122523,418.220318841603,-184.74882328267,49.4755647756399,2.46858094428176
848,36.081366,140.0810134,0,291.215564,28365.856035,44426.056851,-222.096357,0.000000000,0.000000000,-0.982910356,-0.184084853,2,2,0,0,1,-1,417.228243156525,-182.35245786857,417.032660018217,-184.538053511127,49.6239349735395,2.19432929998075
849,36.0813676,140.0810083,0,343.622773,28365.396105,44426.232910,-222.095544,0.000000000,0.000000000,-0.800612310,-0.599182718,2,2,0,0,1,-1,416.769424338499,-182.174346682801,416.560021721154,-184.136785241639,49.7592813806529,1.9735791226509
850,36.0813687,140.0810079,0,338.686438,28365.359682,44426.354847,-222.096234,0.000000000,0.000000000,-0.825672984,-0.564149026,2,2,0,0,1,1,416.733438548298,-182.05189524308,416.559147053516,-184.023991088341,49.7575788558879,1.97978270223038
853,36.0813948,140.0809953,0,355.100802,28364.215431,44429.247192,-222.111365,0.000000000,0.000000000,-0.736682760,-0.676238502,2,2,0,0,1,-1,415.599886168486,-179.146456533434,415.146366373899,-180.356418901444,50.0563290427433,1.29216451587324
854,36.0814278,140.0809918,0,11.135448,28363.888335,44432.907770,-222.135496,0.000000000,0.000000000,0.635165711,0.772375893,2,2,0,0,1,-1,415.285010508705,-175.472913337039,415.167933679088,-176.331834794889,50.322911215435,0.866863919417514
855,36.0814627,140.0810003,0,2.800107,28364.641391,44436.782632,-222.165925,0.000000000,0.000000000,0.689618868,0.724172505,2,2,0,0,1,-1,416.049708542158,-171.587863108829,415.889509578526,-172.299193155857,50.3447248603596,0.729146174476068
856,36.0814974,140.0810024,0,0.875978,28364.818073,44440.633454,-222.193629,0.000000000,0.000000000,0.701680802,0.712491440,2,2,0,0,1,-1,416.238633937514,-167.725076778247,416.154163956067,-168.224783851771,50.4214789257253,0.506796149448646
857,36.0815344,140.0810031,0,5.884818,28364.867832,44444.739074,-222.222552,0.000000000,0.000000000,0.669877242,0.742471872,2,2,0,0,1,-1,416.301609071005,-163.606255619012,416.022181739214,-164.128451136632,50.1520996082587,0.592256525817718
858,36.0815689,140.0810075,0,2.830198,28365.251746,44448.568369,-222.251030,0.000000000,0.000000000,0.689428681,0.724353570,2,2,0,0,1,-1,416.697452758097,-159.765733186058,416.368879280028,-160.039572347159,50.2432566908212,0.42772469725608
859,36.0816065,140.0810098,0,6.299115,28365.445400,44452.741025,-222.281067,0.000000000,0.000000000,0.667188520,0.744888904,2,2,0,0,1,-1,416.904371049833,-155.580120332358,416.643259218619,-156.029907153841,49.9646273451227,0.520084198163729
860,36.081627,140.0810126,0,12.692932,28365.690231,44455.016457,-222.298066,0.000000000,0.000000000,0.624609534,0.780937213,2,2,0,0,1,1,417.156271576123,-153.29807077132,416.839246960134,-153.634136977032,49.9841434486056,0.462001192384216
862,36.0816392,140.081016,0,7.285594,28365.992084,44456.371117,-222.308880,0.000000000,0.000000000,0.660751387,0.750604826,2,2,0,0,1,-1,417.46215079155,-151.939972983591,417.263052114351,-152.054107931089,50.2147064621293,0.229493070707423
863,36.0816746,140.0810216,0,350.894020,28366.483757,44460.300620,-222.338545,0.000000000,0.000000000,-0.761006282,-0.648744509,2,2,0,0,1,-1,417.965951846688,-147.999263009334,417.780571487829,-148.029291548544,50.2015808796263,0.187796673606167
864,36.0817104,140.0810145,0,4.153463,28365.831406,44464.270839,-222.363414,0.000000000,0.000000000,0.681018307,0.732266390,2,2,0,0,1,-1,417.327204077659,-144.01402523903,417.284709496968,-144.038742541112,50.0441314907108,0.049160293024613
865,36.0817449,140.0810176,0,1.141620,28366.098228,44468.099758,-222.391382,0.000000000,0.000000000,0.700027246,0.714116135,2,2,0,0,1,-1,417.606093949795,-140.173502806867,417.482320519448,-140.035500241057,50.0551022982662,0.185376833046314
866,36.0817814,140.0810185,0,12.530249,28366.166180,44472.149957,-222.420016,0.000000000,0.000000000,0.625717582,0.780049682,2,2,0,0,1,-1,417.687061977107,-136.110341392889,417.592708913978,-136.024228146649,49.8827472054958,0.127741894849476
867,36.0818174,140.0810284,0,0.125829,28367.044933,44476.147277,-222.451885,0.000000000,0.000000000,0.706329906,0.707882804,2,2,0,0,1,-1,418.577710272427,-132.102839724166,418.518328226035,-132.115197866213,49.7614317282695,0.060654357704573
868,36.0818542,140.0810285,0,357.956228,28367.040721,44480.230532,-222.480435,0.000000000,0.000000000,-0.719605095,-0.694383544,2,2,0,0,1,-1,418.586706721895,-128.00628246335,418.595793717612,-128.026369586098,49.6414046642924,0.022046904351409
869,36.0818927,140.0810268,0,3.331231,28366.873774,44484.501894,-222.509580,0.000000000,0.000000000,0.686254982,0.727361051,2,2,0,0,1,-1,418.433767114181,-123.720482067556,418.54779044492,-123.904632721088,49.3658867605896,0.216593589814571
870,36.0819288,140.0810294,0,0.000000,28367.094985,44488.508201,-222.538599,0.000000000,0.000000000,0.707106781,0.707106781,2,2,0,0,1,-1,418.667674749207,-119.701848449624,418.738078121371,-119.816488407531,49.3136607796762,0.134532355814719
871,36.0819504,140.0810294,0,27.713572,28367.087226,44490.904877,-222.555337,0.000000000,0.000000000,0.517179001,0.855877258,2,2,0,0,1,1,418.667674749207,-117.297347448865,418.724098794953,-117.478400580554,49.1714770400759,0.189641528766182
872,36.0819644,140.0810385,0,26.969316,28367.901825,44492.460906,-222.569846,0.000000000,0.000000000,0.522726856,0.852500225,2,2,0,0,1,-1,419.486351466682,-115.738874577739,419.582483416237,-115.897400324574,49.2472879226056,0.185396235492386
873,36.0819725,140.0810436,0,210.653604,28368.358267,44493.361133,-222.578175,0.000000000,0.000000000,-0.868863187,0.495052283,2,2,0,0,1,1,419.945170284708,-114.837186702059,420.000226673804,-114.931734455806,49.3175181107182,0.109409705780017
875,36.081971,140.0810425,0,301.744157,28368.259730,44493.194379,-222.576570,0.000000000,0.000000000,-0.961874702,-0.273490508,2,2,0,0,1,-1,419.846209363574,-115.004165938618,419.858251504386,-114.873101540049,49.5118328896542,0.131616449305428
876,36.0819711,140.0810423,0,240.848477,28368.241680,44493.205417,-222.576567,0.000000000,0.000000000,-0.967815720,0.251659954,2,2,0,0,1,-1,419.828216469752,-114.993033989409,419.923170027079,-115.000025309474,49.4051432841256,0.095210590825329
877,36.0819537,140.0810037,0,225.700807,28364.771269,44491.263615,-222.547559,0.000000000,0.000000000,-0.926202616,0.377026146,2,2,0,0,1,-1,416.355587755027,-116.929993128909,416.402330524788,-117.102430844821,48.9127275370874,0.178660718664993
878,36.0819287,140.080972,0,224.515591,28361.925062,44488.480531,-222.515440,0.000000000,0.000000000,-0.922253578,0.386585486,2,2,0,0,1,-1,413.50371391551,-119.712980398834,413.397043719937,-119.904207340977,48.6202248663159,0.21896637647131
879,36.081901,140.0809383,0,243.465296,28358.899685,44485.397286,-222.480426,0.000000000,0.000000000,-0.973309801,0.229495168,2,2,0,0,1,-1,410.471911124989,-122.796530294248,410.526437845123,-122.810699768978,48.6101071889561,0.056337706935003
880,36.0818851,140.0808989,0,251.546072,28355.356675,44483.621692,-222.452267,0.000000000,0.000000000,-0.987060914,0.160345727,2,2,0,0,1,-1,406.92731083242,-124.566510197189,406.894823052683,-124.538557828671,48.2930974308889,0.042857796700535
881,36.0818738,140.080857,0,262.047192,28351.586840,44482.355781,-222.426669,0.000000000,0.000000000,-0.997592693,0.069345643,2,2,0,0,1,-1,403.157799351736,-125.824420443616,403.07798024329,-125.785308048015,47.920332964989,0.088886835711801
882,36.0818689,140.0808136,0,265.908122,28347.679603,44481.799565,-222.405430,0.000000000,0.000000000,-0.999362524,0.035700784,2,2,0,0,1,-1,399.253341162275,-126.369885948549,399.107592735466,-126.31458406386,47.5078507024698,0.155887466998977
883,36.0818662,140.0807669,0,268.568076,28343.474347,44481.486505,-222.384572,0.000000000,0.000000000,-0.999921927,0.012495569,2,2,0,0,1,-1,395.052000204298,-126.670448573249,394.947388391565,-126.578412047106,47.1124610465297,0.139335399334806
884,36.081866,140.080757,0,278.282442,28342.582735,44481.461457,-222.380439,0.000000000,0.000000000,-0.997389087,-0.072215027,2,2,0,0,1,-1,394.161351908979,-126.692712471667,394.043769232041,-126.625351912073,46.9892577154188,0.135510630227431
885,36.0818714,140.0807111,0,274.515850,28338.446628,44482.047384,-222.366181,0.000000000,0.000000000,-0.999223596,-0.039398026,2,2,0,0,1,-1,390.031982531403,-126.091587221478,389.963543295717,-126.064875283843,46.5019540392048,0.07346738455575
886,36.0818717,140.0807064,0,277.987509,28338.023196,44482.079315,-222.364525,0.000000000,0.000000000,-0.997571648,-0.069647734,2,2,0,0,1,-1,389.609149501021,-126.058191373849,389.428939110636,-126.009197103651,46.4358365572971,0.186751769242017
887,36.0818728,140.0806967,0,272.891225,28337.149132,44482.198570,-222.361481,0.000000000,0.000000000,-0.999681723,-0.025228021,2,2,0,0,1,-1,388.736494099523,-125.935739934128,388.570370608584,-125.93488091909,46.2974101296445,0.166125711882844
888,36.081873,140.0806918,0,281.032943,28336.707722,44482.219347,-222.359667,0.000000000,0.000000000,-0.995368603,-0.096131907,2,2,0,0,1,-1,388.295668172762,-125.913476035709,388.086316875444,-125.874607994782,46.2690153101489,0.212928838568604
889,36.0818756,140.0806753,0,273.372065,28335.220650,44482.503077,-222.355053,0.000000000,0.000000000,-0.999567062,-0.029422572,2,2,0,0,1,-1,386.811254345526,-125.624045360219,386.582763502106,-125.636604323885,46.0437423475834,0.228835733867596
890,36.0818763,140.0806606,0,278.976280,28333.896384,44482.576507,-222.349691,0.000000000,0.000000000,-0.996933553,-0.078252736,2,2,0,0,1,-1,385.488776570356,-125.546121716544,385.302189665333,-125.609346814765,45.8659484541497,0.197007832765838
891,36.0818769,140.0806559,0,275.887126,28333.472844,44482.641725,-222.348268,0.000000000,0.000000000,-0.998680602,-0.051352269,2,2,0,0,1,-1,385.065943539974,-125.479330022079,384.868909343083,-125.610808005075,45.7505353651104,0.236873246182556
892,36.0818773,140.0806511,0,279.168137,28333.040369,44482.684724,-222.346650,0.000000000,0.000000000,-0.996801140,-0.079921760,2,2,0,0,1,-1,384.634114062681,-125.434802226032,384.537230628231,-125.609176124305,45.6986090331588,0.199480967186797
893,36.0818779,140.0806465,0,274.332248,28332.625836,44482.749971,-222.345267,0.000000000,0.000000000,-0.999285438,-0.037796990,2,2,0,0,1,-1,384.220277481766,-125.368010531566,384.16482284609,-125.534813326415,45.6737323141289,0.175779375887463
894,36.0818785,140.0806367,0,275.807036,28331.742944,44482.813719,-222.341795,0.000000000,0.000000000,-0.998716249,-0.050654262,2,2,0,0,1,-1,383.338625630801,-125.301218837101,383.210311741697,-125.403214010642,45.6102120199795,0.163912993879557
895,36.0818791,140.0806294,0,273.612309,28331.085225,44482.878188,-222.339328,0.000000000,0.000000000,-0.999503181,-0.031518122,2,2,0,0,1,-1,382.68188496795,-125.234427141844,382.591520371505,-125.328298858158,45.5583631994368,0.130298347703805
896,36.0818796,140.0806196,0,279.766369,28330.202369,44482.930840,-222.335780,0.000000000,0.000000000,-0.996370322,-0.085124506,2,2,0,0,1,-1,381.800233119542,-125.178767396588,381.530969839835,-125.314209880086,45.3577484020343,0.301408991462943
897,36.0818849,140.0805815,0,266.627944,28326.768838,44483.507926,-222.324585,0.000000000,0.000000000,-0.999567065,0.029422493,2,2,0,0,1,-1,378.372586641928,-124.588774095608,378.151872266107,-124.756021820375,44.9551449459931,0.276923522175306
898,36.081884,140.0805626,0,287.386720,28325.066856,44483.402614,-222.316298,0.000000000,0.000000000,-0.988511410,-0.151146263,2,2,0,0,1,-1,376.672258076045,-124.688961637702,376.421720015681,-124.937080510809,44.689134123365,0.352607848583985
899,36.0818902,140.0805381,0,274.422148,28322.857941,44484.083485,-222.311264,0.000000000,0.000000000,-0.999255478,-0.038580944,2,2,0,0,1,-1,374.46812844991,-123.998780794628,374.286592181343,-124.195841038265,44.4998695670474,0.267933119318986
900,36.0818905,140.0805333,0,280.024344,28322.425502,44484.115388,-222.309569,0.000000000,0.000000000,-0.996176160,-0.087367374,2,2,0,0,1,-1,374.036298972617,-123.965384946999,373.786289255233,-124.149523671131,44.4391718223311,0.310502702905436
901,36.0818966,140.0804906,0,282.750535,28318.577367,44484.779916,-222.297152,0.000000000,0.000000000,-0.993815944,-0.111039948,2,2,0,0,1,-1,370.194815914089,-123.286336053135,369.746916687482,-123.647612245638,43.7639933953019,0.575442616135884
902,36.0819013,140.0804649,0,268.031477,28316.260908,44485.294007,-222.290476,0.000000000,0.000000000,-0.999852451,0.017177759,2,2,0,0,1,-1,367.882728919909,-122.76313444662,367.487400955012,-123.168139636314,43.4746653237152,0.565962369340246
903,36.0819001,140.0804217,0,268.216043,28312.370357,44485.148406,-222.272206,0.000000000,0.000000000,-0.999878822,0.015567333,2,2,0,0,1,-1,363.99626362427,-122.896717835551,363.449203757292,-123.346282377769,42.9635875215851,0.7080838761602
904,36.081899,140.080378,0,270.156170,28308.434736,44485.013759,-222.253814,0.000000000,0.000000000,-0.999999071,-0.001362840,2,2,0,0,1,-1,360.064816091519,-123.019169275273,359.406444081029,-123.553861539585,42.4243786736154,0.848144752805795
905,36.0818991,140.0803326,0,215.669658,28304.345567,44485.011772,-222.235673,0.000000000,0.000000000,-0.889694070,0.456557184,2,2,0,0,1,-1,355.980428951055,-123.008037326063,355.37085168574,-123.702410559401,41.8542583646236,0.923979777681821
906,36.0818696,140.0803064,0,183.644122,28301.996331,44481.730984,-222.202303,0.000000000,0.000000000,-0.729232149,0.684266375,2,2,0,0,1,-1,353.623359719764,-126.291962304874,352.990450747097,-126.992415883627,41.7078085021298,0.944038655813735
907,36.0818328,140.0803035,0,175.391604,28301.748319,44477.646923,-222.172628,0.000000000,0.000000000,-0.678105822,0.734964281,2,2,0,0,1,-1,353.362462744006,-130.38851956569,352.666627373142,-131.053885994492,41.8429648629793,0.962756120688215
908,36.0817947,140.0803073,0,179.040397,28302.104236,44473.420547,-222.144638,0.000000000,0.000000000,-0.701160663,0.713003313,2,2,0,0,1,-1,353.704327747076,-134.629792165438,352.828993663521,-135.051671653905,42.1964024962295,0.971695456726391
909,36.0817561,140.0803081,0,166.960350,28302.190125,44469.137828,-222.115059,0.000000000,0.000000000,-0.622243808,0.782823507,2,2,0,0,1,-1,353.776299327477,-138.92672450965,352.800676550006,-139.152446384218,42.5123270554025,1.00139411251465
910,36.0817226,140.0803177,0,170.771248,28303.066796,44465.423527,-222.092964,0.000000000,0.000000000,-0.647928804,0.761700902,2,2,0,0,1,-1,354.639958282064,-142.655927451301,353.82000257497,-143.027149099006,42.6842415623083,0.900073815484588
911,36.0816843,140.0803254,0,164.687202,28303.774056,44461.176083,-222.066391,0.000000000,0.000000000,-0.606593565,0.795012105,2,2,0,0,1,-1,355.332684735115,-146.919463948676,354.60201785489,-147.107492680699,43.1377326581522,0.754472593222676
912,36.0816477,140.0803378,0,171.615639,28304.904033,44457.118621,-222.043024,0.000000000,0.000000000,-0.653523910,0.756905872,2,2,0,0,1,-1,356.448244218549,-150.993757311864,355.40811339035,-151.059740662243,43.4063501391136,1.04222163779882
913,36.0816148,140.0803438,0,181.569277,28305.456241,44453.469857,-222.019956,0.000000000,0.000000000,-0.716723666,0.697357288,2,2,0,0,1,-1,356.988031063887,-154.65616855905,356.201353108419,-155.046891882123,43.4363170133025,0.878366051718917
914,36.0816089,140.0803436,0,185.594906,28305.440342,44452.815152,-222.015308,0.000000000,0.000000000,-0.740774735,0.671753520,2,2,0,0,1,1,356.970038170065,-155.312953554496,356.119571164388,-155.384206530087,43.722653567998,0.853446608919557
916,36.0816056,140.0803432,0,85.711365,28305.405497,44452.448878,-222.012592,0.000000000,0.000000000,0.037416664,0.999299751,2,2,0,0,1,-1,356.934052379865,-155.680307874451,356.125772030032,-155.628858794635,43.8637076676365,0.80991612636146
917,36.0816058,140.0803465,0,27.921505,28305.702654,44452.472020,-222.014071,0.000000000,0.000000000,0.515625112,0.856814300,2,2,0,0,1,-1,357.230935145823,-155.658043976033,356.544206062212,-155.459544087852,44.0791730704053,0.714841968469617
918,36.0816119,140.0803505,0,324.733712,28306.060745,44453.150012,-222.020399,0.000000000,0.000000000,-0.888081449,-0.459686132,2,2,0,0,1,-1,357.590793042715,-154.978995082168,356.760067041156,-154.74095554547,44.060543771459,0.86415768856082
919,36.0816191,140.0803442,0,313.009686,28305.490728,44453.947089,-222.023446,0.000000000,0.000000000,-0.930386586,-0.366579870,2,2,0,0,1,-1,357.024016854088,-154.177494748582,356.028808536454,-154.048701417552,43.7972639840966,1.00350750749757
920,36.0816433,140.0803121,0,312.947910,28302.590829,44456.623004,-222.029304,0.000000000,0.000000000,-0.930584073,-0.366078248,2,2,0,0,1,-1,354.136157224369,-151.483563071542,352.996074421734,-151.27834486968,43.3868868352893,1.15840550207606
921,36.0816682,140.080279,0,317.722882,28299.600612,44459.376303,-222.035306,0.000000000,0.000000000,-0.914526401,-0.404526219,2,2,0,0,1,-1,351.158333120428,-148.711707750827,350.148749734129,-148.399881109655,43.1085707809807,1.0566430182595
922,36.0816946,140.0802493,0,313.791144,28296.916095,44462.297018,-222.043836,0.000000000,0.000000000,-0.927865077,-0.372916075,2,2,0,0,1,-1,348.486388229356,-145.772873193553,347.311376165879,-145.572607387057,42.5345099192101,1.19195626705335
923,36.0817204,140.080216,0,308.689205,28293.907545,44465.150123,-222.050459,0.000000000,0.000000000,-0.943543373,-0.331249004,2,2,0,0,1,-1,345.490571231593,-142.900830330744,344.291110233396,-142.798698307492,42.0008101440795,1.20380132761645
924,36.0817437,140.08018,0,308.067327,28290.656706,44467.725058,-222.054066,0.000000000,0.000000000,-0.945327128,-0.326123627,2,2,0,0,1,-1,342.251850149337,-140.307086195798,341.086124822154,-140.18655479272,41.5832910163836,1.17193999742507
925,36.0817656,140.0801454,0,305.779999,28287.532467,44470.145057,-222.057153,0.000000000,0.000000000,-0.951648036,-0.307190520,2,2,0,0,1,-1,339.139079334061,-137.869189347411,337.937256822921,-137.712335955863,41.1739177391187,1.21201498947998
926,36.0817875,140.0801078,0,311.610248,28284.138023,44472.564193,-222.059039,0.000000000,0.000000000,-0.934793915,-0.355190563,2,2,0,0,1,-1,335.756415096116,-135.431292499024,334.710211800021,-135.293382917522,40.7629758732792,1.0552537085598
927,36.0818109,140.0800752,0,310.492233,28281.193389,44475.151206,-222.064095,0.000000000,0.000000000,-0.938214794,-0.346053466,2,2,0,0,1,-1,332.823573226729,-132.826416414077,331.620796267685,-132.62719686591,40.3419176947693,1.21916399289868
928,36.0818345,140.080041,0,319.076259,28278.104574,44477.759951,-222.068667,0.000000000,0.000000000,-0.909685097,-0.415298717,2,2,0,0,1,-1,329.746788201654,-130.199276431503,328.457467252044,-130.078775455998,39.8057224007294,1.2949397654719
929,36.081862,140.0800115,0,314.284360,28275.437689,44480.802783,-222.078146,0.000000000,0.000000000,-0.926251411,-0.376906253,2,2,0,0,1,-1,327.092836204404,-127.137990434507,325.622161528807,-127.151627917111,39.2119025371471,1.47073790403809
930,36.0818888,140.0799775,0,307.636000,28272.365747,44483.766651,-222.085283,0.000000000,0.000000000,-0.946547971,-0.322563078,2,2,0,0,1,-1,324.034044073151,-124.154628081186,322.736910255917,-124.233295623357,38.7790453819661,1.29951711108464
931,36.0819103,140.079943,0,310.467668,28269.250669,44486.142303,-222.088115,0.000000000,0.000000000,-0.938288955,-0.345852333,2,2,0,0,1,-1,320.930269704786,-121.761259029637,319.653864329742,-121.566455672673,38.6182987367442,1.29118512589229
932,36.0819345,140.0799079,0,299.418608,28266.080585,44488.817367,-222.092801,0.000000000,0.000000000,-0.967226533,-0.253915011,2,2,0,0,1,-1,317.772516652399,-119.067327352597,316.488841220006,-118.99363066445,38.0656485610104,1.28578918084284
933,36.081952,140.0798695,0,296.447107,28262.615673,44490.748070,-222.090976,0.000000000,0.000000000,-0.973484949,-0.228751076,2,2,0,0,1,-1,314.317880834053,-117.119236263096,312.981959780291,-117.016678778788,37.6310121231543,1.33985189460253
934,36.081968,140.0798297,0,289.662382,28259.025203,44492.511935,-222.087429,0.000000000,0.000000000,-0.985315093,-0.170745916,2,2,0,0,1,-1,310.737294751283,-115.338124410946,309.360612258952,-115.22546413138,37.176096988061,1.38128455550695
935,36.0819734,140.079811,0,258.347488,28257.338981,44493.105725,-222.084123,0.000000000,0.000000000,-0.994834295,0.101512194,2,2,0,0,1,-1,309.054959079221,-114.736999160756,307.795064038255,-114.736534811648,36.9124455489431,1.25989512653745
936,36.0819708,140.0797954,0,275.236868,28255.934836,44492.812748,-222.075859,0.000000000,0.000000000,-0.998955923,-0.045684389,2,2,0,0,1,-1,307.65151327674,-115.026429836246,306.652501505466,-114.895513391293,36.9911089996832,1.00755329124685
937,36.081971,140.0797927,0,0.000000,28255.691579,44492.834163,-222.074932,0.000000000,0.000000000,0.707106781,0.707106781,2,2,0,0,1,1,307.408609194804,-115.004165938618,306.55648086447,-114.944356679822,36.954435417603,0.854224700412684
939,36.0819711,140.0797927,0,90.000000,28255.691543,44492.845259,-222.075009,0.000000000,0.000000000,0.000000000,1.000000000,2,2,0,0,1,-1,307.408609194804,-114.993033989409,306.127157471948,-114.987904567427,36.7410320243536,1.28146198889417
940,36.0819711,140.0797928,0,167.049928,28255.700550,44492.845288,-222.075050,0.000000000,0.000000000,-0.622855563,0.782336850,2,2,0,0,1,-1,307.417605644271,-114.993033989409,306.267583067556,-115.045417199972,36.7380082458112,1.1512149789263
941,36.0819349,140.0798031,0,165.897886,28256.641213,44488.831599,-222.051122,0.000000000,0.000000000,-0.614959025,0.788559064,2,2,0,0,1,-1,308.344239729791,-119.022799555759,307.226955179942,-118.964777553221,37.1021630088576,1.11879011351998
942,36.0819008,140.0798137,0,158.344936,28257.608146,44485.051006,-222.028945,0.000000000,0.000000000,-0.561685881,0.827350573,2,2,0,0,1,-1,309.297863158601,-122.818794191876,308.378780997407,-122.834511261302,37.3610396212083,0.919216538850622
943,36.0818664,140.0798306,0,168.005977,28259.142622,44481.238939,-222.009061,0.000000000,0.000000000,-0.629360925,0.777113136,2,2,0,0,1,-1,310.818262776038,-126.648184675621,309.836844136223,-126.564707007308,37.7407674055681,0.984962470189836
944,36.0818295,140.0798403,0,176.040956,28260.029497,44477.147407,-221.984359,0.000000000,0.000000000,-0.682259709,0.731109903,2,2,0,0,1,-1,311.690918180092,-130.755873885646,310.717783418894,-130.507264500144,38.1543012722987,1.0043893119765
945,36.0817933,140.0798434,0,176.006297,28260.321665,44473.131647,-221.957558,0.000000000,0.000000000,-0.682038548,0.731316224,2,2,0,0,1,-1,311.969808049672,-134.785639451996,311.020973059155,-134.58422342906,38.3195758854744,0.969977450008852
946,36.0817551,140.0798467,0,175.023870,28260.632564,44468.894030,-221.929290,0.000000000,0.000000000,-0.675743772,0.737136592,2,2,0,0,1,-1,312.266690815631,-139.038044000953,311.299221120521,-138.628415285083,38.7130733579785,1.05061567465073
947,36.0817189,140.0798506,0,181.690430,28260.996788,44464.878500,-221.902814,0.000000000,0.000000000,-0.717460553,0.696599135,2,2,0,0,1,-1,312.617552265612,-143.067809567304,311.735207397753,-142.631340278504,38.9884050152014,0.984397229731703
948,36.0816833,140.0798493,0,192.039069,28260.892438,44460.928049,-221.874722,0.000000000,0.000000000,-0.777360478,0.629055393,2,2,0,0,1,-1,312.500598450657,-147.030783439188,311.629508245305,-146.66303276717,39.0990600794844,0.945536198476635
949,36.0816473,140.0798398,0,177.230772,28260.049663,44456.930855,-221.843038,0.000000000,0.000000000,-0.689813985,0.723986647,2,2,0,0,1,-1,311.645935942981,-151.038285107911,310.855890917881,-150.699231022735,39.2090030090828,0.859726011215126
950,36.0816072,140.0798422,0,176.462738,28260.280179,44452.482160,-221.812949,0.000000000,0.000000000,-0.684946108,0.728593734,2,2,0,0,1,-1,311.861850681628,-155.502196688683,311.201040268957,-154.818122832248,39.8096033538794,0.951119047518299
951,36.0815719,140.0798449,0,177.220593,28260.535999,44448.566147,-221.786700,0.000000000,0.000000000,-0.689749672,0.724047920,2,2,0,0,1,-1,312.104754761007,-159.43177471373,311.403577042984,-158.912604443347,39.8624026633812,0.872460865541455
952,36.0815436,140.0798466,0,262.171870,28260.699244,44445.426546,-221.765471,0.000000000,0.000000000,-0.997667552,0.068260201,2,2,0,0,1,1,312.25769436872,-162.58211630361,311.582594408573,-161.761786754356,40.3099936563777,1.06240318409252
954,36.0815435,140.0798457,0,270.971072,28260.618218,44445.415191,-221.765033,0.000000000,0.000000000,-0.999964094,-0.008474100,2,2,0,0,1,-1,312.176726341408,-162.59324825282,311.577973054131,-161.5630358684,40.5226838487606,1.19157167473786
955,36.0815436,140.0798384,0,284.637024,28259.960675,44445.424187,-221.762186,0.000000000,0.000000000,-0.991853337,-0.127385078,2,2,0,0,1,-1,311.519985678557,-162.58211630361,310.959234960489,-161.930044206223,40.1447649831463,0.860022899698677
956,36.0815497,140.0798095,0,265.885297,28257.355486,44446.092712,-221.755331,0.000000000,0.000000000,-0.999355393,0.035899842,2,2,0,0,1,-1,308.92001236533,-161.903067409746,308.248187447252,-161.343317529331,39.71113740541,0.874453343052493
957,36.0815492,140.0798009,0,275.712924,28256.581068,44446.034760,-221.751499,0.000000000,0.000000000,-0.998757513,-0.049834017,2,2,0,0,1,-1,308.146317884966,-161.958727155002,307.442570506557,-161.382297679931,39.6340324693397,0.909687480593888
958,36.0815511,140.0797774,0,268.368003,28254.463757,44446.238819,-221.743556,0.000000000,0.000000000,-0.999898586,0.014241379,2,2,0,0,1,-1,306.032152735612,-161.747220122396,305.337323722347,-161.217995383047,39.3721471258914,0.873422110100852
959,36.0815504,140.079747,0,287.632921,28251.725897,44446.152405,-221.730838,0.000000000,0.000000000,-0.988184389,-0.153269738,2,2,0,0,1,-1,303.297232713607,-161.825143766071,302.950146188622,-160.957072259255,39.5666226245921,0.934888868674444
960,36.081556,140.0797252,0,266.680530,28249.760380,44446.767496,-221.726442,0.000000000,0.000000000,-0.999580461,0.028963789,2,2,0,0,1,-1,301.336007169408,-161.201754617462,300.79083342232,-160.369931417876,39.2053378384273,0.9945573135237
961,36.0815548,140.0796996,0,291.153321,28247.455033,44446.626985,-221.715261,0.000000000,0.000000000,-0.983010200,-0.183550936,2,2,0,0,1,-1,299.032916624696,-161.335338006393,298.47828523634,-160.490773060725,38.985494087349,1.01039889370573
962,36.0815639,140.0796705,0,271.941584,28244.830758,44447.628329,-221.710653,0.000000000,0.000000000,-0.999856462,-0.016942706,2,2,0,0,1,-1,296.414950417647,-160.322330640201,295.801089562722,-159.787014263915,38.3719756087709,0.814486815074236
963,36.0815641,140.0796632,0,281.337282,28244.173180,44447.648421,-221.707885,0.000000000,0.000000000,-0.995109780,-0.098775123,2,2,0,0,1,-1,295.758209754796,-160.300066741782,295.167994997491,-159.5947266106,38.463121030494,0.919705474810466
964,36.0815676,140.0796416,0,260.631744,28242.226429,44448.030561,-221.701946,0.000000000,0.000000000,-0.996660047,0.081662418,2,2,0,0,1,-1,293.814977106977,-159.910448524198,293.322076888444,-159.23273598397,38.2725622831965,0.838000544517642
965,36.0815646,140.0796191,0,280.777951,28240.200940,44447.691221,-221.690615,0.000000000,0.000000000,-0.995580054,-0.093916752,2,2,0,0,1,-1,291.790776431845,-160.244406996526,291.281795499228,-159.443155706845,38.1842507481507,0.949244551726835
966,36.0815652,140.0796152,0,321.055570,28239.849455,44447.756674,-221.689518,0.000000000,0.000000000,-0.902376406,-0.430948746,2,2,0,0,1,1,291.439914981864,-160.177615302061,291.139418102938,-159.538250677055,38.1138548658613,0.706459834635207
968,36.081566,140.0796144,0,351.640683,28239.777114,44447.845209,-221.689817,0.000000000,0.000000000,-0.756763027,-0.653689316,2,2,0,0,1,-1,291.367943401463,-160.088559709967,290.973190225621,-159.549627733479,37.967216736404,0.668040227170432
969,36.0815671,140.0796142,0,87.362151,28239.758706,44447.967205,-221.690589,0.000000000,0.000000000,0.023017542,0.999735061,2,2,0,0,1,-1,291.349950505084,-159.966108269455,290.981722105828,-159.337416980421,38.0494969768203,0.728591031323899
970,36.0815685,140.0796518,0,108.738004,28243.144815,44448.133355,-221.706727,0.000000000,0.000000000,-0.162792186,0.986660379,2,2,0,0,1,-1,294.732614745586,-159.810260982896,294.46508662322,-159.409955323632,38.2369887081356,0.481472654565962
971,36.081558,140.0796901,0,97.516778,28246.598229,44446.979317,-221.713934,0.000000000,0.000000000,-0.065549231,0.997849336,2,2,0,0,1,-1,298.178254117021,-160.979115635647,298.331197042633,-160.468693225818,38.9565999577373,0.532843856068746
972,36.0815527,140.0797398,0,89.672532,28251.076574,44446.405536,-221.729735,0.000000000,0.000000000,0.002857694,0.999995917,2,2,0,0,1,-1,302.649488497667,-161.569108937418,302.30694942153,-161.242012600386,39.0239769854116,0.473629636298989
973,36.0815529,140.0797831,0,95.811157,28254.976508,44446.440181,-221.747233,0.000000000,0.000000000,-0.050690178,0.998714427,2,2,0,0,1,-1,306.544950240217,-161.546845038999,306.362211949895,-161.198701528007,39.5147891450816,0.39318848787293
974,36.0815491,140.0798293,0,89.367033,28259.139075,44446.031834,-221.762798,0.000000000,0.000000000,0.005523651,0.999984745,2,2,0,0,1,-1,310.701308961082,-161.969859104211,310.363868870532,-161.72081516626,39.7926366151947,0.419390865114163
975,36.0815492,140.0798405,0,64.417872,28260.147817,44446.046151,-221.767363,0.000000000,0.000000000,0.221396408,0.975183896,2,2,0,0,1,1,311.708911073914,-161.958727155002,311.37994110295,-161.754938400895,39.8591198638994,0.386976870235061
977,36.0815557,140.0798573,0,53.994195,28261.658657,44446.772207,-221.779126,0.000000000,0.000000000,0.309065173,0.951040861,2,2,0,0,1,-1,313.220314244441,-161.23515046509,312.906808716198,-160.799184076428,40.1842259036133,0.536984551251072
978,36.0815779,140.0798951,0,65.748840,28265.055335,44449.246333,-221.811459,0.000000000,0.000000000,0.210055078,0.977689554,2,2,0,0,1,-1,316.620971378764,-158.763857769075,316.390478137125,-158.824324376225,40.0146525301649,0.238292561825809
979,36.0815929,140.0799363,0,67.479804,28268.760824,44450.922548,-221.839583,0.000000000,0.000000000,0.195263176,0.980750882,2,2,0,0,1,-1,320.327507725958,-157.094065407437,319.961500274151,-156.92991705878,40.4395833154337,0.401131069782026
980,36.0816056,140.0799742,0,58.862268,28272.169906,44452.342612,-221.864606,0.000000000,0.000000000,0.268396407,0.963308553,2,2,0,0,1,-1,323.737161307192,-155.680307874451,323.814873281331,-155.301281307876,41.1214662674348,0.38691121603577
981,36.0816243,140.0800125,0,56.012932,28275.612867,44454.428536,-221.894438,0.000000000,0.000000000,0.292263781,0.956337745,2,2,0,0,1,-1,327.182800678627,-153.59863339602,327.291284295065,-153.143915521757,41.4554679777961,0.467479454318232
982,36.0816492,140.0800582,0,51.928081,28279.720119,44457.204527,-221.932039,0.000000000,0.000000000,0.326161509,0.945314059,2,2,0,0,1,-1,331.294177162381,-150.826778075305,330.527402835031,-150.687066288932,41.0687169777558,0.779398647891459
983,36.0816718,140.0800939,0,51.044578,28282.927499,44459.722439,-221.963854,0.000000000,0.000000000,0.333440131,0.942771276,2,2,0,0,1,-1,334.505908898791,-148.310957584034,333.885459076049,-148.44576885776,41.1102123201675,0.63492681630595
984,36.0816948,140.0801291,0,49.070770,28286.089699,44462.284591,-221.995780,0.000000000,0.000000000,0.349628840,0.936888293,2,2,0,0,1,-1,337.672658400646,-145.750609295134,336.754255804429,-145.649382020228,41.4115755824854,0.92396444191552
985,36.0817215,140.0801672,0,48.405637,28289.511773,44465.258121,-222.031738,0.000000000,0.000000000,0.355060976,0.934843144,2,2,0,0,1,-1,341.100304878259,-142.778378891023,340.19524795442,-143.517297360841,40.8914941324217,1.16838715348549
986,36.0817446,140.0801994,0,47.339069,28292.403726,44467.830507,-222.062545,0.000000000,0.000000000,0.363746581,0.931497947,2,2,0,0,1,-1,343.997160954889,-140.206898653704,343.204627375014,-140.638072275519,41.4152241075153,0.902230661958545
987,36.0817694,140.0802327,0,46.672546,28295.394144,44470.591838,-222.095111,0.000000000,0.000000000,0.369158465,0.929366466,2,2,0,0,1,-1,346.992977952652,-137.446175282199,346.420271734637,-138.16400940603,41.4485754263717,0.918301824830968
988,36.0817957,140.0802672,0,55.674848,28298.492106,44473.519951,-222.129324,0.000000000,0.000000000,0.295084026,0.955471307,2,2,0,0,1,-1,350.096752321017,-134.518472674134,349.285020926373,-135.274489781544,41.5267625168469,1.10926539824581
989,36.0818154,140.0803029,0,34.302859,28301.700514,44475.716094,-222.158908,0.000000000,0.000000000,0.467136345,0.884185294,2,2,0,0,1,-1,353.308484059983,-132.325478705981,352.634556019114,-132.939057948757,41.9681799414224,0.911404680388706
990,36.0818462,140.0803289,0,49.424883,28304.031271,44479.141068,-222.193201,0.000000000,0.000000000,0.346731985,0.937964248,2,2,0,0,1,-1,355.647560394896,-128.89683838903,355.097333453826,-129.708944786771,41.9516317952666,0.980951827528557
991,36.0818698,140.080363,0,50.864921,28307.094167,44481.769485,-222.225170,0.000000000,0.000000000,0.334917800,0.942247349,2,2,0,0,1,-1,358.715348975617,-126.269698406455,358.086774299307,-127.015455439737,42.2125564054464,0.975325420763947
992,36.081894,140.0803998,0,76.938223,28310.400033,44484.465255,-222.258689,0.000000000,0.000000000,0.113738838,0.993510683,2,2,0,0,1,-1,362.026041633161,-123.575766729416,361.257254271872,-124.455824178885,42.2936684896717,1.16856113286576
993,36.0819018,140.0804414,0,90.654880,28314.144107,44485.342712,-222.281430,0.000000000,0.000000000,-0.005714875,0.999983670,2,2,0,0,1,-1,365.768563770555,-122.707474701364,365.123894217293,-123.374167977174,42.9101954445274,0.927404311459755
994,36.0819014,140.0804847,0,95.248220,28318.044239,44485.310810,-222.298502,0.000000000,0.000000000,-0.045783350,0.998951393,2,2,0,0,1,-1,369.664025515662,-122.75200249741,369.164517336591,-123.19044959951,43.5973534085527,0.664638459839656
995,36.081898,140.0805305,0,85.127874,28322.170619,44484.946760,-222.314256,0.000000000,0.000000000,0.042504511,0.999096275,2,2,0,0,1,-1,373.78439844377,-123.130488766576,373.26985775728,-123.526039420907,44.0899743520339,0.64900881210912
996,36.0819011,140.0805755,0,90.955788,28326.222613,44485.303703,-222.334728,0.000000000,0.000000000,-0.008340727,0.999965216,2,2,0,0,1,-1,377.832799794033,-122.785398345039,377.301290707262,-123.074790726012,44.6088739444209,0.605185805753486
997,36.0819005,140.08062,0,96.891210,28330.230899,44485.249962,-222.352134,0.000000000,0.000000000,-0.060100911,0.998192306,2,2,0,0,1,-1,381.836218907185,-122.852190039504,381.352824406306,-123.261217156926,44.9494909626211,0.633224625442977
998,36.0818963,140.080663,0,107.522907,28334.105373,44484.796343,-222.366151,0.000000000,0.000000000,-0.152320958,0.988331081,2,2,0,0,1,-1,385.704691309003,-123.319731900763,385.345252111783,-123.679093373826,45.4743362800382,0.508268831250331
999,36.0818852,140.0807065,0,93.555007,28338.027359,44483.577266,-222.375025,0.000000000,0.000000000,-0.031018312,0.999518816,2,2,0,0,1,-1,389.618145947932,-124.555378248771,389.260090107274,-124.736710430583,46.1069430692399,0.401354388527648
1000,36.0818828,140.0807543,0,103.669742,28342.333519,44483.324760,-222.392371,0.000000000,0.000000000,-0.119008279,0.992893262,2,2,0,0,1,-1,393.918447827043,-124.822545026633,393.309968687288,-125.008783400964,46.4899695966884,0.636342357217924
1001,36.0818748,140.080795,0,103.158590,28346.002201,44482.448846,-222.402527,0.000000000,0.000000000,-0.114578167,0.993414236,2,2,0,0,1,-1,397.580001937124,-125.713100952312,397.288561013522,-125.660904860487,47.2504366503289,0.296078104479141
1002,36.0818666,140.0808384,0,84.871878,28349.914141,44481.551521,-222.413615,0.000000000,0.000000000,0.044736371,0.998998827,2,2,0,0,1,-1,401.484460129143,-126.625920777202,401.259402862292,-126.242374617914,48.0379335619646,0.444700381905122
1003,36.0818699,140.0808839,0,106.885990,28354.011097,44481.930812,-222.434460,0.000000000,0.000000000,-0.146825342,0.989162433,2,2,0,0,1,-1,405.577843716518,-126.258566457246,405.261177758557,-125.944042004571,48.3735702476109,0.446321588389087
1004,36.0818594,140.0809267,0,87.485490,28357.869823,44480.778116,-222.443531,0.000000000,0.000000000,0.021941478,0.999759257,2,2,0,0,1,-1,409.428323221956,-127.427421110788,409.202467286106,-126.821268986876,49.1351535165285,0.646862660139052
1005,36.0818611,140.0809746,0,64.852360,28362.183520,44480.980573,-222.464106,0.000000000,0.000000000,0.217697296,0.976016336,2,2,0,0,1,-1,413.737621547978,-127.238177976601,413.287290223485,-126.550093687283,49.5986160796062,0.822349251246549
1006,36.0818762,140.0810144,0,31.722940,28365.762844,44482.667519,-222.491809,0.000000000,0.000000000,0.486922861,0.873444977,2,2,0,0,1,-1,417.318207630748,-125.557253665753,417.012299923058,-124.782163740032,50.0655483208007,0.833273015631048
1007,36.0819081,140.0810388,0,8.336636,28367.949070,44486.214101,-222.526339,0.000000000,0.000000000,0.653839088,0.756633628,2,2,0,0,1,-1,419.513340807414,-122.00616190908,419.019015339944,-121.301970874932,50.0673497299162,0.860373570238016
1008,36.0819445,140.0810454,0,4.047611,28368.530449,44490.254850,-222.557200,0.000000000,0.000000000,0.681694435,0.731636998,2,2,0,0,1,-1,420.107106339332,-117.954132444311,419.785593048524,-117.32928794438,49.9909816372674,0.702710071978279
1009,36.0819662,140.0810473,0,19.714726,28368.693785,44492.663171,-222.574780,0.000000000,0.000000000,0.575613924,0.817721597,2,2,0,0,1,1,420.278038840867,-115.538499494343,419.897255657901,-114.902788719131,49.931040151506,0.741029029222141
1011,36.0819768,140.081052,0,9.334496,28369.113301,44493.840675,-222.584885,0.000000000,0.000000000,0.647225638,0.762298481,2,2,0,0,1,-1,420.700871871249,-114.358512891591,420.185905288812,-113.296040916919,50.3095244366062,1.18069355803705
1012,36.0820063,140.081058,0,323.614787,28369.643117,44497.115646,-222.610162,0.000000000,0.000000000,-0.892527629,-0.450992717,2,2,0,0,1,1,421.240658716588,-111.074587913571,420.93292714729,-109.82317144465,50.5201695338946,1.28869775255105
1014,36.0820097,140.0810549,0,6.918137,28369.362682,44497.492005,-222.611550,0.000000000,0.000000000,0.663154925,0.748482161,2,2,0,0,1,-1,420.961768847008,-110.696101644406,420.957218989278,-109.283630112663,50.7232355217751,1.41247885973148
1015,36.082047,140.0810605,0,5.438711,28369.853667,44501.632328,-222.642713,0.000000000,0.000000000,0.672762615,0.739858408,2,2,0,0,1,-1,421.465569904702,-106.543884638334,421.469339881156,-105.166355591528,50.6339922690817,1.37753420557008
1016,36.0820835,140.0810648,0,47.000424,28370.227851,44505.683508,-222.672736,0.000000000,0.000000000,0.366497784,0.930418924,2,2,0,0,1,-1,421.852417144884,-102.480723224355,421.846218337024,-101.134135238714,50.5368489214339,1.34660225318833
1017,36.0820939,140.0810786,0,91.998394,28371.467064,44506.841449,-222.686349,0.000000000,0.000000000,-0.017438394,0.999847940,2,2,0,0,1,-1,423.093926890184,-101.323000520022,423.151845235905,-99.9358419990265,50.7011593786015,1.38836713341315
1018,36.0820926,140.0811247,0,100.739589,28375.619702,44506.710521,-222.703885,0.000000000,0.000000000,-0.093583455,0.995611439,2,2,0,0,1,-1,427.241289164139,-101.467715858163,427.197391154069,-99.9965258740986,51.215613632865,1.47184476236399
1019,36.0820863,140.0811658,0,90.886107,28379.323793,44506.023363,-222.715536,0.000000000,0.000000000,-0.007732665,0.999970102,2,2,0,0,1,-1,430.938829061864,-102.169028649655,431.154186093521,-100.601930802803,51.8067011622207,1.58182625869373
1020,36.0820857,140.0812138,0,96.992139,28383.647311,44505.970658,-222.734384,0.000000000,0.000000000,-0.060980067,0.998138984,2,2,0,0,1,-1,435.257123837354,-102.235820344121,435.242523247632,-100.575687841402,52.3114362724272,1.66019670635823
1021,36.0820812,140.0812592,0,95.963035,28387.738052,44505.484469,-222.749165,0.000000000,0.000000000,-0.052013815,0.998646365,2,2,0,0,1,-1,439.341510977818,-102.736758053008,439.319097373444,-101.041271482005,52.8078422321574,1.69563471364288
1022,36.0820773,140.0813054,0,101.755515,28391.900632,44505.065088,-222.764736,0.000000000,0.000000000,-0.102406381,0.994742647,2,2,0,0,1,-1,443.497869696126,-103.170904066638,443.443865607882,-101.381654741429,53.3603938957151,1.79006412994325
1023,36.0820699,140.0813494,0,85.358662,28395.866321,44504.256723,-222.776712,0.000000000,0.000000000,0.040492241,0.999179853,2,2,0,0,1,-1,447.456306572167,-103.994668298643,447.413311133389,-102.113991186333,53.9100253782735,1.8811685220955
1024,36.0820728,140.0813936,0,94.000600,28399.846319,44504.591277,-222.796754,0.000000000,0.000000000,-0.034904730,0.999390644,2,2,0,0,1,-1,451.432736342029,-103.671841775525,451.405638325914,-101.604018305468,54.527269452758,2.06800101687495
1025,36.0820702,140.0814396,0,91.571551,28403.990419,44504.316088,-222.813261,0.000000000,0.000000000,-0.013713940,0.999905960,2,2,0,0,1,-1,455.571102166516,-103.961272451806,455.454219472416,-101.878810664822,54.9832185882682,2.08573935534365
1026,36.0820692,140.0814847,0,93.969065,28408.052882,44504.218173,-222.830648,0.000000000,0.000000000,-0.034629701,0.999400212,2,2,0,0,1,-1,459.628499966247,-104.072591942318,459.563812745419,-101.912087984002,55.5249976809955,2.16147213501342
1027,36.0820668,140.0815275,0,97.100525,28411.908691,44503.964254,-222.846025,0.000000000,0.000000000,-0.061924126,0.998080860,2,2,0,0,1,-1,463.478979471686,-104.33975872018,463.572696012939,-102.059657532121,56.1157377210227,2.28202634031591
1028,36.0820623,140.0815722,0,101.652516,28415.936386,44503.477876,-222.860543,0.000000000,0.000000000,-0.101512229,0.994834291,2,2,0,0,1,-1,467.50039147866,-104.840696429067,467.646980679494,-102.484394430037,56.6611951585289,2.36085736638952
1029,36.0820553,140.0816142,0,90.789417,28419.721796,44502.713326,-222.872038,0.000000000,0.000000000,-0.006888908,0.999976271,2,2,0,0,1,-1,471.278899406254,-105.619932864235,471.640631761458,-103.205661610694,57.2121204747473,2.44122018312016
1030,36.0820548,140.0816591,0,92.093009,28423.766066,44502.670839,-222.889742,0.000000000,0.000000000,-0.018263934,0.999833200,2,2,0,0,1,-1,475.318304309607,-105.675592609491,475.649095535835,-103.122312075386,57.7869852632809,2.57461925751871
1031,36.0820534,140.0817065,0,97.735891,28428.035832,44502.529215,-222.907758,0.000000000,0.000000000,-0.067457119,0.997722174,2,2,0,0,1,-1,479.582620398517,-105.831439896841,479.801774139159,-103.077668467816,58.4277417385994,2.76247813481846
1032,36.0820488,140.0817484,0,87.239968,28431.811372,44502.030939,-222.921080,0.000000000,0.000000000,0.024083494,0.999709951,2,2,0,0,1,-1,483.352131876644,-106.343509554937,483.762716657956,-103.64559612577,58.8545791979599,2.72897723221081
1033,36.0820506,140.0817946,0,90.643001,28435.971904,44502.244035,-222.941099,0.000000000,0.000000000,-0.005611213,0.999984257,2,2,0,0,1,-1,487.508490597509,-106.14313447154,487.809360388023,-103.528002648134,59.2023917685667,2.63238239711458
1034,36.0820502,140.0818387,0,86.067544,28439.944083,44502.212419,-222.958568,0.000000000,0.000000000,0.034310417,0.999411224,2,2,0,0,1,-1,491.47592392046,-106.187662267587,491.849543159815,-103.735336609244,59.5057111890692,2.48062340361929
1035,36.0820528,140.0818855,0,91.031615,28444.158368,44502.514458,-222.979454,0.000000000,0.000000000,-0.009002418,0.999959477,2,2,0,0,1,-1,495.686261325348,-105.898231591306,495.951035395265,-103.66296547049,59.7285890119489,2.25089314250359
1036,36.0820521,140.0819336,0,84.960012,28448.490931,44502.450717,-222.998309,0.000000000,0.000000000,0.043968014,0.999032939,2,2,0,0,1,-1,500.013552545192,-105.976155234981,500.015690694667,-104.164516572905,59.7343497250133,1.81163992382964
1037,36.0820554,140.0819799,0,93.314787,28452.659928,44502.830286,-223.019542,0.000000000,0.000000000,-0.028922940,0.999581644,2,2,0,0,1,-1,504.178907712968,-105.608800915025,504.065336587381,-104.104089381915,59.8630192550263,1.50899145075145
1038,36.0820532,140.0820269,0,86.866155,28456.893956,44502.599795,-223.036796,0.000000000,0.000000000,0.027344548,0.999626068,2,2,0,0,1,-1,508.407238011677,-105.853703795259,508.07640296252,-104.612556926831,60.0293303915229,1.28448331198247
1039,36.0820552,140.0820721,0,91.334594,28460.964346,44502.834804,-223.056583,0.000000000,0.000000000,-0.011646266,0.999932180,2,2,0,0,1,-1,512.47363225832,-105.631064813444,512.092123143736,-104.814707630142,60.0530317600174,0.901103909235982
1040,36.0820543,140.0821199,0,94.887986,28465.269960,44502.748793,-223.075174,0.000000000,0.000000000,-0.042642790,0.999090383,2,2,0,0,1,-1,516.773934134873,-105.731252355538,516.114453762081,-105.352661446561,60.0414491744739,0.76042451200578
1041,36.0820511,140.0821662,0,88.648419,28469.441300,44502.407148,-223.091379,0.000000000,0.000000000,0.011794496,0.999930443,2,2,0,0,1,-1,520.93928930265,-106.087474725493,520.073067877702,-105.940134870472,60.2387609678134,0.878662955812152
1042,36.082052,140.0822134,0,88.950913,28473.692224,44502.520690,-223.111128,0.000000000,0.000000000,0.009154883,0.999958093,2,2,0,0,1,-1,525.185612497738,-105.987287184191,524.173398077785,-106.227067310039,60.299337935832,1.04022715822736
1043,36.0820527,140.0822607,0,87.647936,28477.952227,44502.612072,-223.130765,0.000000000,0.000000000,0.020524189,0.999789357,2,2,0,0,1,-1,529.440932139737,-105.909363540516,528.230084046933,-106.517857940011,60.3672309420503,1.35514520921752
1044,36.0820543,140.0823089,0,86.866155,28482.292967,44502.803578,-223.151467,0.000000000,0.000000000,0.027344548,0.999626068,2,2,0,0,1,-1,533.777219806492,-105.731252355538,532.30279914227,-106.688152179022,60.4475901614268,1.75771828438655
1045,36.0820563,140.0823541,0,94.069247,28486.363356,44503.038599,-223.171270,0.000000000,0.000000000,-0.035503416,0.999369555,2,2,0,0,1,-1,537.843614053134,-105.508613373722,536.357241524513,-106.712829548283,60.6539839426385,1.9129662539924
1046,36.0820535,140.0824028,0,87.329593,28490.750718,44502.742043,-223.188768,0.000000000,0.000000000,0.023301588,0.999728481,2,2,0,0,1,-1,542.224883957,-105.820307947631,540.405160402567,-107.193655890421,60.9093757129527,2.27979788282292
1047,36.0820552,140.0824479,0,86.875353,28494.812208,44502.943752,-223.208303,0.000000000,0.000000000,0.027264310,0.999628260,2,2,0,0,1,-1,546.282281756731,-105.631064813444,544.445495692032,-107.497135273092,60.8754554240165,2.61839683925942
1048,36.0820573,140.0824955,0,96.230777,28499.098726,44503.190571,-223.229161,0.000000000,0.000000000,-0.054346998,0.998522110,2,2,0,0,1,-1,550.564590739463,-105.39729388321,548.567609497723,-107.684977371249,60.903295117266,3.03668072429577
1049,36.0820531,140.0825431,0,86.907770,28503.387518,44502.738361,-223.245139,0.000000000,0.000000000,0.026981523,0.999635932,2,2,0,0,1,-1,554.846899722196,-105.864835744469,552.604301745587,-108.413367067258,61.0827808351635,3.39473969369167
1050,36.0820552,140.0825912,0,87.048628,28507.719070,44502.985330,-223.266205,0.000000000,0.000000000,0.025752732,0.999668343,2,2,0,0,1,-1,559.174190944596,-105.631064813444,556.723347659731,-108.451943169167,61.25218174116,3.73684191594337
1051,36.0820571,140.0826368,0,86.312620,28511.825522,44503.209383,-223.286108,0.000000000,0.000000000,0.032172908,0.999482318,2,2,0,0,1,-1,563.276570978882,-105.419557780838,560.767439816809,-108.541385880085,61.4015219674071,4.00519036622869
1052,36.0820596,140.0826848,0,90.150507,28516.147922,44503.500709,-223.307450,0.000000000,0.000000000,-0.001313421,0.999999137,2,2,0,0,1,-1,567.594865751815,-105.141259053767,564.907542951712,-108.499557969879,61.6118767808515,4.30114815391313
1053,36.0820595,140.0827319,0,23.042704,28520.390200,44503.503288,-223.326414,0.000000000,0.000000000,0.551626189,0.834091450,2,2,0,0,1,-1,571.832192499992,-105.152391002976,568.990935715473,-108.263628564837,62.2971502648923,4.21337623313035
1054,36.0820918,140.0827489,0,11.526372,28521.909703,44507.092142,-223.358326,0.000000000,0.000000000,0.632527094,0.774538234,2,2,0,0,1,-1,573.36158856434,-101.556771450256,570.478972513086,-104.5498486582,62.5171785786958,4.15547668404728
1055,36.0821239,140.082757,0,7.589796,28522.627666,44510.656221,-223.386487,0.000000000,0.000000000,0.658756458,0.752356252,2,2,0,0,1,-1,574.090300807592,-97.9834157959549,571.228032268145,-100.538013600075,62.9776033777867,3.83647639543391
1056,36.0821518,140.0827616,0,8.302015,28523.031905,44513.753263,-223.409978,0.000000000,0.000000000,0.654067657,0.756436052,2,2,0,0,1,-1,574.504137391064,-94.8776020029125,571.389874410245,-96.5280168815424,63.8218930760829,3.52455716158834
1057,36.0821806,140.0827668,0,354.901918,28523.489860,44516.950341,-223.434411,0.000000000,0.000000000,-0.737855323,-0.674958905,2,2,0,0,1,-1,574.971952658558,-91.6716006677762,571.721465821803,-92.4352615920784,64.6822683474568,3.33898827239919
1058,36.0822114,140.0827634,0,0.666227,28523.172502,44520.366837,-223.456918,0.000000000,0.000000000,0.702983786,0.711205875,2,2,0,0,1,-1,574.666073445688,-88.2429603516156,571.862920718663,-88.3977805254268,65.279672279866,2.80742488719541
1059,36.0822531,140.082764,0,358.530327,28523.211481,44524.993927,-223.489499,0.000000000,0.000000000,-0.716117246,-0.697980007,2,2,0,0,1,1,574.72005212971,-83.600937585866,572.259160795343,-84.9411052480514,64.1158616236737,2.80214837621642
1060,36.0822594,140.0827638,0,355.894440,28523.191192,44525.692900,-223.494304,0.000000000,0.000000000,-0.731981638,-0.681324359,2,2,0,0,1,-1,574.702059233331,-82.8996247935826,572.322885523951,-84.3993510076864,63.9613520411779,2.8124093330587
1061,36.0822898,140.0827611,0,280.149715,28522.937027,44529.065216,-223.516789,0.000000000,0.000000000,-0.996079978,-0.088457206,2,2,0,0,1,-1,574.459155153952,-79.5155122734686,572.366403421243,-80.3249038724789,64.6201560145964,2.2438191939872
1062,36.0822932,140.0827376,0,254.854513,28520.819188,44529.435647,-223.509924,0.000000000,0.000000000,-0.991278345,0.131784839,2,2,0,0,1,-1,572.344990004597,-79.1370260050943,570.369460237574,-78.7559366948391,65.5707245116565,2.01195102395322
1063,36.0822925,140.0827344,0,254.702525,28520.531222,44529.357048,-223.508087,0.000000000,0.000000000,-0.991102680,0.133099500,2,2,0,0,1,-1,572.057103685549,-79.2149496479782,570.261140338183,-78.7384386202857,65.6627943587055,1.8581030931027
1064,36.0822883,140.0827154,0,192.692832,28518.821436,44528.885511,-223.497147,0.000000000,0.000000000,-0.780936668,0.624610215,2,2,0,0,1,-1,570.347778670198,-79.6824915092369,568.907616663408,-79.1580918299835,65.5832131643041,1.53266487837427
1065,36.0822822,140.0827137,0,113.318945,28518.670522,44528.208178,-223.491729,0.000000000,0.000000000,-0.202094603,0.979366005,2,2,0,0,1,-1,570.194839065042,-80.3615404031016,568.993903900084,-79.7901469142721,65.6629376831432,1.32993826530016
1066,36.0822683,140.0827536,0,158.160368,28522.269278,44526.677457,-223.497081,0.000000000,0.000000000,-0.560352573,0.828254185,2,2,0,0,1,-1,573.784421594723,-81.9088813258091,572.364305247437,-81.6527310774404,65.7393662360408,1.44303270564681
1067,36.0822439,140.0827657,0,195.279533,28523.367921,44523.973614,-223.483051,0.000000000,0.000000000,-0.794835982,0.606824325,2,2,0,0,1,-1,574.872991734867,-84.6250769004768,572.562781331145,-85.6987780274642,64.4342301032614,2.54752943448328
1068,36.0822226,140.0827585,0,188.458120,28522.727120,44521.608135,-223.463622,0.000000000,0.000000000,-0.757326368,0.653036578,2,2,0,0,1,-1,574.225247518927,-86.9961820543984,571.9547225274,-89.70671423698,62.7885761934194,3.53585469864884
1069,36.0821976,140.0827539,0,216.489731,28522.321834,44518.832868,-223.442376,0.000000000,0.000000000,-0.892938605,0.450178463,2,2,0,0,1,-1,573.811410938012,-89.7791693243227,571.632749164598,-93.7521781118879,61.5588310464074,4.53115503475741
1070,36.0821917,140.0827485,0,176.124074,28521.837594,44518.176653,-223.435618,0.000000000,0.000000000,-0.682789833,0.730614839,2,2,0,0,1,1,573.32560277414,-90.4359543205595,571.446810126314,-95.0199956810371,60.9731419954246,4.95411919599147
1071,36.082175,140.0827499,0,183.732330,28521.969722,44516.324074,-223.423235,0.000000000,0.000000000,-0.729758654,0.683704839,2,2,0,0,1,-1,573.451553038563,-92.2949898163848,570.877821147462,-97.7597692971,60.0171994144199,6.04052237973823
1072,36.0821304,140.0827463,0,149.737834,28521.661583,44511.374336,-223.387200,0.000000000,0.000000000,-0.498017374,0.867167051,2,2,0,0,1,-1,573.127680931872,-97.2598391060435,570.597869779645,-101.769997212922,61.0044996577906,5.17121558388073
1073,36.0820466,140.0828068,0,188.862994,28527.141013,44502.093688,-223.346703,0.000000000,0.000000000,-0.759628940,0.650356728,2,2,0,0,1,1,578.570531635149,-106.58841243438,570.603873934874,-101.887555885717,69.9841568858496,9.25017227971806
1075,36.0819984,140.0827975,0,303.233809,28526.320785,44496.742849,-223.305583,0.000000000,0.000000000,-0.958238243,-0.285971098,2,2,0,0,1,-1,577.733862023852,-111.954011890832,569.924739741639,-105.828376794241,71.359125991222,9.92500862242211
1076,36.0820235,140.0827501,0,294.973588,28522.042454,44499.514112,-223.305869,0.000000000,0.000000000,-0.976345868,-0.216214584,2,2,0,0,1,-1,573.469545934942,-109.159892671698,568.27563797019,-108.354661378878,65.9551984831414,5.25595637170316
1077,36.0820302,140.0827323,0,293.818359,28520.436809,44500.252357,-223.303865,0.000000000,0.000000000,-0.978475936,-0.206360952,2,2,0,0,1,-1,571.868178290193,-108.414052083368,566.784509295336,-108.621064403753,64.7854955997544,5.08788212816046
1078,36.0820368,140.0827138,0,276.926694,28518.768152,44500.979304,-223.301501,0.000000000,0.000000000,-0.998173648,-0.060410005,2,2,0,0,1,-1,570.203835511953,-107.679343444247,565.495913442542,-108.273821454056,64.2707527725094,4.74530655656666
1079,36.0820395,140.0826863,0,302.543319,28516.290284,44501.270905,-223.292476,0.000000000,0.000000000,-0.959944002,-0.280191921,2,2,0,0,1,-1,567.729812465706,-107.378780818757,563.268482395714,-108.491864306654,63.5209701645124,4.59808882520142
1080,36.0820477,140.0826704,0,284.505508,28514.855228,44502.176138,-223.292404,0.000000000,0.000000000,-0.991998883,-0.126246651,2,2,0,0,1,-1,566.299377319935,-106.465960994659,561.738193509057,-108.239262879317,62.6798174420074,4.89377127895743
1081,36.0820523,140.0826484,0,294.993384,28512.872053,44502.680155,-223.287076,0.000000000,0.000000000,-0.976308502,-0.216383247,2,2,0,0,1,-1,564.320158881915,-105.953891336562,559.73866694392,-108.329125171487,61.8539567052482,5.16060114216152
1082,36.0820604,140.0826269,0,278.691977,28510.932649,44503.572668,-223.284665,0.000000000,0.000000000,-0.997124631,-0.075779094,2,2,0,0,1,-1,562.385922681006,-105.052203461673,557.942603138096,-108.075835964469,61.0106207579192,5.37451784557115
1083,36.0820636,140.082601,0,290.993674,28508.598712,44503.920215,-223.276677,0.000000000,0.000000000,-0.983264966,-0.182181245,2,2,0,0,1,-1,560.055842793004,-104.695981090927,555.602730589131,-108.152564201122,60.3158003406384,5.637213416039
1084,36.0820685,140.0825852,0,270.817975,28507.173856,44504.459320,-223.274090,0.000000000,0.000000000,-0.999974523,-0.007138118,2,2,0,0,1,-1,558.634404096701,-104.150515585993,554.062082533749,-107.948246086554,59.7909175398399,5.94381034605957
1085,36.0820688,140.0825592,0,290.856556,28504.831959,44504.485062,-223.263815,0.000000000,0.000000000,-0.983482257,-0.181004559,2,2,0,0,1,-1,556.295327761789,-104.117119738365,551.690592703143,-108.125207465217,59.3144267261008,6.10478109242816
1086,36.0820797,140.0825238,0,271.648279,28501.639589,44505.684224,-223.257960,0.000000000,0.000000000,-0.999896553,-0.014383452,2,2,0,0,1,-1,553.110585366112,-102.903737288776,548.744531387001,-107.228083519093,58.6713885337816,6.14511168882721
1087,36.0820801,140.0825066,0,278.599826,28500.090262,44505.723616,-223.251320,0.000000000,0.000000000,-0.997185247,-0.074977213,2,2,0,0,1,-1,551.563196405385,-102.859209492729,547.067924784491,-107.392946020311,58.2670293383767,6.38453082435494
1088,36.0820834,140.0824796,0,273.426337,28497.657214,44506.081942,-223.242969,0.000000000,0.000000000,-0.999553015,-0.029895976,2,2,0,0,1,-1,549.134155596249,-102.491855172773,544.795670912911,-107.103207071414,57.941137966192,6.33143077674059
1089,36.0820846,140.0824548,0,281.054761,28495.423075,44506.207896,-223.233881,0.000000000,0.000000000,-0.995350282,-0.096321421,2,2,0,0,1,-1,546.903036629382,-102.358271783842,542.572603309506,-107.082947020819,57.5783999818699,6.4089943698515
1090,36.0820897,140.0824225,0,275.887143,28492.512013,44506.764408,-223.224787,0.000000000,0.000000000,-0.998680594,-0.051352418,2,2,0,0,1,-1,543.997184105842,-101.790542381281,539.695874758873,-106.234421647287,57.5244457980142,6.18460387002769
1091,36.0820905,140.0824129,0,275.986207,28491.647064,44506.850390,-223.221529,0.000000000,0.000000000,-0.998635827,-0.052215754,2,2,0,0,1,-1,543.133525148698,-101.701486788396,538.935733191436,-106.126673343544,57.4637471416291,6.09948631970926
1092,36.0820915,140.0824011,0,264.038880,28490.583891,44506.957924,-223.217538,0.000000000,0.000000000,-0.998647234,0.051997126,2,2,0,0,1,-1,542.071944351844,-101.590167297884,537.797171828354,-106.103828477721,57.2413484011511,6.21665644651121
1093,36.0820895,140.0823774,0,285.181666,28488.449983,44506.729136,-223.206415,0.000000000,0.000000000,-0.991236688,-0.132097800,2,2,0,0,1,-1,539.93978630611,-101.8128062797,535.837449436035,-106.251667832507,57.111037044893,6.04422531682685
1094,36.0820945,140.0823546,0,265.144711,28486.394611,44507.277310,-223.201083,0.000000000,0.000000000,-0.999102509,0.042357713,2,2,0,0,1,-1,537.888596290246,-101.256208825557,533.633080735745,-105.797264340744,56.7426214342008,6.22339118380035
1095,36.0820915,140.0823109,0,289.597366,28482.459688,44506.931767,-223.181111,0.000000000,0.000000000,-0.985411811,-0.170186849,2,2,0,0,1,-1,533.957148754938,-101.590167297884,529.797544446106,-106.105336518492,56.3493070809893,6.13914172313815
1096,36.0820976,140.0822897,0,276.471092,28480.548030,44507.602459,-223.177280,0.000000000,0.000000000,-0.998405941,-0.056440922,2,2,0,0,1,-1,532.049901897319,-100.91111840402,527.821346835866,-105.403253995321,56.1340445193268,6.16927549055621
1097,36.0820998,140.0822657,0,281.942844,28478.385586,44507.839607,-223.169295,0.000000000,0.000000000,-0.994573908,-0.104032402,2,2,0,0,1,-1,529.890754510853,-100.666215523785,525.51877491249,-105.333291682635,55.688753732089,6.3949828366465
1098,36.0821018,140.082254,0,267.592359,28477.331060,44508.058129,-223.166122,0.000000000,0.000000000,-0.999779285,0.021009086,2,2,0,0,1,-1,528.838170160909,-100.443576542761,524.613065092526,-105.242069719182,55.4657353882646,6.39351621590435
1099,36.0821011,140.0822334,0,275.887144,28475.475896,44507.974487,-223.157263,0.000000000,0.000000000,-0.998680594,-0.051352426,2,2,0,0,1,-1,526.984901987312,-100.521500186436,522.681549065605,-105.311497856041,55.2520505006161,6.43917106804839
1100,36.0821021,140.0822214,0,264.112867,28474.394710,44508.081966,-223.153194,0.000000000,0.000000000,-0.998680599,0.051352330,2,2,0,0,1,-1,525.905328291522,-100.410180695133,521.528346408592,-105.196428206418,55.1187587501164,6.48584116694109
1101,36.0820998,140.0821938,0,282.454180,28471.909641,44507.818764,-223.140270,0.000000000,0.000000000,-0.994099790,-0.108469388,2,2,0,0,1,-1,523.422308798365,-100.666215523785,518.98645880043,-105.574818630617,54.7121499359001,6.61597684885385
1102,36.0821076,140.0821501,0,269.001581,28467.970824,44508.671565,-223.128679,0.000000000,0.000000000,-0.999962043,0.008712739,2,2,0,0,1,-1,519.490861265614,-99.7979234957335,515.071588050642,-104.91708142655,54.0533843965806,6.76282142816244
1103,36.0821073,140.0821288,0,281.497193,28466.052468,44508.632105,-223.119850,0.000000000,0.000000000,-0.994970972,-0.100163689,2,2,0,0,1,-1,517.574617958527,-99.8313193433618,513.216084422665,-105.16104494726,53.6433291252731,6.8849683801803
1104,36.0821085,140.0821215,0,272.108077,28465.394533,44508.763139,-223.117835,0.000000000,0.000000000,-0.999830790,-0.018395405,2,2,0,0,1,-1,516.917877295676,-99.6977359544307,512.591848943569,-105.248480914843,53.3568084712834,7.03742075754889
1105,36.0821098,140.0820778,0,285.138826,28461.458060,44508.894721,-223.101208,0.000000000,0.000000000,-0.991286003,-0.131727217,2,2,0,0,1,-1,512.986429762925,-99.5530206162902,508.56745208554,-105.376398761374,52.627318528384,7.31020497208304
1106,36.0821166,140.0820467,0,268.874827,28458.654471,44509.640219,-223.093932,0.000000000,0.000000000,-0.999951794,0.009818829,2,2,0,0,1,-1,510.18853460743,-98.7960480787506,505.750819000163,-104.737490360412,52.1816916584552,7.4157977451716
1107,36.0821163,140.0820278,0,283.384813,28456.952280,44509.601457,-223.086075,0.000000000,0.000000000,-0.993186103,-0.116539110,2,2,0,0,1,-1,508.48820603899,-98.8294439263789,504.007502750539,-104.914635766412,51.8417855360579,7.55686851077498
1108,36.0821203,140.082007,0,258.675419,28455.077408,44510.039260,-223.080785,0.000000000,0.000000000,-0.995120722,0.098664828,2,2,0,0,1,-1,506.616944971571,-98.384165962748,502.174021695016,-104.569724538492,51.533391527521,7.61581920316637
1109,36.0821175,140.0819897,0,292.413830,28453.520228,44509.723569,-223.071635,0.000000000,0.000000000,-0.980931706,-0.194352741,2,2,0,0,1,-1,505.060559561376,-98.6958605374478,500.528024316848,-104.693411180035,51.5305400922809,7.51761195149679
1110,36.0821225,140.0819747,0,273.035534,28452.167395,44510.274010,-223.069461,0.000000000,0.000000000,-0.999649160,-0.026486933,2,2,0,0,1,-1,503.711092445474,-98.1392630833048,499.195565704998,-104.635478258264,50.8842153284406,7.91143434171906
1111,36.0821231,140.0819607,0,279.281499,28450.906216,44510.336529,-223.064279,0.000000000,0.000000000,-0.996721588,-0.080907826,2,2,0,0,1,-1,502.451589803795,-98.0724713888392,498.014091089098,-104.544570217131,50.7804677760278,7.84725799793208
1112,36.0821259,140.0819395,0,277.828201,28448.995750,44510.641070,-223.057899,0.000000000,0.000000000,-0.997667510,-0.068260819,2,2,0,0,1,-1,500.544342946176,-97.7607768141395,495.887684901364,-104.374533334839,50.3799735558944,8.08864880319357
1113,36.0821308,140.0818954,0,275.123648,28445.021954,44511.171989,-223.043913,0.000000000,0.000000000,-0.999000573,-0.044697367,2,2,0,0,1,-1,496.576909623224,-97.2153113092059,491.79224955497,-104.155922477292,49.5803935719963,8.430009214426
1114,36.0821313,140.0818885,0,285.407860,28444.400299,44511.225470,-223.041518,0.000000000,0.000000000,-0.990974007,-0.134054158,2,2,0,0,1,-1,495.956154748017,-97.1596515639497,491.176510935227,-104.119077630455,49.4922439998072,8.44266582024264
1115,36.0821362,140.0818665,0,274.162980,28442.417022,44511.762790,-223.036446,0.000000000,0.000000000,-0.999340180,-0.036320863,2,2,0,0,1,-1,493.976936309997,-96.6141860590161,489.139782235126,-103.60351277667,49.2212094805983,8.49992632380752
1116,36.0821369,140.0818546,0,259.850319,28441.344952,44511.837014,-223.032190,0.000000000,0.000000000,-0.996080004,0.088456911,2,2,0,0,1,-1,492.906359063675,-96.5362624153412,488.187663379109,-103.545674908905,49.1024428898063,8.44973091100928
1117,36.0821335,140.0818311,0,252.683819,28439.229562,44511.452956,-223.020079,0.000000000,0.000000000,-0.988604263,0.150537737,2,2,0,0,1,-1,490.79219391432,-96.9147486845065,486.316413018557,-103.339198972852,49.4916311667577,7.82982606028353
1118,36.0821303,140.0818184,0,252.683819,28438.086841,44511.094216,-223.012478,0.000000000,0.000000000,-0.988604263,0.150537737,2,2,0,0,1,-1,489.649645090153,-97.2709710552529,485.52361647561,-103.342048972749,49.784848643398,7.34044271201234
1119,36.0821303,140.0818184,0,252.683819,28438.086841,44511.094216,-223.012478,0.000000000,0.000000000,-0.988604263,0.150537737,2,2,0,0,1,-1,489.649645090153,-97.2709710552529,485.393602350383,-103.335327300568,49.7653740557674,7.40879993472905
1120,36.0821303,140.0818184,0,258.713548,28438.086841,44511.094216,-223.012478,0.000000000,0.000000000,-0.995153497,0.098333707,2,2,0,0,1,-1,489.649645090153,-97.2709710552529,485.384065599056,-103.326238710281,49.7723823538338,7.40685052967186
1121,36.0821298,140.0818153,0,262.049389,28437.807808,44511.037840,-223.010841,0.000000000,0.000000000,-0.997594023,0.069326517,2,2,0,0,1,-1,489.370755218016,-97.326630800509,485.259380927217,-103.311050443526,49.8423026967255,7.26062511239691
1122,36.0821241,140.0817648,0,268.445672,28433.261389,44510.390765,-222.986064,0.000000000,0.000000000,-0.999908009,0.013563655,2,2,0,0,1,-1,484.827549259526,-97.961151897536,481.266647680104,-103.027180230539,50.3560177502533,6.19230676962331
1123,36.0821231,140.0817192,0,241.612680,28429.154614,44510.266610,-222.966909,0.000000000,0.000000000,-0.969472488,0.245200111,2,2,0,0,1,-1,480.725169222683,-98.0724713888392,477.249045410888,-103.013500808719,50.03858187861,6.04129195479245
1124,36.0821086,140.081686,0,241.612680,28426.169551,44508.648122,-222.942287,0.000000000,0.000000000,-0.969472488,0.245200111,2,2,0,0,1,-1,477.738348671831,-99.6866040052213,474.743558362316,-103.344427710851,51.0914293321803,4.72741401396525
1125,36.0821086,140.081686,0,257.262073,28426.169551,44508.648122,-222.942287,0.000000000,0.000000000,-0.993828155,0.110930603,2,2,0,0,1,-1,477.738348671831,-99.6866040052213,474.536865444404,-103.33473873696,51.0552834583788,4.85369775289072
1126,36.0820991,140.081634,0,258.277092,28421.489395,44507.578982,-222.913969,0.000000000,0.000000000,-0.994771746,0.102123323,2,2,0,0,1,-1,473.06019599945,-100.74413916746,470.51878550464,-103.170366456254,51.8911445075833,3.51359447859541
1127,36.0820964,140.0816179,0,275.419102,28420.040259,44507.274739,-222.905389,0.000000000,0.000000000,-0.998882009,-0.047272961,2,2,0,0,1,-1,471.611767962413,-101.044701792951,469.065300385867,-103.21091887435,51.9871724188123,3.34320109508009
1128,36.0820987,140.0815879,0,259.007109,28417.337368,44507.521261,-222.895085,0.000000000,0.000000000,-0.995402143,0.095784000,2,2,0,0,1,-1,468.912833728052,-100.788666964298,466.664616007814,-102.448861752501,52.2419572660698,2.7947682645202
1129,36.0820914,140.0815414,0,261.112678,28413.151796,44506.697822,-222.870694,0.000000000,0.000000000,-0.996994001,0.077478788,2,2,0,0,1,-1,464.729485666454,-101.601299247094,462.621133124424,-102.606375072915,52.461226277546,2.3356643288658
1130,36.0820868,140.081505,0,272.891233,28409.874948,44506.176891,-222.852467,0.000000000,0.000000000,-0.999681721,-0.025228091,2,2,0,0,1,-1,461.454778796554,-102.113368904399,459.607760533575,-102.840619956087,52.4389539412646,1.98503666363075
1131,36.082087,140.0815001,0,270.000002,28409.433539,44506.197665,-222.850648,0.000000000,0.000000000,-1.000000000,-0.000000017,2,2,0,0,1,-1,461.01395287235,-102.09110500598,459.173208982362,-102.745020210492,52.4620264576178,1.9534439237457
1132,36.082087,140.0814923,0,281.329768,28408.731002,44506.195410,-222.847507,0.000000000,0.000000000,-0.995116255,-0.098709872,2,2,0,0,1,-1,460.312229972388,-102.09110500598,458.446547750377,-102.685089835284,52.4359403811416,1.95795508910953
1133,36.0820944,140.0814466,0,262.255155,28404.612197,44507.003278,-222.834839,0.000000000,0.000000000,-0.997716900,0.067535079,2,2,0,0,1,-1,456.200853488634,-101.267340774766,454.537337320771,-101.387685312283,52.4687786667158,1.66786355810375
1134,36.0820893,140.0814002,0,261.422473,28400.434839,44506.423979,-222.812202,0.000000000,0.000000000,-0.997199819,0.074783163,2,2,0,0,1,-1,452.026501873946,-101.835070177328,450.508849520017,-101.693814762995,52.3053826145771,1.52421184861806
1135,36.0820834,140.0813518,0,263.083274,28396.077631,44505.755340,-222.788143,0.000000000,0.000000000,-0.998178899,0.060323176,2,2,0,0,1,-1,447.672221310813,-102.491855172773,446.51157172378,-102.026737008458,52.2387045789434,1.25037689144379
1136,36.0820829,140.0813467,0,277.879054,28395.618460,44505.698387,-222.785702,0.000000000,0.000000000,-0.997637119,-0.068703553,2,2,0,0,1,-1,447.21340249023,-102.54751491882,445.973498201252,-101.944603441582,52.3020646924694,1.37871856998233
1137,36.082088,140.0813011,0,268.582384,28391.509490,44506.251088,-222.771300,0.000000000,0.000000000,-0.999923480,0.012370718,2,2,0,0,1,-1,443.111022455944,-101.979785515468,442.086739768594,-101.317230683687,51.945946059289,1.21989094952073
1138,36.0820879,140.0812961,0,273.219129,28391.059182,44506.238547,-222.769210,0.000000000,0.000000000,-0.999605440,-0.028088505,2,2,0,0,1,-1,442.661200084829,-101.990917464677,441.571300603319,-101.21274259547,51.9911131509159,1.33919266980655
1139,36.0820886,140.0812807,0,269.091164,28389.671871,44506.311766,-222.763555,0.000000000,0.000000000,-0.999968549,0.007931007,2,2,0,0,1,-1,441.275747178726,-101.912993821002,440.249501857811,-101.034920021672,51.9482657438929,1.3506269121303
1140,36.0820885,140.0812729,0,273.240124,28388.969370,44506.298416,-222.760338,0.000000000,0.000000000,-0.999600277,-0.028271648,2,2,0,0,1,-1,440.574024276207,-101.924125770212,439.672018182832,-101.029353107867,51.9188036510498,1.2705247379589
1141,36.0820892,140.0812576,0,270.886124,28387.591066,44506.371665,-222.754723,0.000000000,0.000000000,-0.999970101,-0.007732814,2,2,0,0,1,-1,439.197567817015,-101.846202126537,438.219055526415,-100.942091988848,51.7533269121956,1.33225427149938
1142,36.0820893,140.0812496,0,274.083191,28386.870480,44506.380448,-222.751581,0.000000000,0.000000000,-0.999365227,-0.035625024,2,2,0,0,1,-1,438.477852023231,-101.835070177328,437.528231073957,-100.852351730423,51.756539528836,1.36657070552031
1143,36.0820896,140.0812444,0,269.079363,28386.402014,44506.412233,-222.749721,0.000000000,0.000000000,-0.999967727,0.008033987,2,2,0,0,1,-1,438.010036755737,-101.80167433049,437.082657665978,-100.818708020503,51.7098186632626,1.35138992992141
1144,36.0820895,140.0812367,0,277.897517,28385.708520,44506.398912,-222.746545,0.000000000,0.000000000,-0.997626037,-0.068864292,2,2,0,0,1,-1,437.317310302686,-101.8128062797,436.607669717926,-100.779389613217,51.7388295478104,1.2536106916036
1145,36.082092,140.0812144,0,270.932753,28383.699088,44506.669861,-222.739509,0.000000000,0.000000000,-0.999966872,-0.008139716,2,2,0,0,1,-1,435.311102521376,-101.534507552628,434.544972072013,-100.446879510503,51.5470874240278,1.3303723627083
1146,36.0820921,140.0812068,0,276.418058,28383.014529,44506.678761,-222.736528,0.000000000,0.000000000,-0.998431955,-0.055978844,2,2,0,0,1,-1,434.627372515236,-101.523375603419,433.939903261644,-100.336042144684,51.5878488443216,1.37199661692912
1147,36.0820937,140.0811892,0,263.896444,28381.428743,44506.851208,-222.730687,0.000000000,0.000000000,-0.998581831,0.053238393,2,2,0,0,1,-1,433.043997764308,-101.34526441765,432.348317343121,-100.272806457694,51.2950041528564,1.27833380785159
1148,36.0820909,140.0811568,0,290.578025,28378.511521,44506.531167,-222.715481,0.000000000,0.000000000,-0.983919308,-0.178613534,2,2,0,0,1,-1,430.129148793857,-101.65695899235,429.497598025204,-100.390087730456,51.1836468050254,1.41556319802329
1149,36.082098,140.0811334,0,270.708920,28376.401360,44507.312203,-222.711571,0.000000000,0.000000000,-0.999980864,-0.006186455,2,2,0,0,1,-1,428.023980091413,-100.866590607973,427.36545755115,-99.7135954440936,50.8143282411928,1.32779884921001
1150,36.0820981,140.0811234,0,279.343854,28375.500636,44507.320410,-222.707625,0.000000000,0.000000000,-0.996677414,-0.081450180,2,2,0,0,1,-1,427.124335346626,-100.855458658763,426.512560147372,-99.5759791532749,50.8486720577112,1.41821602705231
1151,36.0821006,140.0811046,0,270.000004,28373.806445,44507.592373,-222.702001,0.000000000,0.000000000,-1.000000000,-0.000000035,2,2,0,0,1,-1,425.433003227654,-100.577159931692,424.845280539217,-99.2138811165266,50.7416437070998,1.4845696637011
1152,36.0821006,140.0810902,0,231.672438,28372.509454,44507.588213,-222.696209,0.000000000,0.000000000,-0.944584072,0.328269602,2,2,0,0,1,-1,424.137514795774,-100.577159931692,423.811429774527,-99.185061483667,50.6963578121966,1.42977953897607
1153,36.0820937,140.0810794,0,182.704125,28371.539191,44506.819489,-222.686516,0.000000000,0.000000000,-0.723594626,0.690225193,2,2,0,0,1,-1,423.165898470585,-101.34526441765,422.722352634741,-99.8870339975552,50.6393578730443,1.5241944976233
1154,36.0820783,140.0810785,0,189.317253,28371.463661,44505.110488,-222.674215,0.000000000,0.000000000,-0.762201082,0.647340337,2,2,0,0,1,-1,423.084930443273,-103.059584576126,423.123956655713,-101.274357126391,51.1214812395166,1.78565396775111
1157,36.0820517,140.0810731,0,185.273374,28370.986846,44502.157466,-222.651424,0.000000000,0.000000000,-0.738886951,0.673829410,2,2,0,0,1,-1,422.599122281958,-106.020683031028,422.646550314679,-103.996518288131,51.37658163513,2.02472030776496
1158,36.0820158,140.081069,0,186.929181,28370.630461,44498.172917,-222.621949,0.000000000,0.000000000,-0.748546070,0.663082786,2,2,0,0,1,-1,422.230267935598,-110.017052750541,422.408504365316,-108.079449192263,51.3996511684831,1.94578410259959
1159,36.0819892,140.081065,0,261.066867,28370.279742,44495.220299,-222.599724,0.000000000,0.000000000,-0.996962947,0.077877357,2,2,0,0,1,-1,421.870410038706,-112.978151206234,422.107529631134,-110.92189926506,51.5741284693846,2.06987867922083
1160,36.0819853,140.0810343,0,310.774465,28367.516028,44494.778700,-222.584354,0.000000000,0.000000000,-0.937359640,-0.348363180,2,2,0,0,1,-1,419.108500673411,-113.412297219864,419.105939762533,-111.362688329302,51.2037634506,2.04961049044366
1161,36.0819876,140.081031,0,239.729673,28367.217974,44495.032948,-222.584810,0.000000000,0.000000000,-0.965312573,0.261096988,2,2,0,0,1,-1,418.811617907452,-113.156262391212,418.259726727871,-111.154393814133,50.9544534330999,2.07655042654702
1162,36.0819851,140.0810257,0,219.808861,28366.741507,44494.754025,-222.580741,0.000000000,0.000000000,-0.905601598,0.424129397,2,2,0,0,1,-1,418.334806193047,-113.434561118283,417.521512970782,-111.781863027517,50.4990496084617,1.84197091307238
1163,36.0819819,140.0810224,0,276.418044,28366.445429,44494.398009,-222.576934,0.000000000,0.000000000,-0.998431962,-0.055978722,2,2,0,0,1,-1,418.037923427089,-113.79078348903,417.8723527584,-111.760760515851,51.0287510311429,2.03676383460692
1164,36.081982,140.0810213,0,290.563070,28366.346317,44494.408787,-222.576569,0.000000000,0.000000000,-0.983942610,-0.178485124,2,2,0,0,1,-1,417.938962505955,-113.77965153982,417.880309094411,-111.732563617721,51.0662167362823,2.04792802204798
1165,36.0819944,140.0809804,0,286.275714,28362.658045,44495.772846,-222.569732,0.000000000,0.000000000,-0.989930344,-0.141555339,2,2,0,0,1,-1,414.259415499494,-112.399289853672,413.966281250474,-110.545098342537,50.3683517944534,1.87721971221062
1166,36.0819965,140.0809715,0,266.481688,28361.855678,44496.003287,-222.567781,0.000000000,0.000000000,-0.999528698,0.030698241,2,2,0,0,1,-1,413.458731678398,-112.165518923438,413.081620099429,-110.396233394195,50.1676423994799,1.80902858655749
1167,36.0819957,140.0809554,0,279.336138,28360.405856,44495.909873,-222.560688,0.000000000,0.000000000,-0.996682896,-0.081383069,2,2,0,0,1,-1,412.010303638805,-112.254574515531,411.478036327781,-110.399680863368,50.0462638616741,1.92975100757082
1168,36.0819976,140.0809411,0,259.221999,28359.117188,44496.116563,-222.556411,0.000000000,0.000000000,-0.995580013,0.093917186,2,2,0,0,1,-1,410.723811653836,-112.043067482926,410.285372660195,-110.10600605722,50.0051917232045,1.9860603510722
1169,36.0819942,140.080919,0,279.368316,28357.127886,44495.732928,-222.544891,0.000000000,0.000000000,-0.996660004,-0.081662940,2,2,0,0,1,-1,408.735596768905,-112.421553752091,408.555212986989,-110.365349659298,49.9884023002613,2.06410115546564
1170,36.0819958,140.080907,0,266.415059,28356.046485,44495.906996,-222.541307,0.000000000,0.000000000,-0.999510680,0.031279409,2,2,0,0,1,-1,407.656023075672,-112.243442566322,407.662737677708,-110.166207773111,49.9419577304354,2.07724564556187
1171,36.0819946,140.0808833,0,287.750496,28353.912283,44495.767006,-222.530850,0.000000000,0.000000000,-0.988026609,-0.154283569,2,2,0,0,1,-1,405.523865029938,-112.377025955253,405.287768574906,-110.567742640488,49.3822248691839,1.82462260458575
1172,36.0819998,140.0808632,0,257.478444,28352.100031,44496.338182,-222.526801,0.000000000,0.000000000,-0.994035842,0.109053866,2,2,0,0,1,-1,403.715579093453,-111.798164603482,403.158337853396,-109.967639010266,49.090252902144,1.91346328604438
1173,36.0819963,140.0808437,0,290.653580,28350.344944,44495.944204,-222.516251,0.000000000,0.000000000,-0.983801327,-0.179262234,2,2,0,0,1,-1,401.961271843547,-112.187782821066,401.362271296268,-110.511184175264,48.7488527067986,1.78038891109395
1174,36.0820009,140.0808286,0,250.879958,28348.983252,44496.450249,-222.513747,0.000000000,0.000000000,-0.986112162,0.166080712,2,2,0,0,1,-1,400.602808278177,-111.675713163761,400.127865844418,-109.90739801484,48.7100705484307,1.83098574032899
1175,36.0819944,140.0808054,0,284.186767,28346.895987,44495.722332,-222.499386,0.000000000,0.000000000,-0.992346205,-0.123486882,2,2,0,0,1,-1,398.515632472112,-112.399289853672,397.877409163231,-110.732837081794,48.3545631450361,1.7844869943208
1176,36.0819963,140.0807961,0,265.821732,28346.057665,44495.930467,-222.497121,0.000000000,0.000000000,-0.999335325,0.036454188,2,2,0,0,1,-1,397.678962858258,-112.187782821066,397.18849596627,-110.440615138819,48.3785071735283,1.81470457155601
1177,36.0819947,140.080769,0,276.579806,28343.617372,44495.745116,-222.484991,0.000000000,0.000000000,-0.998351945,-0.057388092,2,2,0,0,1,-1,395.240925602212,-112.365894006835,395.032347234158,-110.507002196929,48.3094006242237,1.87055705514519
1178,36.0819958,140.0807572,0,273.515210,28342.554164,44495.863764,-222.481102,0.000000000,0.000000000,-0.999529529,-0.030671183,2,2,0,0,1,-1,394.179344802801,-112.243442566322,394.022811848995,-110.404421534508,48.1868535330196,1.84567085935786
1179,36.0819965,140.0807431,0,274.822350,28341.283941,44495.937366,-222.475979,0.000000000,0.000000000,-0.999114644,-0.042070522,2,2,0,0,1,-1,392.910845714211,-112.165518923438,392.636296855413,-110.256859281235,48.0748508472179,1.92830461951501
1180,36.0819968,140.0807387,0,272.180342,28340.887530,44495.969383,-222.474444,0.000000000,0.000000000,-0.999818991,-0.019025925,2,2,0,0,1,-1,392.515002024561,-112.13212307581,392.152006851166,-110.154573101711,48.0685283225562,2.01058931559081
1181,36.081997,140.0807322,0,281.591909,28340.302011,44495.989699,-222.471987,0.000000000,0.000000000,-0.994887842,-0.100986051,2,2,0,0,1,-1,391.930232942111,-112.109859177391,391.404236024494,-110.108585776449,47.9761228430399,2.06924333577763
1182,36.0820032,140.0806948,0,275.887134,28336.931209,44496.666845,-222.461767,0.000000000,0.000000000,-0.998680598,-0.051352339,2,2,0,0,1,-1,388.565561597988,-111.419678335108,388.042058765828,-109.584842772553,47.4293844551621,1.90805575308872
1183,36.0820034,140.0806924,0,276.249025,28336.714972,44496.688344,-222.460958,0.000000000,0.000000000,-0.998513443,-0.054506006,2,2,0,0,1,-1,388.349646859342,-111.397414436689,387.834832194269,-109.551052622601,47.4186905280339,1.91679056964895
1184,36.0820044,140.0806811,0,264.890631,28335.696835,44496.796041,-222.457194,0.000000000,0.000000000,-0.999006135,0.044572884,2,2,0,0,1,-1,387.333048297042,-111.286094946177,386.993252972851,-109.412622544912,47.3839374688628,1.90403773613923
1185,36.0820013,140.0806382,0,264.637456,28331.833991,44496.439700,-222.437559,0.000000000,0.000000000,-0.998905219,0.046779946,2,2,0,0,1,-1,383.473572342135,-111.631185366923,382.990974169485,-109.968046867928,46.7265956302178,1.73174208907788
1186,36.0820002,140.0806237,0,277.085563,28330.528387,44496.313465,-222.430882,0.000000000,0.000000000,-0.998088937,-0.061793808,2,2,0,0,1,-1,382.169087463345,-111.753636807436,381.657082653922,-110.019127212118,46.6458173189001,1.80850005836863
1187,36.0820024,140.0806018,0,272.755825,28328.555089,44496.551255,-222.423792,0.000000000,0.000000000,-0.999710834,-0.024046792,2,2,0,0,1,-1,380.198865472235,-111.508733927201,379.664028749042,-109.622144375197,46.5600295217161,1.960936117829
1188,36.0820041,140.0805581,0,280.852125,28324.618468,44496.727281,-222.407560,0.000000000,0.000000000,-0.995519054,-0.094561161,2,2,0,0,1,-1,376.267417939484,-111.319490793014,375.706005274245,-109.812328579143,45.7552184275404,1.60832898363856
1189,36.0820096,140.0805226,0,267.192891,28321.419050,44497.327310,-222.397569,0.000000000,0.000000000,-0.999699972,0.024494197,2,2,0,0,1,-1,373.073679096896,-110.707233593615,372.375289952466,-109.123708463134,45.4166693753106,1.73069328187336
1190,36.0820079,140.0804797,0,274.422155,28317.555705,44497.126314,-222.379028,0.000000000,0.000000000,-0.999255476,-0.038581005,2,2,0,0,1,-1,369.21420314199,-110.896476727802,368.523331272061,-109.307476630582,45.0071344156633,1.73269306272803
1191,36.0820083,140.0804733,0,273.372071,28316.979120,44497.168852,-222.376768,0.000000000,0.000000000,-0.999567061,-0.029422624,2,2,0,0,1,-1,368.638430506451,-110.851948931755,368.066323488546,-109.30687726491,44.9389117978895,1.64759002656114
1192,36.082009,140.0804586,0,281.466608,28315.654857,44497.242285,-222.371410,0.000000000,0.000000000,-0.994997671,-0.099898123,2,2,0,0,1,-1,367.315952731282,-110.774025288081,366.694593924095,-109.171664045826,44.8304785401008,1.71861814198113
1193,36.082015,140.080422,0,264.307803,28312.356184,44497.897479,-222.361369,0.000000000,0.000000000,-0.998766511,0.049653364,2,2,0,0,1,-1,364.02325296756,-110.106108343425,363.394622497283,-108.540109699977,44.4134271686792,1.68746200533245
1194,36.0820121,140.080386,0,286.221648,28309.114744,44497.565327,-222.344672,0.000000000,0.000000000,-0.989997022,-0.141088259,2,2,0,0,1,-1,360.78453188786,-110.428934866543,360.326248780162,-108.869725929504,44.117834238022,1.62516335060324
1195,36.0820204,140.0803507,0,262.096416,28305.932337,44498.476100,-222.336939,0.000000000,0.000000000,-0.997622389,0.068917110,2,2,0,0,1,-1,357.608785939094,-109.504983093236,356.564313154105,-108.035708656445,43.4698726048773,1.80268987049574
1196,36.0820181,140.0803302,0,288.278974,28304.086750,44498.214991,-222.326930,0.000000000,0.000000000,-0.987304573,-0.158838534,2,2,0,0,1,-1,355.764514212408,-109.761017921888,355.193458943327,-108.175971878316,43.5368742424267,1.68477745728927
1197,36.0820244,140.0803066,0,274.288658,28301.958866,44498.907222,-222.322344,0.000000000,0.000000000,-0.999299744,-0.037416865,2,2,0,0,1,-1,353.641352616143,-109.059705129605,353.685040396649,-107.702568992808,43.2725227576295,1.3578391347888
1198,36.0820246,140.0803033,0,276.054108,28301.661567,44498.928463,-222.321175,0.000000000,0.000000000,-0.998604711,-0.052807485,2,2,0,0,1,-1,353.344469850184,-109.037441231977,353.2903987693,-107.684533533268,43.2024782585982,1.35398778540036
1199,36.0820249,140.0802998,0,262.360481,28301.346219,44498.960741,-222.320003,0.000000000,0.000000000,-0.997778553,0.066618007,2,2,0,0,1,-1,353.029594190403,-109.004045384349,352.77798193663,-107.644087486599,43.1075503819395,1.38303803631742
1200,36.0820209,140.0802629,0,264.153188,28298.024111,44498.506282,-222.302098,0.000000000,0.000000000,-0.998698606,0.051000924,2,2,0,0,1,-1,349.709905080835,-109.449323347979,348.73113950912,-108.282976807143,42.3377419754018,1.52261167002486
1201,36.0820197,140.0802484,0,277.344438,28296.718542,44498.368956,-222.295351,0.000000000,0.000000000,-0.997946791,-0.064048441,2,2,0,0,1,-1,348.405420202044,-109.58290673691,347.61704985095,-108.387149318941,42.289166305551,1.43225822152099
1202,36.0820212,140.080234,0,270.940183,28295.421013,44498.531244,-222.290737,0.000000000,0.000000000,-0.999966342,-0.008204552,2,2,0,0,1,-1,347.109931770165,-109.415927500351,346.258500808374,-108.132917095149,42.2044353415823,1.53982154243644
1203,36.0820217,140.0801963,0,285.865727,28292.025237,44498.575864,-222.276003,0.000000000,0.000000000,-0.990430465,-0.138012656,2,2,0,0,1,-1,343.718271082752,-109.360267755095,343.212669538406,-108.071848062467,41.9526107723109,1.38407305659694
1204,36.0820299,140.0801606,0,270.719717,28288.806841,44499.475432,-222.268041,0.000000000,0.000000000,-0.999980276,-0.006280674,2,2,0,0,1,-1,340.506539346342,-108.447447930997,339.807683690034,-107.267109282841,41.4073697797192,1.37171372840062
1205,36.0820301,140.0801409,0,278.792254,28287.032412,44499.491950,-222.260295,0.000000000,0.000000000,-0.997057936,-0.076651631,2,2,0,0,1,-1,338.734239200057,-108.425184032578,338.372876585983,-107.152871901003,41.4139880806384,1.32263415160879
1206,36.0820348,140.0801033,0,264.303982,28283.644140,44500.002622,-222.248861,0.000000000,0.000000000,-0.998764855,0.049686667,2,2,0,0,1,-1,335.351574959556,-107.901982426063,334.765529702366,-106.820399176244,40.7736086274035,1.23015095405485
1207,36.0820311,140.0800574,0,270.000002,28279.511304,44499.578865,-222.227590,0.000000000,0.000000000,-1.000000000,-0.000000017,2,2,0,0,1,-1,331.22220558198,-108.313864541275,330.726242999498,-107.139744922192,40.4559973039653,1.27457277671288
1208,36.0820311,140.0800501,0,280.490238,28278.853801,44499.576764,-222.224663,0.000000000,0.000000000,-0.995812719,-0.091416786,2,2,0,0,1,-1,330.565464919129,-108.313864541275,330.256421289334,-107.111483514936,40.4759028843223,1.24146208061922
1209,36.0820374,140.080008,0,280.249741,28275.059646,44500.263675,-222.212669,0.000000000,0.000000000,-0.996002385,-0.089326642,2,2,0,0,1,-1,326.777960544624,-107.612551749782,326.239284808601,-106.531993074177,39.8479115552759,1.20738502558415
1210,36.0820444,140.0799601,0,280.228827,28270.742842,44501.026589,-222.198896,0.000000000,0.000000000,-0.996018671,-0.089144861,2,2,0,0,1,-1,322.468662218602,-106.833315313824,322.252268273606,-105.722759592665,39.4954297576509,1.1314417126963
1211,36.0820451,140.0799553,0,261.960916,28270.310261,44501.102878,-222.197515,0.000000000,0.000000000,-0.997540200,0.070096711,2,2,0,0,1,-1,322.036832741309,-106.75539167094,321.649906482338,-105.628991819631,39.4009153509737,1.19100317166166
1212,36.0820405,140.079915,0,279.175566,28266.682133,44500.580877,-222.177798,0.000000000,0.000000000,-0.996795956,-0.079986382,2,2,0,0,1,-1,318.411264421428,-107.267461328245,317.93606087658,-106.212945625319,38.9272021590184,1.15664245847749
1213,36.0820458,140.0798744,0,257.478437,28263.023440,44501.157268,-222.165638,0.000000000,0.000000000,-0.994035835,0.109053927,2,2,0,0,1,-1,314.758706758257,-106.677468027265,314.402220583847,-105.559720365343,38.6130863493728,1.17321874698479
1214,36.0820423,140.0798549,0,284.496488,28261.268350,44500.763308,-222.155112,0.000000000,0.000000000,-0.992008817,-0.126168566,2,2,0,0,1,-1,313.004399505794,-107.067086244848,312.912421908072,-106.107825821305,38.3850215814822,0.963659918570826
1215,36.0820451,140.0798415,0,251.592240,28260.060425,44501.070133,-222.151914,0.000000000,0.000000000,-0.987125436,0.159948035,2,2,0,0,1,-1,311.798875548137,-106.75539167094,311.533204652092,-105.64676339704,38.3200550692704,1.14001652386916
1216,36.0820412,140.079827,0,234.157601,28258.755823,44500.633228,-222.143082,0.000000000,0.000000000,-0.951480616,0.307708688,2,2,0,0,1,-1,310.494390669347,-107.18953768457,310.071189678097,-106.214025092065,38.0133790283343,1.06335501932755
1217,36.0820196,140.07979,0,238.798683,28255.431003,44498.225908,-222.111517,0.000000000,0.000000000,-0.963159476,0.268930890,2,2,0,0,1,-1,307.165705115424,-109.59403868612,306.798574116863,-108.622499669944,37.7568273456091,1.03859194588455
1218,36.082001,140.079752,0,241.849990,28252.015040,44496.151174,-222.081880,0.000000000,0.000000000,-0.969978199,0.243191887,2,2,0,0,1,-1,303.747055084722,-111.664581214551,303.352259768821,-110.759717587335,37.3932835782138,0.987239345505997
1219,36.0819834,140.0797113,0,270.000000,28248.355531,44494.186622,-222.051939,0.000000000,0.000000000,-1.000000000,0.000000000,2,2,0,0,1,-1,300.08550097464,-113.62380425247,299.734579137318,-112.497517295747,37.2960776061973,1.17968997825446
1220,36.0819834,140.0797102,0,281.014351,28248.256456,44494.186305,-222.051499,0.000000000,0.000000000,-0.995384187,-0.095970411,2,2,0,0,1,-1,299.986540053506,-113.62380425247,299.635275973837,-112.520595014963,37.2640918164167,1.1577810999441
1221,36.0819848,140.0797013,0,246.335522,28247.454341,44494.339086,-222.049020,0.000000000,0.000000000,-0.978752169,0.205046805,2,2,0,0,1,-1,299.185856229853,-113.46795696512,298.787129362176,-112.419416053977,37.1037883280614,1.12179372317254
1223,36.0819831,140.0796965,0,266.979563,28247.022619,44494.149079,-222.045780,0.000000000,0.000000000,-0.999652641,0.026355233,2,2,0,0,1,-1,298.754026752559,-113.657200100099,298.410074874779,-112.36051397311,37.3147900769058,1.34152816077496
1224,36.0819811,140.0796496,0,270.000002,28242.799101,44493.913679,-222.025450,0.000000000,0.000000000,-1.000000000,-0.000000017,2,2,0,0,1,-1,294.534692900761,-113.879839081123,294.321815521001,-112.514280420419,36.9874315091267,1.38205182053217
1225,36.0819811,140.0796415,0,284.007493,28242.069543,44493.911350,-222.022207,0.000000000,0.000000000,-0.992538181,-0.121934245,2,2,0,0,1,-1,293.805980657509,-113.879839081123,293.72045852056,-112.531943349757,36.9440163801774,1.35060613745904
1226,36.0819836,140.0796291,0,283.689203,28240.951794,44494.185178,-222.019180,0.000000000,0.000000000,-0.992873037,-0.119176899,2,2,0,0,1,-1,292.690421176632,-113.601540354051,292.523620192913,-112.52177280886,36.5360479475864,1.09257517810826
1228,36.0819886,140.0796037,0,267.800891,28238.662256,44494.732662,-222.012886,0.000000000,0.000000000,-0.999815861,0.019189668,2,2,0,0,1,-1,290.405323525742,-113.044942900699,290.057990740677,-111.768854675382,36.3795666844677,1.32251322200374
1229,36.0819877,140.0795747,0,286.259989,28236.050579,44494.624464,-222.000579,0.000000000,0.000000000,-0.989949760,-0.141419493,2,2,0,0,1,-1,287.796353765604,-113.145130442002,287.416611048381,-111.913010302812,36.0521665346145,1.28931166468042
1230,36.0819943,140.0795467,0,271.677525,28233.526289,44495.348734,-221.994487,0.000000000,0.000000000,-0.999892849,-0.014638644,2,2,0,0,1,-1,285.277348479688,-112.410421802881,284.743021729603,-111.228994819774,35.647501651164,1.29663980822415
1231,36.0819951,140.0795129,0,287.093121,28230.481674,44495.427785,-221.981579,0.000000000,0.000000000,-0.988895422,-0.148613070,2,2,0,0,1,-1,282.236549244814,-112.321366209997,281.735014943372,-111.020164168051,35.4428880202108,1.39451188933213
1232,36.0820035,140.0794791,0,358.270741,28227.434342,44496.350113,-221.974562,0.000000000,0.000000000,-0.717696552,-0.696355986,2,2,0,0,1,-1,279.195750007382,-111.38628248748,278.913558953123,-110.048535851006,35.2034974877882,1.36718610821644
1233,36.0820383,140.0794778,0,90.000000,28227.304814,44500.211051,-222.001015,0.000000000,0.000000000,0.000000000,1.000000000,2,2,0,0,1,-1,279.078796192426,-107.512364207688,278.507358774723,-106.354003500714,34.7625604803636,1.29164246206611
1235,36.0820383,140.0794779,0,342.062710,28227.313821,44500.211080,-222.001055,0.000000000,0.000000000,-0.808695209,-0.588227897,2,2,0,0,1,-1,279.087792639337,-107.512364207688,278.40418536417,-106.073066265718,34.9801447781474,1.59339181384236
1236,36.082075,140.0794632,0,22.002999,28225.976691,44504.278987,-222.023621,0.000000000,0.000000000,0.559171206,0.829052207,2,2,0,0,1,-1,277.765314864168,-103.426938896082,277.323557021876,-102.182673648048,34.5984723807601,1.3203582842133
1237,36.0820754,140.0794634,0,6.996992,28225.994562,44504.323427,-222.024011,0.000000000,0.000000000,0.662639708,0.748938327,2,2,0,0,1,-1,277.78330775799,-103.382411099244,277.111150097544,-102.174106687385,34.4791057996963,1.38267692257278
1239,36.0821103,140.0794687,0,0.375440,28226.459452,44508.197358,-222.053187,0.000000000,0.000000000,0.704786274,0.709419699,2,2,0,0,1,-1,278.260119474952,-99.4973608710341,277.636173207025,-98.1578349886534,34.5324432810953,1.4777139556853
1240,36.0821473,140.079469,0,1.391404,28226.473248,44512.302862,-222.081993,0.000000000,0.000000000,0.698468971,0.715640341,2,2,0,0,1,-1,278.287108815684,-95.3785397117994,278.172719224494,-94.1234570875735,34.4968617511766,1.26028463935984
1241,36.0821839,140.0794701,0,2.735155,28226.559241,44516.364213,-222.110812,0.000000000,0.000000000,0.690029227,0.723781504,2,2,0,0,1,-1,278.386069736818,-91.3042463486113,277.880545973276,-90.0968649588084,34.1882312265592,1.30894006583502
1242,36.0822042,140.0794713,0,7.766038,28226.660067,44518.616989,-222.127033,0.000000000,0.000000000,0.657598554,0.753368530,2,2,0,0,1,-1,278.49402710742,-89.0444606852019,278.341148874278,-87.9091189679897,34.1789487081135,1.14558830694586
1243,36.0822202,140.079474,0,10.033183,28226.897534,44520.393081,-222.140521,0.000000000,0.000000000,0.642565754,0.766230547,2,2,0,0,1,-1,278.736931189356,-87.2633488322606,278.610216497669,-86.0946354177491,34.1877324302439,1.17556269860366
1244,36.0822572,140.0794821,0,356.243932,28227.613864,44524.500827,-222.172456,0.000000000,0.000000000,-0.729900270,-0.683553652,2,2,0,0,1,-1,279.465643432608,-83.1445276730258,279.029735238529,-82.0462128361561,33.9716441134112,1.18165622520003
1245,36.0822929,140.0794792,0,2.051414,28227.339904,44528.461167,-222.198984,0.000000000,0.000000000,0.694335553,0.719651402,2,2,0,0,1,-1,279.204746454293,-79.1704218519315,278.659417596278,-78.0203157256841,33.8433364487426,1.27284235670228
1246,36.082329,140.0794808,0,9.767996,28227.471110,44532.467183,-222.227625,0.000000000,0.000000000,0.644337238,0.764741475,2,2,0,0,1,-1,279.348689615096,-75.1517882339996,279.097000707486,-73.972496953748,33.8633174087498,1.20585041770991
1247,36.0823628,140.079488,0,10.759249,28228.107522,44536.219607,-222.256726,0.000000000,0.000000000,0.637697959,0.770286514,2,2,0,0,1,-1,279.996433831035,-71.3891894455113,279.825541045148,-69.8948454259971,34.1589314061004,1.50408390488238
1248,36.0823981,140.0794963,0,7.118114,28228.842472,44540.138782,-222.287432,0.000000000,0.000000000,0.661847718,0.749638311,2,2,0,0,1,-1,280.743138968109,-67.4596114204637,280.86046709612,-66.024937443054,34.1641730138945,1.43946354975702
1249,36.0824324,140.0795016,0,11.454464,28229.307573,44543.946139,-222.316165,0.000000000,0.000000000,0.633013004,0.774141161,2,2,0,0,1,-1,281.219950682514,-63.6413528859284,281.36277600755,-61.9087822261389,34.4160499701315,1.7384476306852
1250,36.0824671,140.0795103,0,7.057015,28230.078763,44547.798855,-222.346571,0.000000000,0.000000000,0.662247323,0.749285315,2,2,0,0,1,-1,282.002641609788,-59.7785665561373,282.391112426163,-57.9146424689474,34.603217624214,1.90397546674877
1251,36.0825017,140.0795156,0,0.366523,28230.543757,44551.639499,-222.375542,0.000000000,0.000000000,0.704841475,0.709364853,2,2,0,0,1,-1,282.47945332675,-55.9269121739737,283.131148244903,-53.9358186406543,34.7587366143988,2.095032153637
1252,36.0825396,140.0795159,0,5.033839,28230.557228,44555.844865,-222.405074,0.000000000,0.000000000,0.675372459,0.737476807,2,2,0,0,1,-1,282.506442667483,-51.7079034734361,283.304375505227,-49.9022087550831,34.5258017275046,1.97414037733847
1253,36.0825763,140.0795199,0,1.836857,28230.904381,44559.918145,-222.435159,0.000000000,0.000000000,0.695681784,0.718350093,2,2,0,0,1,-1,282.866300564375,-47.6224781610387,283.840721370121,-45.8864575117435,34.4546780269578,1.9907947160493
1254,36.0826141,140.0795214,0,4.993227,28231.025970,44564.112760,-222.465100,0.000000000,0.000000000,0.675633784,0.737237404,2,2,0,0,1,-1,283.001247278266,-43.4146014089196,284.215563368925,-41.8450288715462,34.2786810482661,1.98447008496175
1255,36.0826511,140.0795254,0,0.964588,28231.373015,44568.219327,-222.495423,0.000000000,0.000000000,0.701129645,0.713033815,2,2,0,0,1,-1,283.361105175159,-39.2957802496848,284.66264548181,-37.6563539113459,34.3269136445032,2.09325724378939
1256,36.0826895,140.0795262,0,7.631983,28231.431342,44572.480315,-222.525554,0.000000000,0.000000000,0.658479432,0.752598723,2,2,0,0,1,-1,283.43307675556,-35.0211118031002,284.907007339758,-33.5302181876393,34.1492580688123,2.09648160966333
1257,36.0827281,140.0795326,0,9.629692,28231.993978,44576.765104,-222.558086,0.000000000,0.000000000,0.645259758,0.763963249,2,2,0,0,1,-1,284.008849391098,-30.7241794588877,285.722654786507,-29.5904125280574,33.8398159214427,2.05488597902048
1258,36.0827643,140.0795402,0,4.935366,28232.665553,44580.783941,-222.589237,0.000000000,0.000000000,0.676005953,0.736896161,2,2,0,0,1,-1,284.692579397239,-26.6944138917464,286.384153833632,-25.5362143620944,33.8699903749849,2.05008541879231
1259,36.0828008,140.0795441,0,3.576231,28233.003769,44584.835001,-222.619142,0.000000000,0.000000000,0.684698297,0.728826620,2,2,0,0,1,-1,285.04344084722,-22.6312524777677,286.725343758308,-21.5112668648132,33.809936906757,2.02068433347505
1260,36.0828383,140.079547,0,6.300235,28233.251558,44588.996731,-222.649427,0.000000000,0.000000000,0.667181239,0.744895425,2,2,0,0,1,-1,285.304337822978,-18.4567715732769,286.791065722376,-17.3810483397404,33.7084954760773,1.83508591679465
1261,36.0828749,140.079552,0,4.213173,28233.688812,44593.059203,-222.679855,0.000000000,0.000000000,0.680636654,0.732621147,2,2,0,0,1,-1,285.75416019665,-14.3824782100888,287.403866484018,-13.4024824509044,33.6439463070841,1.91883363598868
1262,36.0829122,140.0795554,0,2.245427,28233.981707,44597.198886,-222.710190,0.000000000,0.000000000,0.693116129,0.720825937,2,2,0,0,1,-1,286.06003940952,-10.2302612040168,287.487555721241,-9.31844315709125,33.5391033989143,1.693875724759
1263,36.0829493,140.0795572,0,359.868826,28234.130564,44601.315917,-222.739732,0.000000000,0.000000000,-0.707915749,-0.706296887,2,2,0,0,1,-1,286.221975461587,-6.10030809557266,287.623202316808,-5.24047953582734,33.4705719949468,1.64400177978776
1264,36.0829846,140.0795571,0,346.874968,28234.108936,44605.232679,-222.767117,0.000000000,0.000000000,-0.783286923,-0.621660355,2,2,0,0,1,-1,286.212979014676,-2.17073007052508,287.496084834798,-1.22773778360483,33.515937917635,1.59235517357802
1265,36.0830203,140.0795468,0,319.451716,28233.168474,44609.190892,-222.790733,0.000000000,0.000000000,-0.908319499,-0.418277048,2,2,0,0,1,-1,285.286344929156,1.80337575136017,286.403784419138,2.7233273248709,33.3570550168489,1.44740523398792
1266,36.0830493,140.0795161,0,291.128283,28230.393027,44612.399829,-222.800980,0.000000000,0.000000000,-0.983050282,-0.183336146,2,2,0,0,1,-1,282.524435563862,5.03164098412424,283.694553322442,5.70557681302595,32.7948090768294,1.35032035844222
1267,36.0830592,140.0794844,0,268.868830,28227.534342,44613.489196,-222.795987,0.000000000,0.000000000,-0.999951279,0.009871160,2,2,0,0,1,-1,279.672561721787,6.13370394320091,280.556648089879,6.69026627008136,32.3334759667261,1.04468671378028
1268,36.0830589,140.0794656,0,295.712646,28225.841177,44613.450506,-222.788230,0.000000000,0.000000000,-0.974931096,-0.222506983,2,2,0,0,1,-1,277.981229602815,6.10030809557266,278.954460372562,6.7091640956436,32.1994296923378,1.14799118463781
1269,36.0830747,140.079425,0,324.752171,28222.178781,44615.191965,-222.784264,0.000000000,0.000000000,-0.888007389,-0.459829182,2,2,0,0,1,-1,274.328671939644,7.85915605009516,275.309093371795,8.39383425152807,31.7105353248806,1.11673943411616
1270,36.0830962,140.0794062,0,267.684395,28220.477825,44617.572145,-222.793451,0.000000000,0.000000000,-0.999795836,0.020206090,2,2,0,0,1,-1,272.637339820671,10.2525251024356,273.328711915492,10.6774096957807,31.3965325581564,0.811493863907398
1271,36.0830957,140.0793909,0,280.874256,28219.099969,44617.512271,-222.786941,0.000000000,0.000000000,-0.995500773,-0.094753423,2,2,0,0,1,-1,271.260883361479,10.1968653571795,272.129492595632,10.6463267827234,31.272626028966,0.978006940009963
1272,36.0830991,140.079369,0,273.943425,28217.126272,44617.883235,-222.780823,0.000000000,0.000000000,-0.999407935,-0.034406083,2,2,0,0,1,-1,269.29066137037,10.5753516255539,270.254363531191,10.8662300640546,30.895639090047,1.00664398908196
1273,36.0831011,140.0793331,0,288.450633,28213.892129,44618.094837,-222.768017,0.000000000,0.000000000,-0.987065524,-0.160317344,2,2,0,0,1,-1,266.060936737581,10.7979906073693,266.909622620113,11.1545322981263,30.5898214577406,0.92053772571079
1274,36.0831114,140.0792949,0,262.718648,28210.447865,44619.226726,-222.760743,0.000000000,0.000000000,-0.997981900,0.063499033,2,2,0,0,1,-1,262.624293815614,11.9445813624926,263.334667939858,12.1049330088183,30.0007954713945,0.728247242956856
1275,36.0831095,140.0792765,0,285.914652,28208.791299,44619.010623,-222.751908,0.000000000,0.000000000,-0.990371450,-0.138435509,2,2,0,0,1,-1,260.968947484285,11.7330743298866,261.717950373012,12.1356082713085,30.0559516193071,0.850316941685916
1276,36.0831148,140.0792535,0,261.030300,28206.717850,44619.592092,-222.746830,0.000000000,0.000000000,-0.996938045,0.078195491,2,2,0,0,1,-1,258.899764572042,12.323067630867,259.828879230757,12.2344691840176,29.3386680502721,0.933329381206085
1277,36.0831092,140.0792096,0,268.167105,28202.765881,44618.958126,-222.724924,0.000000000,0.000000000,-0.999872082,0.015994344,2,2,0,0,1,-1,254.950324142913,11.6996784822584,255.693732688542,11.7709748830841,29.0420145636505,0.7468195514886
1278,36.0831089,140.079198,0,280.393808,28201.721203,44618.921509,-222.720053,0.000000000,0.000000000,-0.995889295,-0.090578767,2,2,0,0,1,-1,253.90673623988,11.6662826354211,254.659070378279,11.7949869098435,28.9812691438104,0.763263680555143
1279,36.0831152,140.0791555,0,264.651734,28197.891079,44619.608339,-222.707958,0.000000000,0.000000000,-0.998911040,0.046655483,2,2,0,0,1,-1,250.083246075174,12.3675954277046,250.862101432595,12.4074364385373,28.4614247931057,0.779873691008527
1280,36.0831129,140.0791251,0,291.848856,28195.153844,44619.344411,-222.694018,0.000000000,0.000000000,-0.981878003,-0.189514083,2,2,0,0,1,-1,247.348326053169,12.111560598261,248.133189188014,12.2857250955914,28.2850591252988,0.803954857295512
1281,36.0831222,140.0790964,0,259.668904,28192.565582,44620.368076,-222.689775,0.000000000,0.000000000,-0.995938716,0.090033738,2,2,0,0,1,-1,244.76634563632,13.1468318628721,245.604599177345,13.039525190944,27.7153748110646,0.845093912462347
1282,36.0831189,140.079074,0,290.401547,28190.549245,44619.995488,-222.678258,0.000000000,0.000000000,-0.984193217,-0.177098027,2,2,0,0,1,-1,242.751141408099,12.7794775429162,243.658565580781,13.0709676550965,27.8868826031556,0.953092395660361
1283,36.0831241,140.0790567,0,267.023851,28188.989219,44620.567501,-222.675386,0.000000000,0.000000000,-0.999662752,0.025968880,2,2,0,0,1,-1,241.194756000462,13.3583388954781,242.017290068549,13.3234130306216,27.3827351582493,0.823275232957135
1284,36.0831231,140.0790329,0,281.472667,28186.845966,44620.449714,-222.665097,0.000000000,0.000000000,-0.994992387,-0.099950733,2,2,0,0,1,-1,239.053601507817,13.2470194049659,239.862745021644,13.2954343379867,27.2224713904091,0.810590668406877
1285,36.0831262,140.079014,0,271.508086,28185.142582,44620.788259,-222.659955,0.000000000,0.000000000,-0.999913401,-0.013160153,2,2,0,0,1,-1,237.353272941934,13.5921098257119,238.272000492458,13.5257995485645,26.9194738859657,0.921117454480471
1286,36.0831264,140.0790046,0,281.600449,28184.295875,44620.807753,-222.656354,0.000000000,0.000000000,-0.994880313,-0.101060195,2,2,0,0,1,-1,236.507606881169,13.6143737241308,237.328001974396,13.5664214735495,26.8388576619592,0.821795307438178
1287,36.08313,140.0789829,0,252.116970,28182.340122,44621.200973,-222.650482,0.000000000,0.000000000,-0.987847507,0.155426195,2,2,0,0,1,-1,234.555377786438,14.0151238909239,235.592631373501,13.9522419666146,26.6107524721049,1.03915789958926
1288,36.0831191,140.0789411,0,270.945200,28178.579185,44619.979548,-222.625311,0.000000000,0.000000000,-0.999965982,-0.008248333,2,2,0,0,1,-1,230.794862752666,12.801741441335,231.627203958136,13.0143163507587,26.44941655188,0.859057608336006
1289,36.0831192,140.0789336,0,279.558925,28177.903642,44619.988492,-222.622392,0.000000000,0.000000000,-0.996522789,-0.083320648,2,2,0,0,1,-1,230.120129195993,12.8128733905445,230.975854933672,13.0453153670824,26.393554651963,0.886733224021455
1290,36.0831215,140.0789167,0,269.630759,28176.380679,44620.238846,-222.617429,0.000000000,0.000000000,-0.999994809,0.003222230,2,2,0,0,1,-1,228.599729578556,13.0689082191972,229.370980512156,13.1511330219555,26.0690704825876,0.775621635056561
1291,36.0831214,140.0788975,0,290.305413,28174.651416,44620.222243,-222.609682,0.000000000,0.000000000,-0.984341443,-0.176272298,2,2,0,0,1,-1,226.872411666826,13.0577762699877,227.671865669208,13.0626792514185,25.7967044233625,0.799469037018944
1292,36.0831307,140.0788664,0,267.048605,28171.846995,44621.245226,-222.604489,0.000000000,0.000000000,-0.999668338,0.025752933,2,2,0,0,1,-1,224.074516511331,14.0930475345989,224.877517795658,14.2213470860512,25.6062792155334,0.813186225617438
1293,36.0831301,140.078852,0,287.966708,28170.550235,44621.174522,-222.598271,0.000000000,0.000000000,-0.987733747,-0.156147508,2,2,0,0,1,-1,222.779028079451,14.0262558401333,223.508702851858,14.1395577254037,25.4423935926059,0.738418980453245
1294,36.0831377,140.078823,0,265.836975,28167.935563,44622.009481,-222.592597,0.000000000,0.000000000,-0.999340165,0.036321256,2,2,0,0,1,-1,220.170058321869,14.8722839705573,221.02220835238,14.9846053770859,25.1516629907834,0.859520664593559
1295,36.0831369,140.0788094,0,280.115827,28166.710929,44621.916815,-222.586545,0.000000000,0.000000000,-0.996106094,-0.088162633,2,2,0,0,1,-1,218.946541467834,14.783228377673,219.771561631317,14.9948313962704,25.1112371071196,0.851724196928413
1296,36.08314,140.0787879,0,263.372791,28164.773369,44622.254618,-222.580369,0.000000000,0.000000000,-0.998328120,0.057801075,2,2,0,0,1,-1,217.012305266925,15.12831879921,218.11046811299,15.2480255735048,24.8085527408791,1.10466798101954
1297,36.083138,140.0787666,0,275.866998,28162.855642,44622.026596,-222.570310,0.000000000,0.000000000,-0.998689606,-0.051176850,2,2,0,0,1,-1,215.096061962395,14.9056798173946,215.881962978073,15.3528684275984,24.9099231985028,0.904222350718453
1298,36.0831404,140.0787377,0,273.454169,28160.251832,44622.284609,-222.560637,0.000000000,0.000000000,-0.999545725,-0.030138746,2,2,0,0,1,-1,212.496088651725,15.1728465952567,213.478218248487,15.4368708025655,24.4374891639486,1.0169991774242
1299,36.083141,140.0787254,0,288.153066,28159.143787,44622.347657,-222.556193,0.000000000,0.000000000,-0.987478502,-0.157753633,2,2,0,0,1,-1,211.389525615202,15.2396382897222,212.329715205071,15.6051671662263,24.412702250666,1.00874566886672
1300,36.0831525,140.078682,0,286.712135,28155.230752,44623.611225,-222.547808,0.000000000,0.000000000,-0.989384054,-0.145324445,2,2,0,0,1,-1,207.485067423184,16.5198124337766,208.47924894984,16.924413448001,24.0154008465532,1.07335869524391
1301,36.0831558,140.0786684,0,263.191362,28154.004656,44623.973486,-222.544944,0.000000000,0.000000000,-0.998235355,0.059381621,2,2,0,0,1,-1,206.261550571705,16.8871667537325,207.373559346769,17.1700478516352,23.7589311579387,1.14742547965843
1302,36.0831547,140.078657,0,307.921712,28152.978278,44623.848166,-222.539539,0.000000000,0.000000000,-0.945740780,-0.324922108,2,2,0,0,1,-1,205.235955562494,16.7647153140109,206.240793430964,17.3960881267254,23.9884329577068,1.1867311281608
1303,36.0831649,140.0786408,0,246.354280,28151.515547,44624.975287,-222.541002,0.000000000,0.000000000,-0.978785721,0.204886586,2,2,0,0,1,-1,203.77853107599,17.9001741199248,204.902182140413,18.2468300997395,23.5456838657217,1.17590904534265
1304,36.0831534,140.0786083,0,246.354280,28148.592449,44623.689965,-222.519093,0.000000000,0.000000000,-0.978785721,0.204886586,2,2,0,0,1,-1,200.854685656072,16.6199999758704,201.96611241747,17.3824702720519,23.6243298951713,1.34782432034431
1305,36.0831534,140.0786083,0,289.470307,28148.592449,44623.689965,-222.519093,0.000000000,0.000000000,-0.985599908,-0.169094121,2,2,0,0,1,-1,200.854685656072,16.6199999758704,201.951669903422,17.3563182740726,23.597869538999,1.32118850857914
1306,36.0831536,140.0786076,0,285.374760,28148.529331,44623.711956,-222.518969,0.000000000,0.000000000,-0.991012688,-0.133767908,2,2,0,0,1,-1,200.791710525138,16.6422638734983,201.833647756493,17.1309536121339,23.3421237084446,1.1508478851404
1308,36.0831538,140.0786067,0,280.514798,28148.448199,44623.733889,-222.518766,0.000000000,0.000000000,-0.995793103,-0.091630213,2,2,0,0,1,-1,200.710742497826,16.6645277719171,201.578301800737,16.9768807073574,23.1540330862341,0.922075647842716
1309,36.0831565,140.0785887,0,264.306793,28146.826019,44624.028316,-222.513681,0.000000000,0.000000000,-0.998766073,0.049662167,2,2,0,0,1,-1,199.091381956698,16.9650903974075,200.195499736259,17.467135814465,23.1652966680382,1.21289969574224
1310,36.0831548,140.0785676,0,286.059999,28144.926199,44623.833643,-222.503941,0.000000000,0.000000000,-0.990195063,-0.139691576,2,2,0,0,1,-1,197.19313154599,16.7758472624293,198.088989110848,17.4748017307852,23.1428603922277,1.13626498905357
1311,36.0831605,140.0785431,0,259.705437,28142.717511,44624.459080,-222.498596,0.000000000,0.000000000,-0.995967369,0.089716217,2,2,0,0,1,-1,194.989001922412,17.4103683602473,195.964184520622,18.1144790114269,22.9023951367091,1.2028104210378
1312,36.0831573,140.0785213,0,285.664148,28140.755178,44624.097771,-222.487411,0.000000000,0.000000000,-0.990671712,-0.136270169,2,2,0,0,1,-1,193.02777638077,17.0541459895008,194.020331623627,18.1146452351867,23.0349005358909,1.45252351451595
1313,36.0831636,140.0784935,0,267.925898,28138.249054,44624.788838,-222.481218,0.000000000,0.000000000,-0.999836200,0.018098966,2,2,0,0,1,-1,190.526763991234,17.7554587817843,191.47457728408,18.3653808859988,22.3041674654616,1.12710026674869
1314,36.083163,140.078473,0,283.134037,28136.402883,44624.716392,-222.472574,0.000000000,0.000000000,-0.993438763,-0.114365311,2,2,0,0,1,-1,188.682492264548,17.6886670873188,189.663446445663,18.5982047460662,22.3946935721278,1.33773310422024
1315,36.0831696,140.078438,0,265.955519,28133.248166,44625.438685,-222.463744,0.000000000,0.000000000,-0.999377205,0.035287428,2,2,0,0,1,-1,185.533735659072,18.4233757264396,186.652253350188,19.5460194681538,22.2562183698362,1.58474313254534
1316,36.0831684,140.078417,0,278.592851,28131.357174,44625.299522,-222.454436,0.000000000,0.000000000,-0.997189809,-0.074916515,2,2,0,0,1,-1,183.644481695275,18.2897923375086,184.669975898359,19.3583104949885,21.9865268609037,1.48100284045131
1317,36.0831737,140.0783736,0,277.619237,28127.446353,44625.875168,-222.441249,0.000000000,0.000000000,-0.997790329,-0.066441405,2,2,0,0,1,-1,179.740023503256,18.8797856384889,180.69164817155,20.1209872748932,21.7203832731559,1.56402398048031
1318,36.0831745,140.0783662,0,270.000008,28126.779568,44625.961814,-222.438920,0.000000000,0.000000000,-1.000000000,-0.000000070,2,2,0,0,1,-1,179.074286393495,18.9688412313732,180.05364881143,20.2015442557404,21.6370407457838,1.57439114960318
1319,36.0831745,140.0783397,0,278.529920,28124.392777,44625.954227,-222.428353,0.000000000,0.000000000,-0.997230801,-0.074368871,2,2,0,0,1,-1,176.690227818914,18.9688412313732,177.639604514738,20.3697068892016,21.5352637238056,1.69225905282158
1320,36.0831777,140.0783133,0,263.360203,28122.013853,44626.301732,-222.420315,0.000000000,0.000000000,-0.998321765,0.057910742,2,2,0,0,1,-1,174.315165693801,19.3250636021197,175.312964189788,20.7813915680568,21.3240376183979,1.76535916542922
1321,36.083175,140.0782846,0,280.105311,28119.429876,44625.993931,-222.406775,0.000000000,0.000000000,-0.996114180,-0.088071221,2,2,0,0,1,-1,171.733185276952,19.0245009766293,172.831783458684,20.6570242189109,21.2058029660693,1.96775255087989
1322,36.0831785,140.0782603,0,260.831720,28117.239987,44626.375326,-222.399809,0.000000000,0.000000000,-0.996801040,0.079923004,2,2,0,0,1,-1,169.547048547196,19.4141191942131,170.630501059283,21.07195339211,20.985973112333,1.98047559279674
1323,36.0831761,140.0782419,0,273.878796,28115.583598,44626.103762,-222.390609,0.000000000,0.000000000,-0.999427181,-0.033842417,2,2,0,0,1,-1,167.891702218424,19.146952416351,169.041330999077,21.0616112361883,21.0536663311813,2.23328563548997
1324,36.0831765,140.0782346,0,266.360705,28114.925963,44626.146055,-222.388010,0.000000000,0.000000000,-0.999495730,0.031753502,2,2,0,0,1,-1,167.234961555574,19.1914802131886,168.36888184074,21.1469034288725,21.0202757125176,2.26041039759323
1325,36.0831754,140.0782132,0,278.719638,28112.998908,44626.017878,-222.378626,0.000000000,0.000000000,-0.997106309,-0.076019785,2,2,0,0,1,-1,165.309721801576,19.069028773467,166.299919916575,21.0064990394198,20.7837168362476,2.17584083480377
1326,36.0831813,140.0781656,0,266.998670,28108.709591,44626.658904,-222.364242,0.000000000,0.000000000,-0.999657021,0.026188551,2,2,0,0,1,-1,161.027412818844,19.7258137689128,162.365967927435,21.8571560242631,20.4970055910917,2.51681337968828
1327,36.0831808,140.0781538,0,287.366719,28107.646972,44626.600049,-222.359151,0.000000000,0.000000000,-0.988537776,-0.150973724,2,2,0,0,1,-1,159.965832019432,19.6701540236567,161.067216882595,21.9025160700528,20.4771791822108,2.48927477852366
1328,36.08319,140.0781174,0,270.000003,28104.365238,44627.610440,-222.351799,0.000000000,0.000000000,-1.000000000,-0.000000026,2,2,0,0,1,-1,156.691125149532,20.6942933390585,158.011289921878,23.0991383853346,20.2851286994541,2.74337651858819
1329,36.08319,140.0781077,0,280.142788,28103.491583,44627.607665,-222.347935,0.000000000,0.000000000,-0.996085323,-0.088396993,2,2,0,0,1,-1,155.818469748035,20.6942933390585,157.095691943792,23.2564569118711,20.3437034935307,2.86286197906634
1330,36.0831948,140.0780745,0,269.578011,28100.499632,44628.130762,-222.338439,0.000000000,0.000000000,-0.999993219,0.003682540,2,2,0,0,1,-1,152.831649194626,21.2286268947827,154.302406627717,23.5970852586828,19.815106023436,2.7879602666681
1331,36.0831947,140.0780577,0,280.840813,28098.986532,44628.114861,-222.331669,0.000000000,0.000000000,-0.995528384,-0.094462887,2,2,0,0,1,-1,151.320246024099,21.2174949455732,152.756194532257,23.7110467762153,19.7688821407528,2.87745527335868
1332,36.0831973,140.0780409,0,265.100493,28097.472472,44628.398544,-222.326998,0.000000000,0.000000000,-0.999086090,0.042743239,2,2,0,0,1,-1,149.808842853573,21.5069256218542,151.141822411705,24.3180246214877,19.9175910812952,3.11112714110791
1333,36.083195,140.0780077,0,286.577608,28094.483048,44628.133846,-222.311986,0.000000000,0.000000000,-0.989553978,-0.144162838,2,2,0,0,1,-1,146.822022302721,21.2508907924105,148.089525684433,24.2484247120093,19.7645596720625,3.25450064092754
1334,36.0832033,140.0779732,0,267.408006,28091.372764,44629.044925,-222.304698,0.000000000,0.000000000,-0.999744192,0.022617486,2,2,0,0,1,-1,143.718247934356,22.1748425665094,145.184225517626,25.2149082470015,19.4609143507255,3.37506883135103
1335,36.0832027,140.0779568,0,277.542824,28089.895870,44628.973661,-222.297700,0.000000000,0.000000000,-0.997834412,-0.065776034,2,2,0,0,1,-1,142.242830551473,22.1080508720439,143.651418840893,24.9483651760539,19.0940993879829,3.17041106398754
1336,36.0832056,140.0779297,0,268.091965,28087.454008,44629.287688,-222.289163,0.000000000,0.000000000,-0.999861380,0.016649977,2,2,0,0,1,-1,139.804793295427,22.4308773951621,141.275490051658,25.3119753546399,18.8607429279822,3.23476033129149
1337,36.0832049,140.0779037,0,278.883460,28085.112501,44629.202584,-222.278267,0.000000000,0.000000000,-0.996996611,-0.077445187,2,2,0,0,1,-1,137.465716960515,22.3529537514872,138.944507350469,25.362809911049,18.7240605019682,3.35351384650103
1338,36.0832073,140.0778847,0,266.726850,28083.400364,44629.463449,-222.272568,0.000000000,0.000000000,-0.999592087,0.028559738,2,2,0,0,1,-1,135.756391945163,22.6201205293493,137.163029584086,25.5770633209713,18.4806565012341,3.27446791405259
1339,36.0832062,140.0778609,0,284.142679,28081.257147,44629.334592,-222.262237,0.000000000,0.000000000,-0.992393642,-0.123105077,2,2,0,0,1,-1,133.615237452519,22.4976690896277,134.99369152146,25.389161411852,18.1724009741127,3.20325825834624
1340,36.0832118,140.0778334,0,262.725831,28078.778299,44629.948091,-222.255643,0.000000000,0.000000000,-0.997985878,0.063436476,2,2,0,0,1,-1,131.141214406272,23.1210582382362,132.505598420588,26.0645186457106,17.9502198670381,3.24430314688526
1341,36.0832069,140.0777859,0,259.191770,28074.501833,44629.390824,-222.232927,0.000000000,0.000000000,-0.995555203,0.094179815,2,2,0,0,1,-1,126.867901867894,22.5755927333026,128.384119699978,25.6102185164554,17.5506125528005,3.39232518460498
1342,36.0832015,140.0777509,0,271.941624,28071.351388,44628.781653,-222.214800,0.000000000,0.000000000,-0.999856456,-0.016943055,2,2,0,0,1,-1,123.719145262418,21.9744674831129,125.401214882138,24.9600817340232,17.1396683354513,3.42684266648243
1345,36.0832017,140.0777436,0,283.364342,28070.693824,44628.801758,-222.212050,0.000000000,0.000000000,-0.993206906,-0.116361682,2,2,0,0,1,-1,123.062404599567,21.9967313807407,124.702630855754,25.0105675984228,17.0937494101214,3.43126083510105
1346,36.0832041,140.0777311,0,266.920531,28069.567126,44629.064483,-222.208942,0.000000000,0.000000000,-0.999638931,0.026870202,2,2,0,0,1,-1,121.937848669222,22.2638981586028,123.3736727042,25.3010333979108,16.9939646454769,3.35943166640837
1347,36.0832022,140.0776874,0,263.006437,28065.631850,44628.841178,-222.190076,0.000000000,0.000000000,-0.998138226,0.060992471,2,2,0,0,1,-1,118.006401136471,22.0523911259968,119.369532031622,24.8757433837707,16.3351787409352,3.13519438134101
1348,36.0831976,140.077641,0,253.506720,28061.454350,44628.317519,-222.168040,0.000000000,0.000000000,-0.989659800,0.143434586,2,2,0,0,1,-1,113.832049521784,21.5403214686915,115.392386737927,24.1788391504381,15.6706331080643,3.06535932395727
1349,36.0831909,140.077613,0,281.816862,28058.934839,44627.566107,-222.151693,0.000000000,0.000000000,-0.994687681,-0.102938905,2,2,0,0,1,-1,111.313044235869,20.7944808803613,112.954878313218,23.5590409083349,15.5058811220781,3.21533999536834
1350,36.0831944,140.0775923,0,261.270824,28057.069197,44627.948545,-222.146180,0.000000000,0.000000000,-0.997099978,0.076102779,2,2,0,0,1,-1,109.450779615361,21.184099097945,110.927093778221,23.9746210220667,15.3249876308814,3.15697895407391
1351,36.083191,140.0775649,0,282.230582,28054.602554,44627.563464,-222.132638,0.000000000,0.000000000,-0.994309549,-0.106529435,2,2,0,0,1,-1,106.985753016025,20.8056128295707,108.822412406565,23.6181035719789,15.0647101800751,3.35908051302573
1352,36.0831934,140.0775512,0,249.102226,28053.367776,44627.825849,-222.129055,0.000000000,0.000000000,-0.983417087,0.181358301,2,2,0,0,1,-1,105.753239715079,21.0727796074328,107.69143898176,23.7211635164482,14.7636046208215,3.28185217931814
1353,36.083188,140.0775337,0,192.407416,28051.793511,44627.221682,-222.117898,0.000000000,0.000000000,-0.779378515,0.626553374,2,2,0,0,1,-1,104.178861413619,20.471654357243,105.736020984198,22.7848313922461,14.2446818403091,2.78846443827286
1354,36.083152,140.0775239,0,199.472144,28050.923637,44623.224423,-222.086017,0.000000000,0.000000000,-0.816501233,0.577343690,2,2,0,0,1,-1,103.297209562654,16.4641526885205,104.991686012726,18.7517801625092,14.1018656852817,2.84683857982826
1355,36.0831184,140.0775092,0,192.395610,28049.611578,44619.492061,-222.054056,0.000000000,0.000000000,-0.779313959,0.626633667,2,2,0,0,1,-1,101.974731787484,12.7238177976601,103.061088185785,15.2324981578751,14.1436064385749,2.73379724446729
1356,36.0830831,140.0774996,0,185.453496,28048.759467,44615.572529,-222.022803,0.000000000,0.000000000,-0.739945204,0.672667150,2,2,0,0,1,-1,101.111072832898,8.79423977261252,102.218301227985,11.2833656378812,14.018448909841,2.72428014198936
1357,36.0830467,140.0774953,0,185.602840,28048.385105,44611.532457,-221.992806,0.000000000,0.000000000,-0.740821244,0.671702229,2,2,0,0,1,-1,100.724225592716,4.74221030784331,101.910759471318,7.2084177079896,13.9653376142277,2.73679403419511
1358,36.0830121,140.0774911,0,179.203986,28048.019110,44607.692137,-221.964250,0.000000000,0.000000000,-0.702177820,0.712001622,2,2,0,0,1,-1,100.346374802002,0.890555926470669,101.061920193146,3.20123597850051,13.7397502716292,2.4189352016199
1359,36.0829772,140.0774917,0,187.630041,28048.085547,44603.819901,-221.937372,0.000000000,0.000000000,-0.752587563,0.658492187,2,2,0,0,1,-1,100.400353486025,-2.99449430253022,101.155845197584,-0.805349978924118,13.6528203384574,2.31584122854118
1360,36.0829404,140.0774856,0,189.878158,28047.549204,44599.734932,-221.906356,0.000000000,0.000000000,-0.765360552,0.643601760,2,2,0,0,1,-1,99.8515701912186,-7.09105156334613,100.525141410534,-4.8263104318358,13.693461063629,2.36278449720775
1361,36.0829042,140.0774778,0,177.648953,28046.859532,44595.716052,-221.875133,0.000000000,0.000000000,-0.692451443,0.721464482,2,2,0,0,1,-1,99.1498472912563,-11.1208171296965,99.7800687940805,-8.84984794103777,13.6651284779104,2.35679447522676
1362,36.0828668,140.0774797,0,186.585774,28047.043944,44591.566794,-221.846837,0.000000000,0.000000000,-0.746555591,0.665323041,2,2,0,0,1,-1,99.3207797927914,-15.2841660857689,99.7949056186886,-12.9078321839051,13.8230341974574,2.42317108598016
1363,36.0828304,140.0774745,0,182.018258,28046.588519,44587.526465,-221.816498,0.000000000,0.000000000,-0.719450472,0.694543748,2,2,0,0,1,-1,98.8529645252975,-19.3361955505381,99.3033979236923,-16.97053151113,13.8312124653135,2.40816456948817
1364,36.082796,140.077473,0,183.934618,28046.465635,44583.709107,-221.789185,0.000000000,0.000000000,-0.730964458,0.682415534,2,2,0,0,1,-1,98.718017813963,-23.1655860334919,99.3432895920452,-20.9841143569652,13.7724763494887,2.26931343625212
1365,36.0827584,140.0774698,0,187.950223,28046.190771,44579.536201,-221.758714,0.000000000,0.000000000,-0.754424526,0.656386803,2,2,0,0,1,-1,98.4301314949152,-27.3511988879832,99.0098572908657,-25.08374525603,13.9239809504202,2.34039055961777
1366,36.0827231,140.0774637,0,176.593482,28045.653893,44575.617669,-221.728879,0.000000000,0.000000000,-0.685776956,0.727811766,2,2,0,0,1,-1,97.8813482001092,-31.2807769130308,98.5503797766017,-29.0574741402556,13.9738583043606,2.32178346746069
1367,36.0826878,140.0774663,0,181.696532,28045.900607,44571.701620,-221.702505,0.000000000,0.000000000,-0.717497646,0.696560930,2,2,0,0,1,-1,98.1152558351347,-35.2103549380783,98.731900301834,-33.1005909008833,14.0110290750342,2.19803427883931
1368,36.0826496,140.0774649,0,185.526312,28045.788078,44567.462653,-221.672291,0.000000000,0.000000000,-0.740372494,0.672196824,2,2,0,0,1,-1,97.989305570711,-39.4627594862441,98.512141600126,-37.2154799998083,14.2482629643635,2.30729768426393
1369,36.0826354,140.0774632,0,168.577609,28045.640006,44565.886575,-221.660592,0.000000000,0.000000000,-0.633229653,0.773963957,2,2,0,0,1,-1,97.8363659629977,-41.0434962549979,98.4830891888323,-38.6528104538022,14.4757804431099,2.47661654901857
1370,36.082635,140.0774633,0,168.577609,28045.649154,44565.842221,-221.660321,0.000000000,0.000000000,-0.633229653,0.773963957,2,2,0,0,1,-1,97.8453624124656,-41.0880240518356,98.3781685959762,-38.6498045745135,14.475769514548,2.49575572698534
